{
	"Buildings": [
		{
            "cityID":"0021",
			"id":"002100001",
			"name":"智造局",
			"longitude":"116.362551",
			"latitude":"39.958951", 
			"address":"沪汰路",
			"status":"0"
		},
        {
            "cityID":"0021",
            "id":"002100002",
            "name":"金钟广场",
            "longitude":"116.362551",
            "latitude":"39.958951",
            "address":"淮海中路",
            "status":"0"
        },
        {
            "cityID":"0021",
            "id":"002100004",
            "name":"誉德",
            "longitude":"116.362551",
            "latitude":"39.958951",
            "address":"蒙自路",
            "status":"0"
        },
        {
            "cityID":"0021",
            "id":"002188888",
            "name":"Demo",
            "longitude":"116.362551",
            "latitude":"39.958951",
            "address":"",
            "status":"0"
        },
        {
            "cityID":"0021",
            "id":"002199999",
            "name":"宿舍",
            "longitude":"116.362551",
            "latitude":"39.958951",
            "address":"成山路",
            "status":"0"
        }
	]
}