{"displayFieldName":"","fieldAliases":{"OBJECTID":"OBJECTID","UILZ":"GEO_ID","POI_ID":"POI_ID","BUILDING_ID":"B","FLOOR_ID":"FLOOR_ID","NAME":"NAME","CATEGORY_ID":"CATEGORY_ID","FLOOR":"FLOOR","COLOR":"COLOR","ORIG_FID":"ORIG_FID"},"geometryType":"esriGeometryPoint","spatialReference":{"wkid":3395,"latestWkid":3395},"fields":[{"name":"OBJECTID","type":"esriFieldTypeOID","alias":"OBJECTID"},{"name":"UILZ","type":"esriFieldTypeString","alias":"GEO_ID","length":50},{"name":"POI_ID","type":"esriFieldTypeString","alias":"POI_ID","length":50},{"name":"BUILDING_ID","type":"esriFieldTypeString","alias":"B","length":50},{"name":"FLOOR_ID","type":"esriFieldTypeString","alias":"FLOOR_ID","length":50},{"name":"NAME","type":"esriFieldTypeString","alias":"NAME","length":50},{"name":"CATEGORY_ID","type":"esriFieldTypeSmallInteger","alias":"CATEGORY_ID"},{"name":"FLOOR","type":"esriFieldTypeSmallInteger","alias":"FLOOR"},{"name":"COLOR","type":"esriFieldTypeSmallInteger","alias":"COLOR"},{"name":"ORIG_FID","type":"esriFieldTypeInteger","alias":"ORIG_FID"}],"features":[{"attributes":{"OBJECTID":1,"UILZ":"002199999F0510001","POI_ID":"002199999F0510001","BUILDING_ID":"002199999","FLOOR_ID":"002199999F05","NAME":"卫生间","CATEGORY_ID":1,"FLOOR":5,"COLOR":1,"ORIG_FID":1},"geometry":{"x":0.75,"y":1.1000000014901161}},{"attributes":{"OBJECTID":2,"UILZ":"002199999F0510002","POI_ID":"002199999F0510002","BUILDING_ID":"002199999","FLOOR_ID":"002199999F05","NAME":"厨房","CATEGORY_ID":1,"FLOOR":5,"COLOR":1,"ORIG_FID":2},"geometry":{"x":2.3999999985098839,"y":1.1000000014901161}},{"attributes":{"OBJECTID":3,"UILZ":"002199999F0510003","POI_ID":"002199999F0510003","BUILDING_ID":"002199999","FLOOR_ID":"002199999F05","NAME":"客厅","CATEGORY_ID":2,"FLOOR":5,"COLOR":2,"ORIG_FID":3},"geometry":{"x":1.9699999988079071,"y":3.9032999984920025}},{"attributes":{"OBJECTID":4,"UILZ":"002199999F0510004","POI_ID":"002199999F0510004","BUILDING_ID":"002199999","FLOOR_ID":"002199999F05","NAME":"小卧室","CATEGORY_ID":1,"FLOOR":5,"COLOR":1,"ORIG_FID":4},"geometry":{"x":1.1999999992549419,"y":5.6999999992549419}},{"attributes":{"OBJECTID":5,"UILZ":"002199999F0510005","POI_ID":"002199999F0510005","BUILDING_ID":"002199999","FLOOR_ID":"002199999F05","NAME":"大卧室","CATEGORY_ID":1,"FLOOR":5,"COLOR":1,"ORIG_FID":5},"geometry":{"x":1.6433000005781651,"y":8.872299998998642}}]}