{"displayFieldName":"","fieldAliases":{"OBJECTID":"OBJECTID","UILZ":"GEO_ID","POI_ID":"POI_ID","BUILDING_ID":"B","FLOOR_ID":"FLOOR_ID","NAME":"NAME","CATEGORY_ID":"CATEGORY_ID","FLOOR":"FLOOR","COLOR":"COLOR"},"geometryType":"esriGeometryPoint","spatialReference":{"wkid":3395,"latestWkid":3395},"fields":[{"name":"OBJECTID","type":"esriFieldTypeOID","alias":"OBJECTID"},{"name":"UILZ","type":"esriFieldTypeString","alias":"GEO_ID","length":50},{"name":"POI_ID","type":"esriFieldTypeString","alias":"POI_ID","length":50},{"name":"BUILDING_ID","type":"esriFieldTypeString","alias":"B","length":50},{"name":"FLOOR_ID","type":"esriFieldTypeString","alias":"FLOOR_ID","length":50},{"name":"NAME","type":"esriFieldTypeString","alias":"NAME","length":50},{"name":"CATEGORY_ID","type":"esriFieldTypeSmallInteger","alias":"CATEGORY_ID"},{"name":"FLOOR","type":"esriFieldTypeSmallInteger","alias":"FLOOR"},{"name":"COLOR","type":"esriFieldTypeSmallInteger","alias":"COLOR"}],"features":[{"attributes":{"OBJECTID":5,"UILZ":"002199999F0530005","POI_ID":"002199999F0530005","BUILDING_ID":"002199999","FLOOR_ID":"002199999F05","NAME":" 门","CATEGORY_ID":2,"FLOOR":5,"COLOR":2},"geometry":{"x":2.9145999997854233,"y":7.1000000014901161}},{"attributes":{"OBJECTID":6,"UILZ":"002199999F0530006","POI_ID":"002199999F0530006","BUILDING_ID":"002199999","FLOOR_ID":"002199999F05","NAME":"窗","CATEGORY_ID":1,"FLOOR":5,"COLOR":1},"geometry":{"x":2.0256000012159348,"y":10.800000000745058}},{"attributes":{"OBJECTID":7,"UILZ":"002199999F0530007","POI_ID":"002199999F0530007","BUILDING_ID":"002199999","FLOOR_ID":"002199999F05","NAME":"窗","CATEGORY_ID":1,"FLOOR":5,"COLOR":1},"geometry":{"x":0.35940000042319298,"y":10.459399998188019}},{"attributes":{"OBJECTID":8,"UILZ":"002199999F0530008","POI_ID":"002199999F0530008","BUILDING_ID":"002199999","FLOOR_ID":"002199999F05","NAME":"窗","CATEGORY_ID":1,"FLOOR":5,"COLOR":1},"geometry":{"x":2.9648999981582165,"y":10.360700000077486}},{"attributes":{"OBJECTID":9,"UILZ":"002199999F0530009","POI_ID":"002199999F0530009","BUILDING_ID":"002199999","FLOOR_ID":"002199999F05","NAME":"门","CATEGORY_ID":2,"FLOOR":5,"COLOR":2},"geometry":{"x":2.3999999985098839,"y":4.8350000008940697}},{"attributes":{"OBJECTID":10,"UILZ":"002199999F0530010","POI_ID":"002199999F0530010","BUILDING_ID":"002199999","FLOOR_ID":"002199999F05","NAME":"门","CATEGORY_ID":2,"FLOOR":5,"COLOR":2},"geometry":{"x":3.3000000007450581,"y":2.6970999985933304}},{"attributes":{"OBJECTID":11,"UILZ":"002199999F0530011","POI_ID":"002199999F0530011","BUILDING_ID":"002199999","FLOOR_ID":"002199999F05","NAME":"门","CATEGORY_ID":2,"FLOOR":5,"COLOR":2},"geometry":{"x":2.0467000007629395,"y":2.1999999992549419}},{"attributes":{"OBJECTID":12,"UILZ":"002199999F0530012","POI_ID":"002199999F0530012","BUILDING_ID":"002199999","FLOOR_ID":"002199999F05","NAME":"门","CATEGORY_ID":2,"FLOOR":5,"COLOR":2},"geometry":{"x":1.0731000006198883,"y":2.1999999992549419}},{"attributes":{"OBJECTID":13,"UILZ":"002199999F0530013","POI_ID":"002199999F0530013","BUILDING_ID":"002199999","FLOOR_ID":"002199999F05","NAME":"窗","CATEGORY_ID":1,"FLOOR":5,"COLOR":1},"geometry":{"x":0.98840000107884407,"y":0}},{"attributes":{"OBJECTID":14,"UILZ":"002199999F0530014","POI_ID":"002199999F0530014","BUILDING_ID":"002199999","FLOOR_ID":"002199999F05","NAME":"窗","CATEGORY_ID":1,"FLOOR":5,"COLOR":1},"geometry":{"x":2.3854000009596348,"y":0}},{"attributes":{"OBJECTID":15,"UILZ":"002199999F0530015","POI_ID":"002199999F0530015","BUILDING_ID":"002199999","FLOOR_ID":"002199999F05","NAME":"窗","CATEGORY_ID":1,"FLOOR":5,"COLOR":1},"geometry":{"x":0.89840000122785568,"y":4.3000000007450581}}]}