{"displayFieldName":"","fieldAliases":{"OBJECTID":"OBJECTID","UILZ":"GEO_ID","POI_ID":"POI_ID","BUILDING_ID":"B","FLOOR_ID":"FLOOR_ID","NAME":"NAME","CATEGORY_ID":"CATEGORY_ID","FLOOR":"FLOOR","COLOR":"COLOR","SHAPE_Length":"SHAPE_Length","SHAPE_Area":"SHAPE_Area"},"geometryType":"esriGeometryPolygon","spatialReference":{"wkid":3395,"latestWkid":3395},"fields":[{"name":"OBJECTID","type":"esriFieldTypeOID","alias":"OBJECTID"},{"name":"UILZ","type":"esriFieldTypeString","alias":"GEO_ID","length":50},{"name":"POI_ID","type":"esriFieldTypeString","alias":"POI_ID","length":50},{"name":"BUILDING_ID","type":"esriFieldTypeString","alias":"B","length":50},{"name":"FLOOR_ID","type":"esriFieldTypeString","alias":"FLOOR_ID","length":50},{"name":"NAME","type":"esriFieldTypeString","alias":"NAME","length":50},{"name":"CATEGORY_ID","type":"esriFieldTypeSmallInteger","alias":"CATEGORY_ID"},{"name":"FLOOR","type":"esriFieldTypeSmallInteger","alias":"FLOOR"},{"name":"COLOR","type":"esriFieldTypeSmallInteger","alias":"COLOR"},{"name":"SHAPE_Length","type":"esriFieldTypeDouble","alias":"SHAPE_Length"},{"name":"SHAPE_Area","type":"esriFieldTypeDouble","alias":"SHAPE_Area"}],"features":[{"attributes":{"OBJECTID":1,"UILZ":"002199999F0510001","POI_ID":"002199999F0510001","BUILDING_ID":"002199999","FLOOR_ID":"002199999F05","NAME":"卫生间","CATEGORY_ID":1,"FLOOR":5,"COLOR":1,"SHAPE_Length":7.3999999985098839,"SHAPE_Area":3.2999999988824129},"geometry":{"rings":[[[0,2.1999999992549419],[1.5,2.1999999992549419],[1.5,0],[0,0],[0,2.1999999992549419]]]}},{"attributes":{"OBJECTID":2,"UILZ":"002199999F0510002","POI_ID":"002199999F0510002","BUILDING_ID":"002199999","FLOOR_ID":"002199999F05","NAME":"厨房","CATEGORY_ID":1,"FLOOR":5,"COLOR":1,"SHAPE_Length":8,"SHAPE_Area":3.9600000002980233},"geometry":{"rings":[[[1.5,2.1999999992549419],[3.3000000007450581,2.1999999992549419],[3.3000000007450581,0],[1.5,0],[1.5,2.1999999992549419]]]}},{"attributes":{"OBJECTID":3,"UILZ":"002199999F0510003","POI_ID":"002199999F0510003","BUILDING_ID":"002199999","FLOOR_ID":"002199999F05","NAME":"客厅","CATEGORY_ID":2,"FLOOR":5,"COLOR":2,"SHAPE_Length":16.400000005960464,"SHAPE_Area":9.4500000134110458},"geometry":{"rings":[[[0,4.3000000007450581],[2.3999999985098839,4.3000000007450581],[2.3999999985098839,7.1000000014901161],[3.3000000007450581,7.1000000014901161],[3.3000000007450581,2.1999999992549419],[0,2.1999999992549419],[0,4.3000000007450581]]]}},{"attributes":{"OBJECTID":4,"UILZ":"002199999F0510004","POI_ID":"002199999F0510004","BUILDING_ID":"002199999","FLOOR_ID":"002199999F05","NAME":"小卧室","CATEGORY_ID":1,"FLOOR":5,"COLOR":1,"SHAPE_Length":10.399999998509884,"SHAPE_Area":6.7199999976158145},"geometry":{"rings":[[[0,7.1000000014901161],[2.3999999985098839,7.1000000014901161],[2.3999999985098839,4.3000000007450581],[0,4.3000000007450581],[0,7.1000000014901161]]]}},{"attributes":{"OBJECTID":5,"UILZ":"002199999F0510005","POI_ID":"002199999F0510005","BUILDING_ID":"002199999","FLOOR_ID":"002199999F05","NAME":"大卧室","CATEGORY_ID":1,"FLOOR":5,"COLOR":1,"SHAPE_Length":13.130124919013552,"SHAPE_Area":11.650000000372529},"geometry":{"rings":[[[0,7.1000000014901161],[0,10.100000001490116],[0.69999999925494194,10.800000000745058],[2.3999999985098839,10.800000000745058],[3.3000000007450581,10.100000001490116],[3.3000000007450581,7.1000000014901161],[0,7.1000000014901161]]]}}]}