{"displayFieldName":"","fieldAliases":{"OBJECTID":"OBJECTID","GEO_ID":"GEO_ID","POI_ID":"POI_ID","BUILDING_ID":"BUILDING_ID","FLOOR_ID":"FLOOR_ID","NAME":"NAME","CATEGORY_ID":"CATEGORY_ID","FLOOR":"FLOOR","COLOR":"COLOR","SHAPE_Length":"SHAPE_Length","SHAPE_Area":"SHAPE_Area"},"geometryType":"esriGeometryPolygon","spatialReference":{"wkid":3395,"latestWkid":3395},"fields":[{"name":"OBJECTID","type":"esriFieldTypeOID","alias":"OBJECTID"},{"name":"GEO_ID","type":"esriFieldTypeString","alias":"GEO_ID","length":50},{"name":"POI_ID","type":"esriFieldTypeString","alias":"POI_ID","length":50},{"name":"BUILDING_ID","type":"esriFieldTypeString","alias":"BUILDING_ID","length":50},{"name":"FLOOR_ID","type":"esriFieldTypeString","alias":"FLOOR_ID","length":50},{"name":"NAME","type":"esriFieldTypeString","alias":"NAME","length":50},{"name":"CATEGORY_ID","type":"esriFieldTypeSmallInteger","alias":"CATEGORY_ID"},{"name":"FLOOR","type":"esriFieldTypeSmallInteger","alias":"FLOOR"},{"name":"COLOR","type":"esriFieldTypeSmallInteger","alias":"COLOR"},{"name":"SHAPE_Length","type":"esriFieldTypeDouble","alias":"SHAPE_Length"},{"name":"SHAPE_Area","type":"esriFieldTypeDouble","alias":"SHAPE_Area"}],"features":[{"attributes":{"OBJECTID":1,"GEO_ID":"002199999F0500001","POI_ID":"002199999F0500001","BUILDING_ID":"002199999","FLOOR_ID":"002199999F05","NAME":"5楼","CATEGORY_ID":10000,"FLOOR":5,"COLOR":1,"SHAPE_Length":27.330124921993782,"SHAPE_Area":35.080000010579823},"geometry":{"rings":[[[3.3000000007450581,0],[0,0],[0,10.100000001490116],[0.69999999925494194,10.800000000745058],[2.3999999985098839,10.800000000745058],[3.3000000007450581,10.100000001490116],[3.3000000007450581,0]]]}}]}