{"displayFieldName":"","fieldAliases":{"OBJECTID":"OBJECTID","GEO_ID":"GEO_ID","BUILDING_ID":"BUILDING_ID","FLOOR_ID":"FLOOR_ID","POI_ID":"POI_ID","NAME":"NAME","CATEGORY_ID":"CATEGORY_ID","FLOOR":"FLOOR","COLOR":"COLOR","ROOMNUM":"ROOMNUM","ORIG_FID":"ORIG_FID"},"geometryType":"esriGeometryPoint","spatialReference":{"wkid":3395,"latestWkid":3395,"vcsWkid":115700,"latestVcsWkid":115700},"fields":[{"name":"OBJECTID","type":"esriFieldTypeOID","alias":"OBJECTID"},{"name":"GEO_ID","type":"esriFieldTypeString","alias":"GEO_ID","length":50},{"name":"BUILDING_ID","type":"esriFieldTypeString","alias":"BUILDING_ID","length":50},{"name":"FLOOR_ID","type":"esriFieldTypeString","alias":"FLOOR_ID","length":50},{"name":"POI_ID","type":"esriFieldTypeString","alias":"POI_ID","length":50},{"name":"NAME","type":"esriFieldTypeString","alias":"NAME","length":50},{"name":"CATEGORY_ID","type":"esriFieldTypeSmallInteger","alias":"CATEGORY_ID"},{"name":"FLOOR","type":"esriFieldTypeSmallInteger","alias":"FLOOR"},{"name":"COLOR","type":"esriFieldTypeSmallInteger","alias":"COLOR"},{"name":"ROOMNUM","type":"esriFieldTypeString","alias":"ROOMNUM","length":50},{"name":"ORIG_FID","type":"esriFieldTypeInteger","alias":"ORIG_FID"}],"features":[{"attributes":{"OBJECTID":1,"GEO_ID":"002100004F0340001","BUILDING_ID":"002100004","FLOOR_ID":"002100004F03","POI_ID":"002100004F0340001","NAME":"邢总办公室","CATEGORY_ID":27001,"FLOOR":3,"COLOR":1,"ROOMNUM":null,"ORIG_FID":709},"geometry":{"x":7.8634999990463257,"y":-2.6688000001013279}},{"attributes":{"OBJECTID":2,"GEO_ID":"002100004F0340015","BUILDING_ID":"002100004","FLOOR_ID":"002100004F03","POI_ID":"002100004F0340015","NAME":"电梯","CATEGORY_ID":25136,"FLOOR":3,"COLOR":2,"ROOMNUM":null,"ORIG_FID":710},"geometry":{"x":-10.198499999940395,"y":-3.671399999409914}},{"attributes":{"OBJECTID":3,"GEO_ID":"002100004F0340021","BUILDING_ID":"002100004","FLOOR_ID":"002100004F03","POI_ID":"002100004F0340021","NAME":"","CATEGORY_ID":27001,"FLOOR":3,"COLOR":1,"ROOMNUM":null,"ORIG_FID":711},"geometry":{"x":5.2930000014603138,"y":-6.9646000005304813}},{"attributes":{"OBJECTID":4,"GEO_ID":"002100004F0340011","BUILDING_ID":"002100004","FLOOR_ID":"002100004F03","POI_ID":"002100004F0340011","NAME":"会议室","CATEGORY_ID":15035,"FLOOR":3,"COLOR":1,"ROOMNUM":null,"ORIG_FID":712},"geometry":{"x":-6.9065999984741211,"y":-7.1380000002682209}},{"attributes":{"OBJECTID":5,"GEO_ID":"002100004F0340010","BUILDING_ID":"002100004","FLOOR_ID":"002100004F03","POI_ID":"002100004F0340010","NAME":"蒋总办公室","CATEGORY_ID":27001,"FLOOR":3,"COLOR":1,"ROOMNUM":null,"ORIG_FID":713},"geometry":{"x":-2.8792000003159046,"y":-2.5040999986231327}},{"attributes":{"OBJECTID":6,"GEO_ID":"002100004F0340002","BUILDING_ID":"002100004","FLOOR_ID":"002100004F03","POI_ID":"002100004F0340002","NAME":"屋顶花园","CATEGORY_ID":25009,"FLOOR":3,"COLOR":2,"ROOMNUM":null,"ORIG_FID":714},"geometry":{"x":-2.8792000003159046,"y":-6.9646000005304813}},{"attributes":{"OBJECTID":7,"GEO_ID":"002100004F0340019","BUILDING_ID":"002100004","FLOOR_ID":"002100004F03","POI_ID":"002100004F0340019","NAME":"财务总监办公室","CATEGORY_ID":27001,"FLOOR":3,"COLOR":1,"ROOMNUM":null,"ORIG_FID":715},"geometry":{"x":1.2230000011622906,"y":-6.9646000005304813}},{"attributes":{"OBJECTID":8,"GEO_ID":"002100004F0340003","BUILDING_ID":"002100004","FLOOR_ID":"002100004F03","POI_ID":"002100004F0340003","NAME":"屋顶花园","CATEGORY_ID":25009,"FLOOR":3,"COLOR":2,"ROOMNUM":null,"ORIG_FID":716},"geometry":{"x":9.378600001335144,"y":-6.9646000005304813}},{"attributes":{"OBJECTID":9,"GEO_ID":"002100004F0340014","BUILDING_ID":"002100004","FLOOR_ID":"002100004F03","POI_ID":"002100004F0340014","NAME":"董事长助理办公室","CATEGORY_ID":27001,"FLOOR":3,"COLOR":1,"ROOMNUM":null,"ORIG_FID":717},"geometry":{"x":9.4950000010430813,"y":5.2340000011026859}},{"attributes":{"OBJECTID":10,"GEO_ID":"002100004F0340018","BUILDING_ID":"002100004","FLOOR_ID":"002100004F03","POI_ID":"002100004F0340018","NAME":"程总办公室","CATEGORY_ID":27001,"FLOOR":3,"COLOR":1,"ROOMNUM":null,"ORIG_FID":718},"geometry":{"x":-2.8792000003159046,"y":5.2340000011026859}},{"attributes":{"OBJECTID":11,"GEO_ID":"002100004F0340012","BUILDING_ID":"002100004","FLOOR_ID":"002100004F03","POI_ID":"002100004F0340012","NAME":"行政办公室","CATEGORY_ID":27001,"FLOOR":3,"COLOR":1,"ROOMNUM":null,"ORIG_FID":719},"geometry":{"x":1.2230000011622906,"y":5.2340000011026859}},{"attributes":{"OBJECTID":12,"GEO_ID":"002100004F0340013","BUILDING_ID":"002100004","FLOOR_ID":"002100004F03","POI_ID":"002100004F0340013","NAME":"法务办公室","CATEGORY_ID":27001,"FLOOR":3,"COLOR":1,"ROOMNUM":null,"ORIG_FID":720},"geometry":{"x":5.3610999993979931,"y":5.2340000011026859}},{"attributes":{"OBJECTID":13,"GEO_ID":"002100004F0340022","BUILDING_ID":"002100004","FLOOR_ID":"002100004F03","POI_ID":"002100004F0340022","NAME":"","CATEGORY_ID":27001,"FLOOR":3,"COLOR":1,"ROOMNUM":null,"ORIG_FID":721},"geometry":{"x":13.026500001549721,"y":6.0872999988496304}},{"attributes":{"OBJECTID":14,"GEO_ID":"002100004F0340007","BUILDING_ID":"002100004","FLOOR_ID":"002100004F03","POI_ID":"002100004F0340007","NAME":"男洗手间","CATEGORY_ID":25118,"FLOOR":3,"COLOR":2,"ROOMNUM":null,"ORIG_FID":722},"geometry":{"x":15.731699999421835,"y":5.9736000001430511}},{"attributes":{"OBJECTID":15,"GEO_ID":"002100004F0340020","BUILDING_ID":"002100004","FLOOR_ID":"002100004F03","POI_ID":"002100004F0340020","NAME":"财务室","CATEGORY_ID":27001,"FLOOR":3,"COLOR":1,"ROOMNUM":null,"ORIG_FID":723},"geometry":{"x":1.5260000005364418,"y":-2.5040999986231327}},{"attributes":{"OBJECTID":16,"GEO_ID":"002100004F0340008","BUILDING_ID":"002100004","FLOOR_ID":"002100004F03","POI_ID":"002100004F0340008","NAME":"楼梯","CATEGORY_ID":25134,"FLOOR":3,"COLOR":2,"ROOMNUM":null,"ORIG_FID":724},"geometry":{"x":12.909299999475479,"y":-2.6583999991416931}},{"attributes":{"OBJECTID":17,"GEO_ID":"002100004F0340009","BUILDING_ID":"002100004","FLOOR_ID":"002100004F03","POI_ID":"002100004F0340009","NAME":"楼梯","CATEGORY_ID":25134,"FLOOR":3,"COLOR":2,"ROOMNUM":null,"ORIG_FID":725},"geometry":{"x":-6.8762000016868114,"y":6.2694999985396862}},{"attributes":{"OBJECTID":18,"GEO_ID":"002100004F0340005","BUILDING_ID":"002100004","FLOOR_ID":"002100004F03","POI_ID":"002100004F0340005","NAME":"配电室","CATEGORY_ID":27001,"FLOOR":3,"COLOR":1,"ROOMNUM":null,"ORIG_FID":726},"geometry":{"x":12.346200000494719,"y":3.4013999998569489}},{"attributes":{"OBJECTID":19,"GEO_ID":"002100004F0340017","BUILDING_ID":"002100004","FLOOR_ID":"002100004F03","POI_ID":"002100004F0340017","NAME":"储物室","CATEGORY_ID":27001,"FLOOR":3,"COLOR":1,"ROOMNUM":null,"ORIG_FID":727},"geometry":{"x":4.8927999995648861,"y":-0.51839999854564667}},{"attributes":{"OBJECTID":20,"GEO_ID":"002100004F0340016","BUILDING_ID":"002100004","FLOOR_ID":"002100004F03","POI_ID":"002100004F0340016","NAME":"档案室","CATEGORY_ID":27001,"FLOOR":3,"COLOR":1,"ROOMNUM":null,"ORIG_FID":728},"geometry":{"x":13.966600000858307,"y":-0.24069999903440475}},{"attributes":{"OBJECTID":21,"GEO_ID":"002100004F0340006","BUILDING_ID":"002100004","FLOOR_ID":"002100004F03","POI_ID":"002100004F0340006","NAME":"女洗手间","CATEGORY_ID":25118,"FLOOR":3,"COLOR":2,"ROOMNUM":null,"ORIG_FID":729},"geometry":{"x":15.191599998623133,"y":1.0637000016868114}},{"attributes":{"OBJECTID":22,"GEO_ID":"002100004F0340004","BUILDING_ID":"002100004","FLOOR_ID":"002100004F03","POI_ID":"002100004F0340004","NAME":"三楼办公区","CATEGORY_ID":2103,"FLOOR":3,"COLOR":0,"ROOMNUM":null,"ORIG_FID":731},"geometry":{"x":-3.8651000000536442,"y":1.0333000011742115}}]}