{"displayFieldName":"","fieldAliases":{"OBJECTID":"OBJECTID","GEO_ID":"GEO_ID","BUILDING_ID":"BUILDING_ID","FLOOR_ID":"FLOOR_ID","POI_ID":"POI_ID","NAME":"NAME","CATEGORY_ID":"CATEGORY_ID","COLOR":"COLOR","FLOOR_INDEX":"FLOOR_INDEX","FLOOR_NAME":"FLOOR_NAME"},"geometryType":"esriGeometryPoint","spatialReference":{"wkid":3395,"latestWkid":3395,"vcsWkid":115700,"latestVcsWkid":115700},"fields":[{"name":"OBJECTID","type":"esriFieldTypeOID","alias":"OBJECTID"},{"name":"GEO_ID","type":"esriFieldTypeString","alias":"GEO_ID","length":50},{"name":"BUILDING_ID","type":"esriFieldTypeString","alias":"BUILDING_ID","length":50},{"name":"FLOOR_ID","type":"esriFieldTypeString","alias":"FLOOR_ID","length":50},{"name":"POI_ID","type":"esriFieldTypeString","alias":"POI_ID","length":50},{"name":"NAME","type":"esriFieldTypeString","alias":"NAME","length":50},{"name":"CATEGORY_ID","type":"esriFieldTypeSmallInteger","alias":"CATEGORY_ID"},{"name":"COLOR","type":"esriFieldTypeSmallInteger","alias":"COLOR"},{"name":"FLOOR_INDEX","type":"esriFieldTypeSmallInteger","alias":"FLOOR_INDEX"},{"name":"FLOOR_NAME","type":"esriFieldTypeString","alias":"FLOOR_NAME","length":50}],"features":[{"attributes":{"OBJECTID":1,"GEO_ID":"002100004F0120001","BUILDING_ID":"002100004","FLOOR_ID":"002100004F01","POI_ID":"002100004F0120001","NAME":null,"CATEGORY_ID":25146,"COLOR":25146,"FLOOR_INDEX":1,"FLOOR_NAME":"F1"},"geometry":{"x":-13.404899999499321,"y":-4.4287000000476837}},{"attributes":{"OBJECTID":2,"GEO_ID":"002100004F0120002","BUILDING_ID":"002100004","FLOOR_ID":"002100004F01","POI_ID":"002100004F0120002","NAME":null,"CATEGORY_ID":25140,"COLOR":25140,"FLOOR_INDEX":1,"FLOOR_NAME":"F1"},"geometry":{"x":-14.011500000953674,"y":1.0084999985992908}},{"attributes":{"OBJECTID":3,"GEO_ID":"002100004F0120003","BUILDING_ID":"002100004","FLOOR_ID":"002100004F01","POI_ID":"002100004F0120003","NAME":null,"CATEGORY_ID":25146,"COLOR":25146,"FLOOR_INDEX":1,"FLOOR_NAME":"F1"},"geometry":{"x":-7.124600000679493,"y":5.3601000010967255}},{"attributes":{"OBJECTID":5,"GEO_ID":"002100004F0120004","BUILDING_ID":"002100004","FLOOR_ID":"002100004F01","POI_ID":"002100004F0120004","NAME":null,"CATEGORY_ID":25146,"COLOR":25146,"FLOOR_INDEX":1,"FLOOR_NAME":"F1"},"geometry":{"x":11.418699998408556,"y":-6.2939999997615814}},{"attributes":{"OBJECTID":6,"GEO_ID":"002100004F0120005","BUILDING_ID":"002100004","FLOOR_ID":"002100004F01","POI_ID":"002100004F0120005","NAME":null,"CATEGORY_ID":25146,"COLOR":25146,"FLOOR_INDEX":1,"FLOOR_NAME":"F1"},"geometry":{"x":11.814300000667572,"y":-5.2501999996602535}},{"attributes":{"OBJECTID":7,"GEO_ID":"002100004F0120006","BUILDING_ID":"002100004","FLOOR_ID":"002100004F01","POI_ID":"002100004F0120006","NAME":null,"CATEGORY_ID":25146,"COLOR":25146,"FLOOR_INDEX":1,"FLOOR_NAME":"F1"},"geometry":{"x":13.801500000059605,"y":1.3781999982893467}},{"attributes":{"OBJECTID":8,"GEO_ID":"002100004F0120007","BUILDING_ID":"002100004","FLOOR_ID":"002100004F01","POI_ID":"002100004F0120007","NAME":null,"CATEGORY_ID":25146,"COLOR":25146,"FLOOR_INDEX":1,"FLOOR_NAME":"F1"},"geometry":{"x":13.064899999648333,"y":2.3975999988615513}},{"attributes":{"OBJECTID":9,"GEO_ID":"002100004F0120008","BUILDING_ID":"002100004","FLOOR_ID":"002100004F01","POI_ID":"002100004F0120008","NAME":null,"CATEGORY_ID":25146,"COLOR":25146,"FLOOR_INDEX":1,"FLOOR_NAME":"F1"},"geometry":{"x":15.054999999701977,"y":2.8696000017225742}},{"attributes":{"OBJECTID":10,"GEO_ID":"002100004F0120009","BUILDING_ID":"002100004","FLOOR_ID":"002100004F01","POI_ID":"002100004F0120009","NAME":null,"CATEGORY_ID":25146,"COLOR":25146,"FLOOR_INDEX":1,"FLOOR_NAME":"F1"},"geometry":{"x":15.054999999701977,"y":3.6015000008046627}},{"attributes":{"OBJECTID":11,"GEO_ID":"002100004F0120010","BUILDING_ID":"002100004","FLOOR_ID":"002100004F01","POI_ID":"002100004F0120010","NAME":null,"CATEGORY_ID":25146,"COLOR":25146,"FLOOR_INDEX":1,"FLOOR_NAME":"F1"},"geometry":{"x":12.181600000709295,"y":5.8836999982595444}},{"attributes":{"OBJECTID":12,"GEO_ID":"002100004F0120011","BUILDING_ID":"002100004","FLOOR_ID":"002100004F01","POI_ID":"002100004F0120011","NAME":null,"CATEGORY_ID":25146,"COLOR":25146,"FLOOR_INDEX":1,"FLOOR_NAME":"F1"},"geometry":{"x":5.0069999992847443,"y":-4.5980000011622906}},{"attributes":{"OBJECTID":14,"GEO_ID":"002100004F0120012","BUILDING_ID":"002100004","FLOOR_ID":"002100004F01","POI_ID":"002100004F0120012","NAME":null,"CATEGORY_ID":25146,"COLOR":25146,"FLOOR_INDEX":1,"FLOOR_NAME":"F1"},"geometry":{"x":4.0071000009775162,"y":-5.2501999996602535}},{"attributes":{"OBJECTID":15,"GEO_ID":"002100004F0120013","BUILDING_ID":"002100004","FLOOR_ID":"002100004F01","POI_ID":"002100004F0120013","NAME":null,"CATEGORY_ID":25146,"COLOR":25146,"FLOOR_INDEX":1,"FLOOR_NAME":"F1"},"geometry":{"x":-2.0625,"y":-5.2501999996602535}},{"attributes":{"OBJECTID":16,"GEO_ID":"002100004F0120014","BUILDING_ID":"002100004","FLOOR_ID":"002100004F01","POI_ID":"002100004F0120014","NAME":null,"CATEGORY_ID":25146,"COLOR":25146,"FLOOR_INDEX":1,"FLOOR_NAME":"F1"},"geometry":{"x":-3.3722000010311604,"y":-5.2501999996602535}},{"attributes":{"OBJECTID":17,"GEO_ID":"002100004F0120015","BUILDING_ID":"002100004","FLOOR_ID":"002100004F01","POI_ID":"002100004F0120015","NAME":null,"CATEGORY_ID":25146,"COLOR":25146,"FLOOR_INDEX":1,"FLOOR_NAME":"F1"},"geometry":{"x":-2.8343000002205372,"y":-3.517400000244379}},{"attributes":{"OBJECTID":18,"GEO_ID":"002100004F0120016","BUILDING_ID":"002100004","FLOOR_ID":"002100004F01","POI_ID":"002100004F0120016","NAME":null,"CATEGORY_ID":25146,"COLOR":25146,"FLOOR_INDEX":1,"FLOOR_NAME":"F1"},"geometry":{"x":-0.62480000033974648,"y":5.6479999981820583}},{"attributes":{"OBJECTID":19,"GEO_ID":"002100004F0120017","BUILDING_ID":"002100004","FLOOR_ID":"002100004F01","POI_ID":"002100004F0120017","NAME":null,"CATEGORY_ID":25146,"COLOR":25146,"FLOOR_INDEX":1,"FLOOR_NAME":"F1"},"geometry":{"x":-8.8561000004410744,"y":-3.6920999996364117}},{"attributes":{"OBJECTID":20,"GEO_ID":"002100004F0120018","BUILDING_ID":"002100004","FLOOR_ID":"002100004F01","POI_ID":"002100004F0120018","NAME":"楼梯","CATEGORY_ID":25134,"COLOR":25134,"FLOOR_INDEX":1,"FLOOR_NAME":"F1"},"geometry":{"x":-7.1292999982833862,"y":6.3689999990165234}},{"attributes":{"OBJECTID":21,"GEO_ID":"002100004F0120019","BUILDING_ID":"002100004","FLOOR_ID":"002100004F01","POI_ID":"002100004F0120019","NAME":"楼梯","CATEGORY_ID":25134,"COLOR":25134,"FLOOR_INDEX":1,"FLOOR_NAME":"F1"},"geometry":{"x":12.745000001043081,"y":-2.1506000012159348}},{"attributes":{"OBJECTID":22,"GEO_ID":"002100004F0120020","BUILDING_ID":"002100004","FLOOR_ID":"002100004F01","POI_ID":"002100004F0120020","NAME":"电梯","CATEGORY_ID":25136,"COLOR":25136,"FLOOR_INDEX":1,"FLOOR_NAME":"F1"},"geometry":{"x":-10.394099999219179,"y":-3.6920999996364117}},{"attributes":{"OBJECTID":23,"GEO_ID":"002100004F0120021","BUILDING_ID":"002100004","FLOOR_ID":"002100004F01","POI_ID":"002100004F0120021","NAME":"女洗手间","CATEGORY_ID":25133,"COLOR":25133,"FLOOR_INDEX":1,"FLOOR_NAME":"F1"},"geometry":{"x":12.927200000733137,"y":6.8889000006020069}},{"attributes":{"OBJECTID":24,"GEO_ID":"002100004F0120022","BUILDING_ID":"002100004","FLOOR_ID":"002100004F01","POI_ID":"002100004F0120022","NAME":"男洗手间","CATEGORY_ID":25075,"COLOR":25075,"FLOOR_INDEX":1,"FLOOR_NAME":"F1"},"geometry":{"x":15.784699998795986,"y":5.9893000014126301}}]}