{"displayFieldName":"","fieldAliases":{"OBJECTID":"OBJECTID","PEO_ID":"PEO_ID","SHAPE_Length":"SHAPE_Length","SHAPE_Area":"SHAPE_Area","BUILDING_ID":"BUILDING_ID","FLOOR_ID":"FLOOR_ID","POI_ID":"POI_ID","NAME":"NAME","CATEGORY_ID":"CATEGORY_ID","COLOR":"COLOR","ADDRESS":"ADDRESS","FLOOR_INDEX":"FLOOR_INDEX","FLOOR_NAME":"FLOOR_NAME"},"geometryType":"esriGeometryPolygon","spatialReference":{"wkid":3395,"latestWkid":3395,"vcsWkid":115700,"latestVcsWkid":115700},"fields":[{"name":"OBJECTID","type":"esriFieldTypeOID","alias":"OBJECTID"},{"name":"PEO_ID","type":"esriFieldTypeString","alias":"PEO_ID","length":50},{"name":"SHAPE_Length","type":"esriFieldTypeDouble","alias":"SHAPE_Length"},{"name":"SHAPE_Area","type":"esriFieldTypeDouble","alias":"SHAPE_Area"},{"name":"BUILDING_ID","type":"esriFieldTypeString","alias":"BUILDING_ID","length":50},{"name":"FLOOR_ID","type":"esriFieldTypeString","alias":"FLOOR_ID","length":50},{"name":"POI_ID","type":"esriFieldTypeString","alias":"POI_ID","length":50},{"name":"NAME","type":"esriFieldTypeString","alias":"NAME","length":50},{"name":"CATEGORY_ID","type":"esriFieldTypeSmallInteger","alias":"CATEGORY_ID"},{"name":"COLOR","type":"esriFieldTypeSmallInteger","alias":"COLOR"},{"name":"ADDRESS","type":"esriFieldTypeString","alias":"ADDRESS","length":50},{"name":"FLOOR_INDEX","type":"esriFieldTypeSmallInteger","alias":"FLOOR_INDEX"},{"name":"FLOOR_NAME","type":"esriFieldTypeString","alias":"FLOOR_NAME","length":50}],"features":[{"attributes":{"OBJECTID":13,"PEO_ID":"002100004F0200001","SHAPE_Length":95.951361324609735,"SHAPE_Area":444.53674870109336,"BUILDING_ID":"002100004","FLOOR_ID":"002100004F02","POI_ID":"002100004F0200001","NAME":"上海誉德动力技术集团","CATEGORY_ID":2103,"COLOR":0,"ADDRESS":"西康路538号","FLOOR_INDEX":2,"FLOOR_NAME":"F2"},"geometry":{"rings":[[[-14.011500000953674,4.9737999998033047],[-8.8561000004410744,4.9737999998033047],[-8.8561000004410744,7.9199000000953674],[17.353900000452995,7.9199000000953674],[15.450899999588728,-0.72989999875426292],[14.537900000810623,-0.72989999875426292],[14.537900000810623,-5.2501000016927719],[11.418699998408556,-5.2501000016927719],[11.418699998408556,-8.6724999994039536],[-4.9571000002324581,-8.6724999994039536],[-4.9571000002324581,-9.0192999988794327],[-8.8561000004410744,-9.0192999988794327],[-8.8561000004410744,-4.906700000166893],[-11.545699998736382,-4.906700000166893],[-11.545699998736382,-5.425500001758337],[-13.391600001603365,-5.425500001758337],[-13.391600001603365,-1.1510000005364418],[-14.012200001627207,-1.1510000005364418],[-14.011500000953674,4.9737999998033047]]]}}]}