{"displayFieldName":"","fieldAliases":{"OBJECTID":"OBJECTID","GEO_ID":"GEO_ID","BUILDING_ID":"BUILDING_ID","FLOOR_ID":"FLOOR_ID","POI_ID":"POI_ID","NAME":"NAME","CATEGORY_ID":"CATEGORY_ID","COLOR":"COLOR","FLOOR_INDEX":"FLOOR_INDEX","FLOOR_NAME":"FLOOR_NAME"},"geometryType":"esriGeometryPoint","spatialReference":{"wkid":3395,"latestWkid":3395,"vcsWkid":115700,"latestVcsWkid":115700},"fields":[{"name":"OBJECTID","type":"esriFieldTypeOID","alias":"OBJECTID"},{"name":"GEO_ID","type":"esriFieldTypeString","alias":"GEO_ID","length":50},{"name":"BUILDING_ID","type":"esriFieldTypeString","alias":"BUILDING_ID","length":50},{"name":"FLOOR_ID","type":"esriFieldTypeString","alias":"FLOOR_ID","length":50},{"name":"POI_ID","type":"esriFieldTypeString","alias":"POI_ID","length":50},{"name":"NAME","type":"esriFieldTypeString","alias":"NAME","length":50},{"name":"CATEGORY_ID","type":"esriFieldTypeSmallInteger","alias":"CATEGORY_ID"},{"name":"COLOR","type":"esriFieldTypeSmallInteger","alias":"COLOR"},{"name":"FLOOR_INDEX","type":"esriFieldTypeSmallInteger","alias":"FLOOR_INDEX"},{"name":"FLOOR_NAME","type":"esriFieldTypeString","alias":"FLOOR_NAME","length":50}],"features":[{"attributes":{"OBJECTID":20,"GEO_ID":"002100004F0320001","BUILDING_ID":"002100004","FLOOR_ID":"002100004F03","POI_ID":"002100004F0320001","NAME":"楼梯","CATEGORY_ID":25134,"COLOR":25134,"FLOOR_INDEX":3,"FLOOR_NAME":"F3"},"geometry":{"x":-7.1292999982833862,"y":6.3689999990165234}},{"attributes":{"OBJECTID":21,"GEO_ID":"002100004F0320002","BUILDING_ID":"002100004","FLOOR_ID":"002100004F03","POI_ID":"002100004F0320002","NAME":"楼梯","CATEGORY_ID":25134,"COLOR":25134,"FLOOR_INDEX":3,"FLOOR_NAME":"F3"},"geometry":{"x":12.745000001043081,"y":-2.1506000012159348}},{"attributes":{"OBJECTID":22,"GEO_ID":"002100004F0320003","BUILDING_ID":"002100004","FLOOR_ID":"002100004F03","POI_ID":"002100004F0320003","NAME":"电梯","CATEGORY_ID":25136,"COLOR":25136,"FLOOR_INDEX":3,"FLOOR_NAME":"F3"},"geometry":{"x":-10.394099999219179,"y":-3.6920999996364117}},{"attributes":{"OBJECTID":27,"GEO_ID":"002100004F0320004","BUILDING_ID":"002100004","FLOOR_ID":"002100004F03","POI_ID":"002100004F0320004","NAME":null,"CATEGORY_ID":25146,"COLOR":25146,"FLOOR_INDEX":3,"FLOOR_NAME":"F3"},"geometry":{"x":0.066300000995397568,"y":2.5480999983847141}},{"attributes":{"OBJECTID":28,"GEO_ID":"002100004F0320005","BUILDING_ID":"002100004","FLOOR_ID":"002100004F03","POI_ID":"002100004F0320005","NAME":null,"CATEGORY_ID":25146,"COLOR":25146,"FLOOR_INDEX":3,"FLOOR_NAME":"F3"},"geometry":{"x":0.10599999874830246,"y":0.24859999865293503}},{"attributes":{"OBJECTID":29,"GEO_ID":"002100004F0320006","BUILDING_ID":"002100004","FLOOR_ID":"002100004F03","POI_ID":"002100004F0320006","NAME":null,"CATEGORY_ID":25146,"COLOR":25146,"FLOOR_INDEX":3,"FLOOR_NAME":"F3"},"geometry":{"x":-4.0214999988675117,"y":2.5480999983847141}},{"attributes":{"OBJECTID":30,"GEO_ID":"002100004F0320007","BUILDING_ID":"002100004","FLOOR_ID":"002100004F03","POI_ID":"002100004F0320007","NAME":null,"CATEGORY_ID":25146,"COLOR":25146,"FLOOR_INDEX":3,"FLOOR_NAME":"F3"},"geometry":{"x":-4.140599999576807,"y":0.24859999865293503}},{"attributes":{"OBJECTID":31,"GEO_ID":"002100004F0320008","BUILDING_ID":"002100004","FLOOR_ID":"002100004F03","POI_ID":"002100004F0320008","NAME":null,"CATEGORY_ID":25146,"COLOR":25146,"FLOOR_INDEX":3,"FLOOR_NAME":"F3"},"geometry":{"x":3.9769000001251698,"y":2.5480999983847141}},{"attributes":{"OBJECTID":32,"GEO_ID":"002100004F0320009","BUILDING_ID":"002100004","FLOOR_ID":"002100004F03","POI_ID":"002100004F0320009","NAME":null,"CATEGORY_ID":25146,"COLOR":25146,"FLOOR_INDEX":3,"FLOOR_NAME":"F3"},"geometry":{"x":5.9323000013828278,"y":-0.51839999854564667}},{"attributes":{"OBJECTID":33,"GEO_ID":"002100004F0320010","BUILDING_ID":"002100004","FLOOR_ID":"002100004F03","POI_ID":"002100004F0320010","NAME":null,"CATEGORY_ID":25146,"COLOR":25146,"FLOOR_INDEX":3,"FLOOR_NAME":"F3"},"geometry":{"x":7.1519000008702278,"y":0.24859999865293503}},{"attributes":{"OBJECTID":34,"GEO_ID":"002100004F0320011","BUILDING_ID":"002100004","FLOOR_ID":"002100004F03","POI_ID":"002100004F0320011","NAME":null,"CATEGORY_ID":25146,"COLOR":25146,"FLOOR_INDEX":3,"FLOOR_NAME":"F3"},"geometry":{"x":5.2930000014603138,"y":-5.2567999996244907}},{"attributes":{"OBJECTID":35,"GEO_ID":"002100004F0320012","BUILDING_ID":"002100004","FLOOR_ID":"002100004F03","POI_ID":"002100004F0320012","NAME":null,"CATEGORY_ID":25146,"COLOR":25146,"FLOOR_INDEX":3,"FLOOR_NAME":"F3"},"geometry":{"x":1.5260000005364418,"y":-5.2567999996244907}},{"attributes":{"OBJECTID":36,"GEO_ID":"002100004F0320013","BUILDING_ID":"002100004","FLOOR_ID":"002100004F03","POI_ID":"002100004F0320013","NAME":null,"CATEGORY_ID":25146,"COLOR":25146,"FLOOR_INDEX":3,"FLOOR_NAME":"F3"},"geometry":{"x":-4.0003000013530254,"y":-5.2567999996244907}},{"attributes":{"OBJECTID":37,"GEO_ID":"002100004F0320014","BUILDING_ID":"002100004","FLOOR_ID":"002100004F03","POI_ID":"002100004F0320014","NAME":null,"CATEGORY_ID":25146,"COLOR":25146,"FLOOR_INDEX":3,"FLOOR_NAME":"F3"},"geometry":{"x":-6.9065999984741211,"y":-5.2567999996244907}},{"attributes":{"OBJECTID":38,"GEO_ID":"002100004F0320015","BUILDING_ID":"002100004","FLOOR_ID":"002100004F03","POI_ID":"002100004F0320015","NAME":null,"CATEGORY_ID":25146,"COLOR":25146,"FLOOR_INDEX":3,"FLOOR_NAME":"F3"},"geometry":{"x":7.3385999985039234,"y":-6.0533000007271767}},{"attributes":{"OBJECTID":39,"GEO_ID":"002100004F0320016","BUILDING_ID":"002100004","FLOOR_ID":"002100004F03","POI_ID":"002100004F0320016","NAME":null,"CATEGORY_ID":25146,"COLOR":25146,"FLOOR_INDEX":3,"FLOOR_NAME":"F3"},"geometry":{"x":11.96510000154376,"y":0.24859999865293503}},{"attributes":{"OBJECTID":40,"GEO_ID":"002100004F0320017","BUILDING_ID":"002100004","FLOOR_ID":"002100004F03","POI_ID":"002100004F0320017","NAME":null,"CATEGORY_ID":25146,"COLOR":25146,"FLOOR_INDEX":3,"FLOOR_NAME":"F3"},"geometry":{"x":13.966600000858307,"y":0.24859999865293503}},{"attributes":{"OBJECTID":41,"GEO_ID":"002100004F0320018","BUILDING_ID":"002100004","FLOOR_ID":"002100004F03","POI_ID":"002100004F0320018","NAME":null,"CATEGORY_ID":25146,"COLOR":25146,"FLOOR_INDEX":3,"FLOOR_NAME":"F3"},"geometry":{"x":15.060699999332428,"y":3.7580000013113022}},{"attributes":{"OBJECTID":42,"GEO_ID":"002100004F0320019","BUILDING_ID":"002100004","FLOOR_ID":"002100004F03","POI_ID":"002100004F0320019","NAME":null,"CATEGORY_ID":25146,"COLOR":25146,"FLOOR_INDEX":3,"FLOOR_NAME":"F3"},"geometry":{"x":15.100400000810623,"y":2.5480999983847141}},{"attributes":{"OBJECTID":43,"GEO_ID":"002100004F0320020","BUILDING_ID":"002100004","FLOOR_ID":"002100004F03","POI_ID":"002100004F0320020","NAME":null,"CATEGORY_ID":25146,"COLOR":25146,"FLOOR_INDEX":3,"FLOOR_NAME":"F3"},"geometry":{"x":8.2038000002503395,"y":2.5480999983847141}},{"attributes":{"OBJECTID":44,"GEO_ID":"002100004F0320021","BUILDING_ID":"002100004","FLOOR_ID":"002100004F03","POI_ID":"002100004F0320021","NAME":null,"CATEGORY_ID":25146,"COLOR":25146,"FLOOR_INDEX":3,"FLOOR_NAME":"F3"},"geometry":{"x":13.857599999755621,"y":4.2547000013291836}},{"attributes":{"OBJECTID":45,"GEO_ID":"002100004F0320022","BUILDING_ID":"002100004","FLOOR_ID":"002100004F03","POI_ID":"002100004F0320022","NAME":null,"CATEGORY_ID":25146,"COLOR":25146,"FLOOR_INDEX":3,"FLOOR_NAME":"F3"},"geometry":{"x":13.177299998700619,"y":3.4013999998569489}},{"attributes":{"OBJECTID":46,"GEO_ID":"002100004F0320023","BUILDING_ID":"002100004","FLOOR_ID":"002100004F03","POI_ID":"002100004F0320023","NAME":null,"CATEGORY_ID":25146,"COLOR":25146,"FLOOR_INDEX":3,"FLOOR_NAME":"F3"},"geometry":{"x":-8.8561000004410744,"y":-4.1926999986171722}},{"attributes":{"OBJECTID":47,"GEO_ID":"002100004F0320024","BUILDING_ID":"002100004","FLOOR_ID":"002100004F03","POI_ID":"002100004F0320024","NAME":null,"CATEGORY_ID":25146,"COLOR":25146,"FLOOR_INDEX":3,"FLOOR_NAME":"F3"},"geometry":{"x":-6.9123999997973442,"y":5.0177999995648861}},{"attributes":{"OBJECTID":48,"GEO_ID":"002100004F0320025","BUILDING_ID":"002100004","FLOOR_ID":"002100004F03","POI_ID":"002100004F0320025","NAME":"男洗手间","CATEGORY_ID":25075,"COLOR":25075,"FLOOR_INDEX":3,"FLOOR_NAME":"F3"},"geometry":{"x":15.823800001293421,"y":6.139299999922514}},{"attributes":{"OBJECTID":49,"GEO_ID":"002100004F0320026","BUILDING_ID":"002100004","FLOOR_ID":"002100004F03","POI_ID":"002100004F0320026","NAME":"女洗手间","CATEGORY_ID":25133,"COLOR":25133,"FLOOR_INDEX":3,"FLOOR_NAME":"F3"},"geometry":{"x":15.188799999654293,"y":0.97989999875426292}}]}