{"displayFieldName":"","fieldAliases":{"OBJECTID":"OBJECTID","GEO_ID":"GEO_ID","BUILDING_ID":"BUILDING_ID","FLOOR_ID":"FLOOR_ID","POI_ID":"POI_ID","NAME":"NAME","CATEGORY_ID":"CATEGORY_ID","FLOOR":"FLOOR","COLOR":"COLOR","ROOMNUM":"ROOMNUM","ORIG_FID":"ORIG_FID"},"geometryType":"esriGeometryPoint","spatialReference":{"wkid":3395,"latestWkid":3395,"vcsWkid":115700,"latestVcsWkid":115700},"fields":[{"name":"OBJECTID","type":"esriFieldTypeOID","alias":"OBJECTID"},{"name":"GEO_ID","type":"esriFieldTypeString","alias":"GEO_ID","length":50},{"name":"BUILDING_ID","type":"esriFieldTypeString","alias":"BUILDING_ID","length":50},{"name":"FLOOR_ID","type":"esriFieldTypeString","alias":"FLOOR_ID","length":50},{"name":"POI_ID","type":"esriFieldTypeString","alias":"POI_ID","length":50},{"name":"NAME","type":"esriFieldTypeString","alias":"NAME","length":50},{"name":"CATEGORY_ID","type":"esriFieldTypeSmallInteger","alias":"CATEGORY_ID"},{"name":"FLOOR","type":"esriFieldTypeSmallInteger","alias":"FLOOR"},{"name":"COLOR","type":"esriFieldTypeSmallInteger","alias":"COLOR"},{"name":"ROOMNUM","type":"esriFieldTypeString","alias":"ROOMNUM","length":50},{"name":"ORIG_FID","type":"esriFieldTypeInteger","alias":"ORIG_FID"}],"features":[{"attributes":{"OBJECTID":1,"GEO_ID":"002100004F0240001","BUILDING_ID":"002100004","FLOOR_ID":"002100004F02","POI_ID":"002100004F0240001","NAME":"二楼办公区","CATEGORY_ID":2103,"FLOOR":2,"COLOR":0,"ROOMNUM":null,"ORIG_FID":13},"geometry":{"x":-0.038600001484155655,"y":1.1803000010550022}},{"attributes":{"OBJECTID":2,"GEO_ID":"002100004F0240002","BUILDING_ID":"002100004","FLOOR_ID":"002100004F02","POI_ID":"002100004F0240002","NAME":"研发办公室","CATEGORY_ID":27001,"FLOOR":2,"COLOR":1,"ROOMNUM":null,"ORIG_FID":15},"geometry":{"x":9.3735000006854534,"y":-6.9646000005304813}},{"attributes":{"OBJECTID":3,"GEO_ID":"002100004F0240003","BUILDING_ID":"002100004","FLOOR_ID":"002100004F02","POI_ID":"002100004F0240003","NAME":"会议室","CATEGORY_ID":15035,"FLOOR":2,"COLOR":1,"ROOMNUM":null,"ORIG_FID":16},"geometry":{"x":-6.8559999987483025,"y":-7.1336999982595444}},{"attributes":{"OBJECTID":4,"GEO_ID":"002100004F0240004","BUILDING_ID":"002100004","FLOOR_ID":"002100004F02","POI_ID":"002100004F0240004","NAME":null,"CATEGORY_ID":27001,"FLOOR":2,"COLOR":1,"ROOMNUM":null,"ORIG_FID":17},"geometry":{"x":-2.8168999999761581,"y":-6.9646000005304813}},{"attributes":{"OBJECTID":5,"GEO_ID":"002100004F0240005","BUILDING_ID":"002100004","FLOOR_ID":"002100004F02","POI_ID":"002100004F0240005","NAME":"咨询办公室","CATEGORY_ID":27001,"FLOOR":2,"COLOR":1,"ROOMNUM":null,"ORIG_FID":18},"geometry":{"x":1.2412000000476837,"y":-6.9646000005304813}},{"attributes":{"OBJECTID":6,"GEO_ID":"002100004F0240006","BUILDING_ID":"002100004","FLOOR_ID":"002100004F02","POI_ID":"002100004F0240006","NAME":"设计办公室","CATEGORY_ID":27001,"FLOOR":2,"COLOR":1,"ROOMNUM":null,"ORIG_FID":19},"geometry":{"x":5.2991999983787537,"y":-6.9646000005304813}},{"attributes":{"OBJECTID":7,"GEO_ID":"002100004F0240007","BUILDING_ID":"002100004","FLOOR_ID":"002100004F02","POI_ID":"002100004F0240007","NAME":"男洗手间","CATEGORY_ID":25075,"FLOOR":2,"COLOR":2,"ROOMNUM":null,"ORIG_FID":20},"geometry":{"x":15.671399999409914,"y":5.424600001424551}},{"attributes":{"OBJECTID":8,"GEO_ID":"002100004F0240008","BUILDING_ID":"002100004","FLOOR_ID":"002100004F02","POI_ID":"002100004F0240008","NAME":"女洗手间","CATEGORY_ID":25133,"FLOOR":2,"COLOR":2,"ROOMNUM":null,"ORIG_FID":21},"geometry":{"x":12.938200000673532,"y":6.0819000005722046}},{"attributes":{"OBJECTID":9,"GEO_ID":"002100004F0240009","BUILDING_ID":"002100004","FLOOR_ID":"002100004F02","POI_ID":"002100004F0240009","NAME":"配电室","CATEGORY_ID":27001,"FLOOR":2,"COLOR":1,"ROOMNUM":null,"ORIG_FID":22},"geometry":{"x":12.245600000023842,"y":3.3366999998688698}},{"attributes":{"OBJECTID":10,"GEO_ID":"002100004F0240010","BUILDING_ID":"002100004","FLOOR_ID":"002100004F02","POI_ID":"002100004F0240010","NAME":"电梯","CATEGORY_ID":25136,"FLOOR":2,"COLOR":2,"ROOMNUM":null,"ORIG_FID":23},"geometry":{"x":-10.192800000309944,"y":-3.6733000017702579}},{"attributes":{"OBJECTID":11,"GEO_ID":"002100004F0240011","BUILDING_ID":"002100004","FLOOR_ID":"002100004F02","POI_ID":"002100004F0240011","NAME":"楼梯","CATEGORY_ID":25134,"FLOOR":2,"COLOR":2,"ROOMNUM":null,"ORIG_FID":24},"geometry":{"x":-6.9461999982595444,"y":6.3203000016510487}},{"attributes":{"OBJECTID":12,"GEO_ID":"002100004F0240012","BUILDING_ID":"002100004","FLOOR_ID":"002100004F02","POI_ID":"002100004F0240012","NAME":"楼梯","CATEGORY_ID":25134,"FLOOR":2,"COLOR":2,"ROOMNUM":null,"ORIG_FID":25},"geometry":{"x":12.914000000804663,"y":-2.4622999988496304}},{"attributes":{"OBJECTID":13,"GEO_ID":"002100004F0240013","BUILDING_ID":"002100004","FLOOR_ID":"002100004F02","POI_ID":"002100004F0240013","NAME":"档案室","CATEGORY_ID":27001,"FLOOR":2,"COLOR":1,"ROOMNUM":null,"ORIG_FID":26},"geometry":{"x":15.184099998325109,"y":0.99500000104308128}}]}