{"displayFieldName":"","fieldAliases":{"OBJECTID":"OBJECTID","GEO_ID":"GEO_ID","BUILDING_ID":"BUILDING_ID","FLOOR_ID":"FLOOR_ID","POI_ID":"POI_ID","NAME":"NAME","CATEGORY_ID":"CATEGORY_ID","COLOR":"COLOR","FLOOR_INDEX":"FLOOR_INDEX","FLOOR_NAME":"FLOOR_NAME"},"geometryType":"esriGeometryPoint","spatialReference":{"wkid":3395,"latestWkid":3395,"vcsWkid":115700,"latestVcsWkid":115700},"fields":[{"name":"OBJECTID","type":"esriFieldTypeOID","alias":"OBJECTID"},{"name":"GEO_ID","type":"esriFieldTypeString","alias":"GEO_ID","length":50},{"name":"BUILDING_ID","type":"esriFieldTypeString","alias":"BUILDING_ID","length":50},{"name":"FLOOR_ID","type":"esriFieldTypeString","alias":"FLOOR_ID","length":50},{"name":"POI_ID","type":"esriFieldTypeString","alias":"POI_ID","length":50},{"name":"NAME","type":"esriFieldTypeString","alias":"NAME","length":50},{"name":"CATEGORY_ID","type":"esriFieldTypeSmallInteger","alias":"CATEGORY_ID"},{"name":"COLOR","type":"esriFieldTypeSmallInteger","alias":"COLOR"},{"name":"FLOOR_INDEX","type":"esriFieldTypeSmallInteger","alias":"FLOOR_INDEX"},{"name":"FLOOR_NAME","type":"esriFieldTypeString","alias":"FLOOR_NAME","length":50}],"features":[{"attributes":{"OBJECTID":1,"GEO_ID":"002100004F0220001","BUILDING_ID":"002100004","FLOOR_ID":"002100004F02","POI_ID":"002100004F0220001","NAME":null,"CATEGORY_ID":25146,"COLOR":25146,"FLOOR_INDEX":2,"FLOOR_NAME":"F2"},"geometry":{"x":-6.9741000011563301,"y":5.0654999986290932}},{"attributes":{"OBJECTID":2,"GEO_ID":"002100004F0220002","BUILDING_ID":"002100004","FLOOR_ID":"002100004F02","POI_ID":"002100004F0220002","NAME":null,"CATEGORY_ID":25146,"COLOR":25146,"FLOOR_INDEX":2,"FLOOR_NAME":"F2"},"geometry":{"x":-8.8561000004410744,"y":-3.9943999983370304}},{"attributes":{"OBJECTID":3,"GEO_ID":"002100004F0220003","BUILDING_ID":"002100004","FLOOR_ID":"002100004F02","POI_ID":"002100004F0220003","NAME":null,"CATEGORY_ID":25146,"COLOR":25146,"FLOOR_INDEX":2,"FLOOR_NAME":"F2"},"geometry":{"x":-6.8509999997913837,"y":-5.2567999996244907}},{"attributes":{"OBJECTID":4,"GEO_ID":"002100004F0220004","BUILDING_ID":"002100004","FLOOR_ID":"002100004F02","POI_ID":"002100004F0220004","NAME":null,"CATEGORY_ID":25146,"COLOR":25146,"FLOOR_INDEX":2,"FLOOR_NAME":"F2"},"geometry":{"x":-3.4684999994933605,"y":-5.2567999996244907}},{"attributes":{"OBJECTID":5,"GEO_ID":"002100004F0220005","BUILDING_ID":"002100004","FLOOR_ID":"002100004F02","POI_ID":"002100004F0220005","NAME":null,"CATEGORY_ID":25146,"COLOR":25146,"FLOOR_INDEX":2,"FLOOR_NAME":"F2"},"geometry":{"x":0.83100000023841858,"y":-5.2567999996244907}},{"attributes":{"OBJECTID":6,"GEO_ID":"002100004F0220006","BUILDING_ID":"002100004","FLOOR_ID":"002100004F02","POI_ID":"002100004F0220006","NAME":null,"CATEGORY_ID":25146,"COLOR":25146,"FLOOR_INDEX":2,"FLOOR_NAME":"F2"},"geometry":{"x":4.9651000015437603,"y":-5.2567999996244907}},{"attributes":{"OBJECTID":7,"GEO_ID":"002100004F0220007","BUILDING_ID":"002100004","FLOOR_ID":"002100004F02","POI_ID":"002100004F0220007","NAME":null,"CATEGORY_ID":25146,"COLOR":25146,"FLOOR_INDEX":2,"FLOOR_NAME":"F2"},"geometry":{"x":8.8346999995410442,"y":-5.2567999996244907}},{"attributes":{"OBJECTID":8,"GEO_ID":"002100004F0220008","BUILDING_ID":"002100004","FLOOR_ID":"002100004F02","POI_ID":"002100004F0220008","NAME":null,"CATEGORY_ID":25146,"COLOR":25146,"FLOOR_INDEX":2,"FLOOR_NAME":"F2"},"geometry":{"x":11.811200000345707,"y":0.32899999991059303}},{"attributes":{"OBJECTID":9,"GEO_ID":"002100004F0220009","BUILDING_ID":"002100004","FLOOR_ID":"002100004F02","POI_ID":"002100004F0220009","NAME":null,"CATEGORY_ID":25146,"COLOR":25146,"FLOOR_INDEX":2,"FLOOR_NAME":"F2"},"geometry":{"x":14.537900000810623,"y":0.93349999934434891}},{"attributes":{"OBJECTID":10,"GEO_ID":"002100004F0220010","BUILDING_ID":"002100004","FLOOR_ID":"002100004F02","POI_ID":"002100004F0220010","NAME":null,"CATEGORY_ID":25146,"COLOR":25146,"FLOOR_INDEX":2,"FLOOR_NAME":"F2"},"geometry":{"x":14.537900000810623,"y":3.0170999988913536}},{"attributes":{"OBJECTID":11,"GEO_ID":"002100004F0220011","BUILDING_ID":"002100004","FLOOR_ID":"002100004F02","POI_ID":"002100004F0220011","NAME":null,"CATEGORY_ID":25146,"COLOR":25146,"FLOOR_INDEX":2,"FLOOR_NAME":"F2"},"geometry":{"x":13.845300000160933,"y":4.2437999993562698}},{"attributes":{"OBJECTID":12,"GEO_ID":"002100004F0220012","BUILDING_ID":"002100004","FLOOR_ID":"002100004F02","POI_ID":"002100004F0220012","NAME":null,"CATEGORY_ID":25146,"COLOR":25146,"FLOOR_INDEX":2,"FLOOR_NAME":"F2"},"geometry":{"x":13.15260000154376,"y":3.3366999998688698}},{"attributes":{"OBJECTID":14,"GEO_ID":"002100004F0220013","BUILDING_ID":"002100004","FLOOR_ID":"002100004F02","POI_ID":"002100004F0220013","NAME":"楼梯","CATEGORY_ID":25134,"COLOR":25134,"FLOOR_INDEX":2,"FLOOR_NAME":"F2"},"geometry":{"x":-7.1292999982833862,"y":6.3689999990165234}},{"attributes":{"OBJECTID":15,"GEO_ID":"002100004F0220014","BUILDING_ID":"002100004","FLOOR_ID":"002100004F02","POI_ID":"002100004F0220014","NAME":"电梯","CATEGORY_ID":25136,"COLOR":25136,"FLOOR_INDEX":2,"FLOOR_NAME":"F2"},"geometry":{"x":-10.394099999219179,"y":-3.6920999996364117}},{"attributes":{"OBJECTID":16,"GEO_ID":"002100004F0220015","BUILDING_ID":"002100004","FLOOR_ID":"002100004F02","POI_ID":"002100004F0220015","NAME":"楼梯","CATEGORY_ID":25134,"COLOR":25134,"FLOOR_INDEX":2,"FLOOR_NAME":"F2"},"geometry":{"x":12.745000001043081,"y":-2.1506000012159348}},{"attributes":{"OBJECTID":17,"GEO_ID":"002100004F0220016","BUILDING_ID":"002100004","FLOOR_ID":"002100004F02","POI_ID":"002100004F0220016","NAME":"女洗手间","CATEGORY_ID":25133,"COLOR":25133,"FLOOR_INDEX":2,"FLOOR_NAME":"F2"},"geometry":{"x":12.935699999332428,"y":5.987100001424551}},{"attributes":{"OBJECTID":18,"GEO_ID":"002100004F0220017","BUILDING_ID":"002100004","FLOOR_ID":"002100004F02","POI_ID":"002100004F0220017","NAME":"男洗手间","CATEGORY_ID":25075,"COLOR":25075,"FLOOR_INDEX":2,"FLOOR_NAME":"F2"},"geometry":{"x":15.753499999642372,"y":5.5108000002801418}}]}