{"displayFieldName":"","fieldAliases":{"OBJECTID":"OBJECTID","GEO_ID":"GEO_ID","BUILDING_ID":"BUILDING_ID","FLOOR_ID":"FLOOR_ID","POI_ID":"POI_ID","NAME":"NAME","CATEGORY_ID":"CATEGORY_ID","FLOOR":"FLOOR","COLOR":"COLOR","ROOMNUM":"ROOMNUM","ORIG_FID":"ORIG_FID"},"geometryType":"esriGeometryPoint","spatialReference":{"wkid":3395,"latestWkid":3395,"vcsWkid":115700,"latestVcsWkid":115700},"fields":[{"name":"OBJECTID","type":"esriFieldTypeOID","alias":"OBJECTID"},{"name":"GEO_ID","type":"esriFieldTypeString","alias":"GEO_ID","length":50},{"name":"BUILDING_ID","type":"esriFieldTypeString","alias":"BUILDING_ID","length":50},{"name":"FLOOR_ID","type":"esriFieldTypeString","alias":"FLOOR_ID","length":50},{"name":"POI_ID","type":"esriFieldTypeString","alias":"POI_ID","length":50},{"name":"NAME","type":"esriFieldTypeString","alias":"NAME","length":50},{"name":"CATEGORY_ID","type":"esriFieldTypeSmallInteger","alias":"CATEGORY_ID"},{"name":"FLOOR","type":"esriFieldTypeSmallInteger","alias":"FLOOR"},{"name":"COLOR","type":"esriFieldTypeSmallInteger","alias":"COLOR"},{"name":"ROOMNUM","type":"esriFieldTypeString","alias":"ROOMNUM","length":50},{"name":"ORIG_FID","type":"esriFieldTypeInteger","alias":"ORIG_FID"}],"features":[{"attributes":{"OBJECTID":1,"GEO_ID":"002100004F0140001","BUILDING_ID":"002100004","FLOOR_ID":"002100004F01","POI_ID":"002100004F0140001","NAME":"待客区","CATEGORY_ID":15036,"FLOOR":1,"COLOR":1,"ROOMNUM":null,"ORIG_FID":398},"geometry":{"x":-15.28940000012517,"y":-4.4703000001609325}},{"attributes":{"OBJECTID":2,"GEO_ID":"002100004F0140002","BUILDING_ID":"002100004","FLOOR_ID":"002100004F01","POI_ID":"002100004F0140002","NAME":"电梯","CATEGORY_ID":25136,"FLOOR":1,"COLOR":2,"ROOMNUM":null,"ORIG_FID":399},"geometry":{"x":-10.199099998921156,"y":-3.6920999996364117}},{"attributes":{"OBJECTID":3,"GEO_ID":"002100004F0140003","BUILDING_ID":"002100004","FLOOR_ID":"002100004F01","POI_ID":"002100004F0140003","NAME":"厨房","CATEGORY_ID":27001,"FLOOR":1,"COLOR":1,"ROOMNUM":null,"ORIG_FID":400},"geometry":{"x":9.3825999982655048,"y":-6.9613999985158443}},{"attributes":{"OBJECTID":4,"GEO_ID":"002100004F0140004","BUILDING_ID":"002100004","FLOOR_ID":"002100004F01","POI_ID":"002100004F0140004","NAME":"电脑机房","CATEGORY_ID":27001,"FLOOR":1,"COLOR":1,"ROOMNUM":null,"ORIG_FID":402},"geometry":{"x":-4.2459999993443489,"y":-7.0065999999642372}},{"attributes":{"OBJECTID":5,"GEO_ID":"002100004F0140005","BUILDING_ID":"002100004","FLOOR_ID":"002100004F01","POI_ID":"002100004F0140005","NAME":null,"CATEGORY_ID":27001,"FLOOR":1,"COLOR":1,"ROOMNUM":null,"ORIG_FID":403},"geometry":{"x":0.10979999974370003,"y":-6.9613999985158443}},{"attributes":{"OBJECTID":6,"GEO_ID":"002100004F0140006","BUILDING_ID":"002100004","FLOOR_ID":"002100004F01","POI_ID":"002100004F0140006","NAME":"会议室","CATEGORY_ID":15035,"FLOOR":1,"COLOR":1,"ROOMNUM":null,"ORIG_FID":406},"geometry":{"x":-2.8341999985277653,"y":0.35999999940395355}},{"attributes":{"OBJECTID":7,"GEO_ID":"002100004F0140007","BUILDING_ID":"002100004","FLOOR_ID":"002100004F01","POI_ID":"002100004F0140007","NAME":"副总经理办公室","CATEGORY_ID":27001,"FLOOR":1,"COLOR":1,"ROOMNUM":null,"ORIG_FID":409},"geometry":{"x":-2.8341999985277653,"y":6.0786999985575676}},{"attributes":{"OBJECTID":8,"GEO_ID":"002100004F0140008","BUILDING_ID":"002100004","FLOOR_ID":"002100004F01","POI_ID":"002100004F0140008","NAME":"男洗手间","CATEGORY_ID":25075,"FLOOR":1,"COLOR":2,"ROOMNUM":null,"ORIG_FID":419},"geometry":{"x":15.724500000476837,"y":5.9068000018596649}},{"attributes":{"OBJECTID":9,"GEO_ID":"002100004F0140009","BUILDING_ID":"002100004","FLOOR_ID":"002100004F01","POI_ID":"002100004F0140009","NAME":"女洗手间","CATEGORY_ID":25133,"FLOOR":1,"COLOR":2,"ROOMNUM":null,"ORIG_FID":421},"geometry":{"x":13.021699998527765,"y":6.9017999991774559}},{"attributes":{"OBJECTID":10,"GEO_ID":"002100004F0140010","BUILDING_ID":"002100004","FLOOR_ID":"002100004F01","POI_ID":"002100004F0140010","NAME":"楼梯","CATEGORY_ID":25134,"FLOOR":1,"COLOR":2,"ROOMNUM":null,"ORIG_FID":442},"geometry":{"x":13.021699998527765,"y":-1.9360000006854534}},{"attributes":{"OBJECTID":11,"GEO_ID":"002100004F0140011","BUILDING_ID":"002100004","FLOOR_ID":"002100004F01","POI_ID":"002100004F0140011","NAME":"会议室设备间","CATEGORY_ID":27001,"FLOOR":1,"COLOR":1,"ROOMNUM":null,"ORIG_FID":443},"geometry":{"x":12.285199999809265,"y":2.9594999998807907}},{"attributes":{"OBJECTID":12,"GEO_ID":"002100004F0140012","BUILDING_ID":"002100004","FLOOR_ID":"002100004F01","POI_ID":"002100004F0140012","NAME":"会议室","CATEGORY_ID":15035,"FLOOR":1,"COLOR":1,"ROOMNUM":null,"ORIG_FID":444},"geometry":{"x":8.2562000006437302,"y":-3.409000001847744}},{"attributes":{"OBJECTID":13,"GEO_ID":"002100004F0140013","BUILDING_ID":"002100004","FLOOR_ID":"002100004F01","POI_ID":"002100004F0140013","NAME":"楼梯","CATEGORY_ID":25134,"FLOOR":1,"COLOR":2,"ROOMNUM":null,"ORIG_FID":463},"geometry":{"x":-7.059799998998642,"y":6.6145999990403652}},{"attributes":{"OBJECTID":14,"GEO_ID":"002100004F0140014","BUILDING_ID":"002100004","FLOOR_ID":"002100004F01","POI_ID":"002100004F0140014","NAME":"IT办公室","CATEGORY_ID":27001,"FLOOR":1,"COLOR":1,"ROOMNUM":null,"ORIG_FID":552},"geometry":{"x":5.1768000014126301,"y":-6.9613999985158443}},{"attributes":{"OBJECTID":15,"GEO_ID":"002100004F0140015","BUILDING_ID":"002100004","FLOOR_ID":"002100004F01","POI_ID":"002100004F0140015","NAME":"储物间","CATEGORY_ID":27001,"FLOOR":1,"COLOR":1,"ROOMNUM":null,"ORIG_FID":575},"geometry":{"x":15.212400000542402,"y":1.2512999996542931}},{"attributes":{"OBJECTID":16,"GEO_ID":"002100004F0140016","BUILDING_ID":"002100004","FLOOR_ID":"002100004F01","POI_ID":"002100004F0140016","NAME":"办公区","CATEGORY_ID":23000,"FLOOR":1,"COLOR":0,"ROOMNUM":null,"ORIG_FID":685},"geometry":{"x":1.808899998664856,"y":1.1917000003159046}},{"attributes":{"OBJECTID":17,"GEO_ID":"002100004F0140017","BUILDING_ID":"002100004","FLOOR_ID":"002100004F01","POI_ID":"002100004F0140017","NAME":"门厅","CATEGORY_ID":23000,"FLOOR":1,"COLOR":0,"ROOMNUM":null,"ORIG_FID":686},"geometry":{"x":-11.523299999535084,"y":0.64389999955892563}}]}