{"displayFieldName":"","fieldAliases":{"OBJECTID":"OBJECTID","SHAPE_Length":"SHAPE_Length","SHAPE_Area":"SHAPE_Area","GEO_ID":"GEO_ID","BUILDING_ID":"BUILDING_ID","FLOOR_ID":"FLOOR_ID","POI_ID":"POI_ID","NAME":"NAME","CATEGORY_ID":"CATEGORY_ID","COLOR":"COLOR","ADDRESS":"ADDRESS","FLOOR_INDEX":"FLOOR_INDEX","FLOOR_NAME":"FLOOR_NAME"},"geometryType":"esriGeometryPolygon","spatialReference":{"wkid":3395,"latestWkid":3395,"vcsWkid":115700,"latestVcsWkid":115700},"fields":[{"name":"OBJECTID","type":"esriFieldTypeOID","alias":"OBJECTID"},{"name":"SHAPE_Length","type":"esriFieldTypeDouble","alias":"SHAPE_Length"},{"name":"SHAPE_Area","type":"esriFieldTypeDouble","alias":"SHAPE_Area"},{"name":"GEO_ID","type":"esriFieldTypeString","alias":"GEO_ID","length":50},{"name":"BUILDING_ID","type":"esriFieldTypeString","alias":"BUILDING_ID","length":50},{"name":"FLOOR_ID","type":"esriFieldTypeString","alias":"FLOOR_ID","length":50},{"name":"POI_ID","type":"esriFieldTypeString","alias":"POI_ID","length":50},{"name":"NAME","type":"esriFieldTypeString","alias":"NAME","length":50},{"name":"CATEGORY_ID","type":"esriFieldTypeSmallInteger","alias":"CATEGORY_ID"},{"name":"COLOR","type":"esriFieldTypeSmallInteger","alias":"COLOR"},{"name":"ADDRESS","type":"esriFieldTypeString","alias":"ADDRESS","length":50},{"name":"FLOOR_INDEX","type":"esriFieldTypeSmallInteger","alias":"FLOOR_INDEX"},{"name":"FLOOR_NAME","type":"esriFieldTypeString","alias":"FLOOR_NAME","length":50}],"features":[{"attributes":{"OBJECTID":14,"SHAPE_Length":107.03645894779885,"SHAPE_Area":469.72910908327077,"GEO_ID":"002100004F0100001","BUILDING_ID":"002100004","FLOOR_ID":"002100004F01","POI_ID":"002100004F0100001","NAME":"上海誉德动力技术集团","CATEGORY_ID":2103,"COLOR":0,"ADDRESS":"西康路538号","FLOOR_INDEX":1,"FLOOR_NAME":"F1"},"geometry":{"rings":[[[-14.011500000953674,4.9739000014960766],[-8.8561000004410744,4.9739000014960766],[-8.8561000004410744,7.9199000000953674],[17.353900000452995,7.9199000000953674],[15.450899999588728,-0.73000000044703484],[14.537999998778105,-0.73000000044703484],[14.537999998778105,-5.2501000016927719],[11.418699998408556,-5.2501000016927719],[11.418699998408556,-8.6726000010967255],[-4.9571000002324581,-8.6726000010967255],[-4.9571000002324581,-9.0192000009119511],[-8.8561000004410744,-9.0192000009119511],[-8.8561000004410744,-4.906700000166893],[-11.545699998736382,-4.906700000166893],[-11.545699998736382,-5.425500001758337],[-13.404899999499321,-5.425500001758337],[-13.404899999499321,-7.8060999996960163],[-17.173900000751019,-7.8060999996960163],[-17.173900000751019,-1.1345000006258488],[-14.011500000953674,-1.1345000006258488],[-14.011500000953674,4.9739000014960766]]]}}]}