{
    "MapInfo": [
                {
                "cityID":"0021",
                "buildingID":"002100004",
                "mapID":"002100004F01",
                "floorName":"F1",
                "floorIndex":"1",
                "size_x":"37.547",
                "size_y":"19.743",
                "initAngle":"10.0",
                "xmax":"19.104",
                "xmin":"-18.443",
                "ymax":"9.316",
                "ymin":" -10.427"
                },
                {
                "cityID":"0021",
                "buildingID":"002100004",
                "mapID":"002100004F02",
                "floorName":"F2",
                "floorIndex":"2",
                "size_x":"34.991",
                "size_y":"19.743",
                "initAngle":"10.0",
                "xmax":"19.104",
                "xmin":"-15.887",
                "ymax":"9.316",
                "ymin":"-10.427"
                },
                {
                "cityID":"0021",
                "buildingID":"002100004",
                "mapID":"002100004F03",
                "floorName":"F3",
                "floorIndex":"3",
                "size_x":"34.991",
                "size_y":"19.743",
                "initAngle":"10.0",
                "xmax":"19.104",
                "xmin":"-15.887",
                "ymax":"9.316",
                "ymin":"-10.427"               
                }


                
                ]

}