{"displayFieldName":"","fieldAliases":{"OBJECTID":"OBJECTID","GEO_ID":"GEO_ID","BUILDING_ID":"BUILDING_ID","FLOOR_ID":"FLOOR_ID","POI_ID":"POI_ID","NAME":"NAME","CATEGORY_ID":"CATEGORY_ID","COLOR":"COLOR","FLOOR_INDEX":"FLOOR_INDEX","FLOOR_NAME":"FLOOR_NAME"},"geometryType":"esriGeometryPoint","spatialReference":{"wkid":3395,"latestWkid":3395},"fields":[{"name":"OBJECTID","type":"esriFieldTypeOID","alias":"OBJECTID"},{"name":"GEO_ID","type":"esriFieldTypeString","alias":"GEO_ID","length":50},{"name":"BUILDING_ID","type":"esriFieldTypeString","alias":"BUILDING_ID","length":50},{"name":"FLOOR_ID","type":"esriFieldTypeString","alias":"FLOOR_ID","length":50},{"name":"POI_ID","type":"esriFieldTypeString","alias":"POI_ID","length":50},{"name":"NAME","type":"esriFieldTypeString","alias":"NAME","length":50},{"name":"CATEGORY_ID","type":"esriFieldTypeSmallInteger","alias":"CATEGORY_ID"},{"name":"COLOR","type":"esriFieldTypeSmallInteger","alias":"COLOR"},{"name":"FLOOR_INDEX","type":"esriFieldTypeSmallInteger","alias":"FLOOR_INDEX"},{"name":"FLOOR_NAME","type":"esriFieldTypeString","alias":"FLOOR_NAME","length":50}],"features":[{"attributes":{"OBJECTID":1,"GEO_ID":"H85200001F0630001","BUILDING_ID":"H85200001","FLOOR_ID":"H85200001F06","POI_ID":"H85200001F0630001","NAME":null,"CATEGORY_ID":25118,"COLOR":25118,"FLOOR_INDEX":6,"FLOOR_NAME":"F6"},"geometry":{"x":2441.978100001812,"y":-1594.3434000015259}},{"attributes":{"OBJECTID":2,"GEO_ID":"H85200001F0630002","BUILDING_ID":"H85200001","FLOOR_ID":"H85200001F06","POI_ID":"H85200001F0630002","NAME":null,"CATEGORY_ID":25015,"COLOR":25015,"FLOOR_INDEX":6,"FLOOR_NAME":"F6"},"geometry":{"x":2442.5073000006378,"y":-1614.9809000007808}},{"attributes":{"OBJECTID":3,"GEO_ID":"H85200001F0630003","BUILDING_ID":"H85200001","FLOOR_ID":"H85200001F06","POI_ID":"H85200001F0630003","NAME":null,"CATEGORY_ID":25031,"COLOR":25031,"FLOOR_INDEX":6,"FLOOR_NAME":"F6"},"geometry":{"x":2425.0447999984026,"y":-1506.5014999993145}},{"attributes":{"OBJECTID":4,"GEO_ID":"H85200001F0630004","BUILDING_ID":"H85200001","FLOOR_ID":"H85200001F06","POI_ID":"H85200001F0630004","NAME":null,"CATEGORY_ID":25025,"COLOR":25025,"FLOOR_INDEX":6,"FLOOR_NAME":"F6"},"geometry":{"x":2449,"y":-1338}},{"attributes":{"OBJECTID":5,"GEO_ID":"H85200001F0630005","BUILDING_ID":"H85200001","FLOOR_ID":"H85200001F06","POI_ID":"H85200001F0630005","NAME":null,"CATEGORY_ID":25015,"COLOR":25015,"FLOOR_INDEX":6,"FLOOR_NAME":"F6"},"geometry":{"x":2439,"y":-1338}},{"attributes":{"OBJECTID":6,"GEO_ID":"H85200001F0630006","BUILDING_ID":"H85200001","FLOOR_ID":"H85200001F06","POI_ID":"H85200001F0630006","NAME":null,"CATEGORY_ID":25015,"COLOR":25015,"FLOOR_INDEX":6,"FLOOR_NAME":"F6"},"geometry":{"x":2441.7465999983251,"y":-1381.7197999991477}},{"attributes":{"OBJECTID":7,"GEO_ID":"H85200001F0630007","BUILDING_ID":"H85200001","FLOOR_ID":"H85200001F06","POI_ID":"H85200001F0630007","NAME":null,"CATEGORY_ID":25118,"COLOR":25118,"FLOOR_INDEX":6,"FLOOR_NAME":"F6"},"geometry":{"x":2441.9054000005126,"y":-1393.1499000005424}},{"attributes":{"OBJECTID":8,"GEO_ID":"H85200001F0630008","BUILDING_ID":"H85200001","FLOOR_ID":"H85200001F06","POI_ID":"H85200001F0630008","NAME":null,"CATEGORY_ID":25118,"COLOR":25118,"FLOOR_INDEX":6,"FLOOR_NAME":"F6"},"geometry":{"x":2442,"y":-503}},{"attributes":{"OBJECTID":9,"GEO_ID":"H85200001F0630009","BUILDING_ID":"H85200001","FLOOR_ID":"H85200001F06","POI_ID":"H85200001F0630009","NAME":null,"CATEGORY_ID":25015,"COLOR":25015,"FLOOR_INDEX":6,"FLOOR_NAME":"F6"},"geometry":{"x":2442,"y":-524}},{"attributes":{"OBJECTID":10,"GEO_ID":"H85200001F0630010","BUILDING_ID":"H85200001","FLOOR_ID":"H85200001F06","POI_ID":"H85200001F0630010","NAME":null,"CATEGORY_ID":25135,"COLOR":25135,"FLOOR_INDEX":6,"FLOOR_NAME":"F6"},"geometry":{"x":2442.0839999988675,"y":-553.16580000147223}},{"attributes":{"OBJECTID":12,"GEO_ID":"H85200001F0630011","BUILDING_ID":"H85200001","FLOOR_ID":"H85200001F06","POI_ID":"H85200001F0630011","NAME":null,"CATEGORY_ID":25118,"COLOR":25118,"FLOOR_INDEX":6,"FLOOR_NAME":"F6"},"geometry":{"x":2442,"y":-701}},{"attributes":{"OBJECTID":13,"GEO_ID":"H85200001F0630012","BUILDING_ID":"H85200001","FLOOR_ID":"H85200001F06","POI_ID":"H85200001F0630012","NAME":null,"CATEGORY_ID":25015,"COLOR":25015,"FLOOR_INDEX":6,"FLOOR_NAME":"F6"},"geometry":{"x":2441.9829999990761,"y":-713.02690000087023}},{"attributes":{"OBJECTID":14,"GEO_ID":"H85200001F0630013","BUILDING_ID":"H85200001","FLOOR_ID":"H85200001F06","POI_ID":"H85200001F0630013","NAME":null,"CATEGORY_ID":25135,"COLOR":25135,"FLOOR_INDEX":6,"FLOOR_NAME":"F6"},"geometry":{"x":2414.4926999993622,"y":-698.26049999892712}},{"attributes":{"OBJECTID":15,"GEO_ID":"H85200001F0630014","BUILDING_ID":"H85200001","FLOOR_ID":"H85200001F06","POI_ID":"H85200001F0630014","NAME":null,"CATEGORY_ID":25031,"COLOR":25031,"FLOOR_INDEX":6,"FLOOR_NAME":"F6"},"geometry":{"x":2427.2082000002265,"y":-781.98360000178218}},{"attributes":{"OBJECTID":16,"GEO_ID":"H85200001F0630015","BUILDING_ID":"H85200001","FLOOR_ID":"H85200001F06","POI_ID":"H85200001F0630015","NAME":null,"CATEGORY_ID":25025,"COLOR":25025,"FLOOR_INDEX":6,"FLOOR_NAME":"F6"},"geometry":{"x":2447,"y":-757}},{"attributes":{"OBJECTID":17,"GEO_ID":"H85200001F0630016","BUILDING_ID":"H85200001","FLOOR_ID":"H85200001F06","POI_ID":"H85200001F0630016","NAME":null,"CATEGORY_ID":25015,"COLOR":25015,"FLOOR_INDEX":6,"FLOOR_NAME":"F6"},"geometry":{"x":2439,"y":-757}},{"attributes":{"OBJECTID":18,"GEO_ID":"H85200001F0630017","BUILDING_ID":"H85200001","FLOOR_ID":"H85200001F06","POI_ID":"H85200001F0630017","NAME":null,"CATEGORY_ID":25118,"COLOR":25118,"FLOOR_INDEX":6,"FLOOR_NAME":"F6"},"geometry":{"x":2429.4125000014901,"y":-843}},{"attributes":{"OBJECTID":19,"GEO_ID":"H85200001F0630018","BUILDING_ID":"H85200001","FLOOR_ID":"H85200001F06","POI_ID":"H85200001F0630018","NAME":null,"CATEGORY_ID":25118,"COLOR":25118,"FLOOR_INDEX":6,"FLOOR_NAME":"F6"},"geometry":{"x":2429.5122999995947,"y":-1251.6884999983013}},{"attributes":{"OBJECTID":20,"GEO_ID":"H85200001F0630019","BUILDING_ID":"H85200001","FLOOR_ID":"H85200001F06","POI_ID":"H85200001F0630019","NAME":null,"CATEGORY_ID":25135,"COLOR":25135,"FLOOR_INDEX":6,"FLOOR_NAME":"F6"},"geometry":{"x":2380,"y":-867}},{"attributes":{"OBJECTID":21,"GEO_ID":"H85200001F0630020","BUILDING_ID":"H85200001","FLOOR_ID":"H85200001F06","POI_ID":"H85200001F0630020","NAME":null,"CATEGORY_ID":25136,"COLOR":25136,"FLOOR_INDEX":6,"FLOOR_NAME":"F6"},"geometry":{"x":2361.2857000008225,"y":-872.28570000082254}},{"attributes":{"OBJECTID":22,"GEO_ID":"H85200001F0630021","BUILDING_ID":"H85200001","FLOOR_ID":"H85200001F06","POI_ID":"H85200001F0630021","NAME":null,"CATEGORY_ID":25136,"COLOR":25136,"FLOOR_INDEX":6,"FLOOR_NAME":"F6"},"geometry":{"x":2368.603100001812,"y":-872.26460000127554}},{"attributes":{"OBJECTID":23,"GEO_ID":"H85200001F0630022","BUILDING_ID":"H85200001","FLOOR_ID":"H85200001F06","POI_ID":"H85200001F0630022","NAME":null,"CATEGORY_ID":25135,"COLOR":25135,"FLOOR_INDEX":6,"FLOOR_NAME":"F6"},"geometry":{"x":2311.0450999997556,"y":-847.20399999991059}},{"attributes":{"OBJECTID":24,"GEO_ID":"H85200001F0630023","BUILDING_ID":"H85200001","FLOOR_ID":"H85200001F06","POI_ID":"H85200001F0630023","NAME":null,"CATEGORY_ID":25135,"COLOR":25135,"FLOOR_INDEX":6,"FLOOR_NAME":"F6"},"geometry":{"x":2332.5293000005186,"y":-849.10900000110269}},{"attributes":{"OBJECTID":25,"GEO_ID":"H85200001F0630024","BUILDING_ID":"H85200001","FLOOR_ID":"H85200001F06","POI_ID":"H85200001F0630024","NAME":null,"CATEGORY_ID":25135,"COLOR":25135,"FLOOR_INDEX":6,"FLOOR_NAME":"F6"},"geometry":{"x":2339.8317999988794,"y":-855.03570000082254}},{"attributes":{"OBJECTID":26,"GEO_ID":"H85200001F0630025","BUILDING_ID":"H85200001","FLOOR_ID":"H85200001F06","POI_ID":"H85200001F0630025","NAME":null,"CATEGORY_ID":25134,"COLOR":25134,"FLOOR_INDEX":6,"FLOOR_NAME":"F6"},"geometry":{"x":2320,"y":-918}},{"attributes":{"OBJECTID":27,"GEO_ID":"H85200001F0630026","BUILDING_ID":"H85200001","FLOOR_ID":"H85200001F06","POI_ID":"H85200001F0630026","NAME":null,"CATEGORY_ID":25136,"COLOR":25136,"FLOOR_INDEX":6,"FLOOR_NAME":"F6"},"geometry":{"x":2358,"y":-1011}},{"attributes":{"OBJECTID":28,"GEO_ID":"H85200001F0630027","BUILDING_ID":"H85200001","FLOOR_ID":"H85200001F06","POI_ID":"H85200001F0630027","NAME":null,"CATEGORY_ID":25136,"COLOR":25136,"FLOOR_INDEX":6,"FLOOR_NAME":"F6"},"geometry":{"x":2364.0555999986827,"y":-1011}},{"attributes":{"OBJECTID":29,"GEO_ID":"H85200001F0630028","BUILDING_ID":"H85200001","FLOOR_ID":"H85200001F06","POI_ID":"H85200001F0630028","NAME":null,"CATEGORY_ID":25136,"COLOR":25136,"FLOOR_INDEX":6,"FLOOR_NAME":"F6"},"geometry":{"x":2370.0555999986827,"y":-1011}},{"attributes":{"OBJECTID":30,"GEO_ID":"H85200001F0630029","BUILDING_ID":"H85200001","FLOOR_ID":"H85200001F06","POI_ID":"H85200001F0630029","NAME":null,"CATEGORY_ID":25136,"COLOR":25136,"FLOOR_INDEX":6,"FLOOR_NAME":"F6"},"geometry":{"x":2368.9444000013173,"y":-1082.8412000015378}},{"attributes":{"OBJECTID":31,"GEO_ID":"H85200001F0630030","BUILDING_ID":"H85200001","FLOOR_ID":"H85200001F06","POI_ID":"H85200001F0630030","NAME":null,"CATEGORY_ID":25136,"COLOR":25136,"FLOOR_INDEX":6,"FLOOR_NAME":"F6"},"geometry":{"x":2363.103100001812,"y":-1083}},{"attributes":{"OBJECTID":32,"GEO_ID":"H85200001F0630031","BUILDING_ID":"H85200001","FLOOR_ID":"H85200001F06","POI_ID":"H85200001F0630031","NAME":null,"CATEGORY_ID":25136,"COLOR":25136,"FLOOR_INDEX":6,"FLOOR_NAME":"F6"},"geometry":{"x":2357.4444000013173,"y":-1082.9206000007689}},{"attributes":{"OBJECTID":33,"GEO_ID":"H85200001F0630032","BUILDING_ID":"H85200001","FLOOR_ID":"H85200001F06","POI_ID":"H85200001F0630032","NAME":null,"CATEGORY_ID":25134,"COLOR":25134,"FLOOR_INDEX":6,"FLOOR_NAME":"F6"},"geometry":{"x":2313.75,"y":-1008}},{"attributes":{"OBJECTID":34,"GEO_ID":"H85200001F0630033","BUILDING_ID":"H85200001","FLOOR_ID":"H85200001F06","POI_ID":"H85200001F0630033","NAME":null,"CATEGORY_ID":25135,"COLOR":25135,"FLOOR_INDEX":6,"FLOOR_NAME":"F6"},"geometry":{"x":2318.6788000017405,"y":-1046.9622999988496}},{"attributes":{"OBJECTID":35,"GEO_ID":"H85200001F0630034","BUILDING_ID":"H85200001","FLOOR_ID":"H85200001F06","POI_ID":"H85200001F0630034","NAME":"汇丰银行ATM","CATEGORY_ID":25020,"COLOR":25020,"FLOOR_INDEX":6,"FLOOR_NAME":"F6"},"geometry":{"x":2310.5379999987781,"y":-1038.9631000012159}},{"attributes":{"OBJECTID":36,"GEO_ID":"H85200001F0630035","BUILDING_ID":"H85200001","FLOOR_ID":"H85200001F06","POI_ID":"H85200001F0630035","NAME":"花期银行ATM","CATEGORY_ID":25020,"COLOR":25020,"FLOOR_INDEX":6,"FLOOR_NAME":"F6"},"geometry":{"x":2310.8024999983609,"y":-1055.3673000000417}},{"attributes":{"OBJECTID":37,"GEO_ID":"H85200001F0630036","BUILDING_ID":"H85200001","FLOOR_ID":"H85200001F06","POI_ID":"H85200001F0630036","NAME":null,"CATEGORY_ID":25134,"COLOR":25134,"FLOOR_INDEX":6,"FLOOR_NAME":"F6"},"geometry":{"x":2313.9978000000119,"y":-1085.9495999999344}},{"attributes":{"OBJECTID":38,"GEO_ID":"H85200001F0630037","BUILDING_ID":"H85200001","FLOOR_ID":"H85200001F06","POI_ID":"H85200001F0630037","NAME":null,"CATEGORY_ID":25136,"COLOR":25136,"FLOOR_INDEX":6,"FLOOR_NAME":"F6"},"geometry":{"x":2368.4840000011027,"y":-1221.4880000017583}},{"attributes":{"OBJECTID":39,"GEO_ID":"H85200001F0630038","BUILDING_ID":"H85200001","FLOOR_ID":"H85200001F06","POI_ID":"H85200001F0630038","NAME":null,"CATEGORY_ID":25136,"COLOR":25136,"FLOOR_INDEX":6,"FLOOR_NAME":"F6"},"geometry":{"x":2361.1020999997854,"y":-1221.5674000009894}},{"attributes":{"OBJECTID":41,"GEO_ID":"H85200001F0630039","BUILDING_ID":"H85200001","FLOOR_ID":"H85200001F06","POI_ID":"H85200001F0630039","NAME":null,"CATEGORY_ID":25135,"COLOR":25135,"FLOOR_INDEX":6,"FLOOR_NAME":"F6"},"geometry":{"x":2380.1972000002861,"y":-1228.6794000007212}},{"attributes":{"OBJECTID":42,"GEO_ID":"H85200001F0630040","BUILDING_ID":"H85200001","FLOOR_ID":"H85200001F06","POI_ID":"H85200001F0630040","NAME":null,"CATEGORY_ID":25135,"COLOR":25135,"FLOOR_INDEX":6,"FLOOR_NAME":"F6"},"geometry":{"x":2332.6281999982893,"y":-1245.6662999987602}},{"attributes":{"OBJECTID":43,"GEO_ID":"H85200001F0630041","BUILDING_ID":"H85200001","FLOOR_ID":"H85200001F06","POI_ID":"H85200001F0630041","NAME":null,"CATEGORY_ID":25135,"COLOR":25135,"FLOOR_INDEX":6,"FLOOR_NAME":"F6"},"geometry":{"x":2339.4545000009239,"y":-1238.839999999851}},{"attributes":{"OBJECTID":44,"GEO_ID":"H85200001F0630042","BUILDING_ID":"H85200001","FLOOR_ID":"H85200001F06","POI_ID":"H85200001F0630042","NAME":null,"CATEGORY_ID":25134,"COLOR":25134,"FLOOR_INDEX":6,"FLOOR_NAME":"F6"},"geometry":{"x":2317.8973000012338,"y":-1176.1997999995947}},{"attributes":{"OBJECTID":45,"GEO_ID":"H85200001F0630043","BUILDING_ID":"H85200001","FLOOR_ID":"H85200001F06","POI_ID":"H85200001F0630043","NAME":null,"CATEGORY_ID":25134,"COLOR":25134,"FLOOR_INDEX":6,"FLOOR_NAME":"F6"},"geometry":{"x":2273.6436999998987,"y":-1130.0967999994755}},{"attributes":{"OBJECTID":46,"GEO_ID":"H85200001F0630044","BUILDING_ID":"H85200001","FLOOR_ID":"H85200001F06","POI_ID":"H85200001F0630044","NAME":null,"CATEGORY_ID":25135,"COLOR":25135,"FLOOR_INDEX":6,"FLOOR_NAME":"F6"},"geometry":{"x":2311.193599998951,"y":-1247.5016999989748}},{"attributes":{"OBJECTID":47,"GEO_ID":"H85200001F0630045","BUILDING_ID":"H85200001","FLOOR_ID":"H85200001F06","POI_ID":"H85200001F0630045","NAME":null,"CATEGORY_ID":25134,"COLOR":25134,"FLOOR_INDEX":6,"FLOOR_NAME":"F6"},"geometry":{"x":2208.5623000003397,"y":-1137.4825000017881}},{"attributes":{"OBJECTID":48,"GEO_ID":"H85200001F0630046","BUILDING_ID":"H85200001","FLOOR_ID":"H85200001F06","POI_ID":"H85200001F0630046","NAME":null,"CATEGORY_ID":25118,"COLOR":25118,"FLOOR_INDEX":6,"FLOOR_NAME":"F6"},"geometry":{"x":2236,"y":-1167.666700001806}},{"attributes":{"OBJECTID":50,"GEO_ID":"H85200001F0630047","BUILDING_ID":"H85200001","FLOOR_ID":"H85200001F06","POI_ID":"H85200001F0630047","NAME":null,"CATEGORY_ID":25135,"COLOR":25135,"FLOOR_INDEX":6,"FLOOR_NAME":"F6"},"geometry":{"x":2222.4486000016332,"y":-1080.2861000001431}},{"attributes":{"OBJECTID":51,"GEO_ID":"H85200001F0630048","BUILDING_ID":"H85200001","FLOOR_ID":"H85200001F06","POI_ID":"H85200001F0630048","NAME":null,"CATEGORY_ID":25135,"COLOR":25135,"FLOOR_INDEX":6,"FLOOR_NAME":"F6"},"geometry":{"x":2248.0073999986053,"y":-1073.4598000012338}},{"attributes":{"OBJECTID":52,"GEO_ID":"H85200001F0630049","BUILDING_ID":"H85200001","FLOOR_ID":"H85200001F06","POI_ID":"H85200001F0630049","NAME":null,"CATEGORY_ID":25135,"COLOR":25135,"FLOOR_INDEX":6,"FLOOR_NAME":"F6"},"geometry":{"x":2274.0423999987543,"y":-1064.0936000011861}},{"attributes":{"OBJECTID":53,"GEO_ID":"H85200001F0630050","BUILDING_ID":"H85200001","FLOOR_ID":"H85200001F06","POI_ID":"H85200001F0630050","NAME":null,"CATEGORY_ID":25136,"COLOR":25136,"FLOOR_INDEX":6,"FLOOR_NAME":"F6"},"geometry":{"x":2216.8922999985516,"y":-1061.8711000010371}},{"attributes":{"OBJECTID":54,"GEO_ID":"H85200001F0630051","BUILDING_ID":"H85200001","FLOOR_ID":"H85200001F06","POI_ID":"H85200001F0630051","NAME":null,"CATEGORY_ID":25136,"COLOR":25136,"FLOOR_INDEX":6,"FLOOR_NAME":"F6"},"geometry":{"x":2224.9886000007391,"y":-1061.8711000010371}},{"attributes":{"OBJECTID":55,"GEO_ID":"H85200001F0630052","BUILDING_ID":"H85200001","FLOOR_ID":"H85200001F06","POI_ID":"H85200001F0630052","NAME":null,"CATEGORY_ID":25135,"COLOR":25135,"FLOOR_INDEX":6,"FLOOR_NAME":"F6"},"geometry":{"x":2223.055799998343,"y":-1013.6427000015974}},{"attributes":{"OBJECTID":56,"GEO_ID":"H85200001F0630053","BUILDING_ID":"H85200001","FLOOR_ID":"H85200001F06","POI_ID":"H85200001F0630053","NAME":null,"CATEGORY_ID":25135,"COLOR":25135,"FLOOR_INDEX":6,"FLOOR_NAME":"F6"},"geometry":{"x":2274.6495999991894,"y":-1030.1526999995112}},{"attributes":{"OBJECTID":57,"GEO_ID":"H85200001F0630054","BUILDING_ID":"H85200001","FLOOR_ID":"H85200001F06","POI_ID":"H85200001F0630054","NAME":null,"CATEGORY_ID":25136,"COLOR":25136,"FLOOR_INDEX":6,"FLOOR_NAME":"F6"},"geometry":{"x":2217.6583000011742,"y":-1032.6926999986172}},{"attributes":{"OBJECTID":58,"GEO_ID":"H85200001F0630055","BUILDING_ID":"H85200001","FLOOR_ID":"H85200001F06","POI_ID":"H85200001F0630055","NAME":null,"CATEGORY_ID":25136,"COLOR":25136,"FLOOR_INDEX":6,"FLOOR_NAME":"F6"},"geometry":{"x":2224.9607999995351,"y":-1032.6926999986172}},{"attributes":{"OBJECTID":59,"GEO_ID":"H85200001F0630056","BUILDING_ID":"H85200001","FLOOR_ID":"H85200001F06","POI_ID":"H85200001F0630056","NAME":null,"CATEGORY_ID":25134,"COLOR":25134,"FLOOR_INDEX":6,"FLOOR_NAME":"F6"},"geometry":{"x":2367.333299998194,"y":-814.66670000180602}},{"attributes":{"OBJECTID":60,"GEO_ID":"H85200001F0630057","BUILDING_ID":"H85200001","FLOOR_ID":"H85200001F06","POI_ID":"H85200001F0630057","NAME":null,"CATEGORY_ID":25118,"COLOR":25118,"FLOOR_INDEX":6,"FLOOR_NAME":"F6"},"geometry":{"x":2236.65170000121,"y":-923.5874000005424}},{"attributes":{"OBJECTID":61,"GEO_ID":"H85200001F0630058","BUILDING_ID":"H85200001","FLOOR_ID":"H85200001F06","POI_ID":"H85200001F0630058","NAME":null,"CATEGORY_ID":25134,"COLOR":25134,"FLOOR_INDEX":6,"FLOOR_NAME":"F6"},"geometry":{"x":2209.1508000008762,"y":-954.70199999958277}},{"attributes":{"OBJECTID":62,"GEO_ID":"H85200001F0630059","BUILDING_ID":"H85200001","FLOOR_ID":"H85200001F06","POI_ID":"H85200001F0630059","NAME":null,"CATEGORY_ID":25065,"COLOR":25065,"FLOOR_INDEX":6,"FLOOR_NAME":"F6"},"geometry":{"x":2282.0489999987185,"y":-1045.0344999991357}},{"attributes":{"OBJECTID":63,"GEO_ID":"H85200001F0630060","BUILDING_ID":"H85200001","FLOOR_ID":"H85200001F06","POI_ID":"H85200001F0630060","NAME":null,"CATEGORY_ID":25065,"COLOR":25065,"FLOOR_INDEX":6,"FLOOR_NAME":"F6"},"geometry":{"x":975.46440000087023,"y":-1048.3020999990404}},{"attributes":{"OBJECTID":64,"GEO_ID":"H85200001F0630061","BUILDING_ID":"H85200001","FLOOR_ID":"H85200001F06","POI_ID":"H85200001F0630061","NAME":null,"CATEGORY_ID":25134,"COLOR":25134,"FLOOR_INDEX":6,"FLOOR_NAME":"F6"},"geometry":{"x":2120,"y":-1029}},{"attributes":{"OBJECTID":65,"GEO_ID":"H85200001F0630062","BUILDING_ID":"H85200001","FLOOR_ID":"H85200001F06","POI_ID":"H85200001F0630062","NAME":null,"CATEGORY_ID":25118,"COLOR":25118,"FLOOR_INDEX":6,"FLOOR_NAME":"F6"},"geometry":{"x":2101.6020999997854,"y":-1028.945799998939}},{"attributes":{"OBJECTID":66,"GEO_ID":"H85200001F0630063","BUILDING_ID":"H85200001","FLOOR_ID":"H85200001F06","POI_ID":"H85200001F0630063","NAME":null,"CATEGORY_ID":25118,"COLOR":25118,"FLOOR_INDEX":6,"FLOOR_NAME":"F6"},"geometry":{"x":2045.1028999984264,"y":-1066.0034000016749}},{"attributes":{"OBJECTID":68,"GEO_ID":"H85200001F0630064","BUILDING_ID":"H85200001","FLOOR_ID":"H85200001F06","POI_ID":"H85200001F0630064","NAME":null,"CATEGORY_ID":25136,"COLOR":25136,"FLOOR_INDEX":6,"FLOOR_NAME":"F6"},"geometry":{"x":2024.6946000009775,"y":-1062.9078000001609}},{"attributes":{"OBJECTID":69,"GEO_ID":"H85200001F0630065","BUILDING_ID":"H85200001","FLOOR_ID":"H85200001F06","POI_ID":"H85200001F0630065","NAME":null,"CATEGORY_ID":25136,"COLOR":25136,"FLOOR_INDEX":6,"FLOOR_NAME":"F6"},"geometry":{"x":2013.1851999983191,"y":-1064.0984000004828}},{"attributes":{"OBJECTID":70,"GEO_ID":"H85200001F0630066","BUILDING_ID":"H85200001","FLOOR_ID":"H85200001F06","POI_ID":"H85200001F0630066","NAME":null,"CATEGORY_ID":25134,"COLOR":25134,"FLOOR_INDEX":6,"FLOOR_NAME":"F6"},"geometry":{"x":2001.9404000006616,"y":-1064.2307000011206}},{"attributes":{"OBJECTID":71,"GEO_ID":"H85200001F0630067","BUILDING_ID":"H85200001","FLOOR_ID":"H85200001F06","POI_ID":"H85200001F0630067","NAME":null,"CATEGORY_ID":25134,"COLOR":25134,"FLOOR_INDEX":6,"FLOOR_NAME":"F6"},"geometry":{"x":1882.9956000000238,"y":-1064.1640999987721}},{"attributes":{"OBJECTID":72,"GEO_ID":"H85200001F0630068","BUILDING_ID":"H85200001","FLOOR_ID":"H85200001F06","POI_ID":"H85200001F0630068","NAME":null,"CATEGORY_ID":25136,"COLOR":25136,"FLOOR_INDEX":6,"FLOOR_NAME":"F6"},"geometry":{"x":1893.9759000018239,"y":-1064.1640999987721}},{"attributes":{"OBJECTID":73,"GEO_ID":"H85200001F0630069","BUILDING_ID":"H85200001","FLOOR_ID":"H85200001F06","POI_ID":"H85200001F0630069","NAME":null,"CATEGORY_ID":25118,"COLOR":25118,"FLOOR_INDEX":6,"FLOOR_NAME":"F6"},"geometry":{"x":1830.9875000007451,"y":-1029.0102000012994}},{"attributes":{"OBJECTID":74,"GEO_ID":"H85200001F0630070","BUILDING_ID":"H85200001","FLOOR_ID":"H85200001F06","POI_ID":"H85200001F0630070","NAME":null,"CATEGORY_ID":25015,"COLOR":25015,"FLOOR_INDEX":6,"FLOOR_NAME":"F6"},"geometry":{"x":1849.6141999997199,"y":-1026.1526999995112}},{"attributes":{"OBJECTID":75,"GEO_ID":"H85200001F0630071","BUILDING_ID":"H85200001","FLOOR_ID":"H85200001F06","POI_ID":"H85200001F0630071","NAME":null,"CATEGORY_ID":25025,"COLOR":25025,"FLOOR_INDEX":6,"FLOOR_NAME":"F6"},"geometry":{"x":1849.5084000006318,"y":-1032.0793999992311}},{"attributes":{"OBJECTID":76,"GEO_ID":"H85200001F0630072","BUILDING_ID":"H85200001","FLOOR_ID":"H85200001F06","POI_ID":"H85200001F0630072","NAME":null,"CATEGORY_ID":25118,"COLOR":25118,"FLOOR_INDEX":6,"FLOOR_NAME":"F6"},"geometry":{"x":1772.6917000003159,"y":-1066.1431999988854}},{"attributes":{"OBJECTID":77,"GEO_ID":"H85200001F0630073","BUILDING_ID":"H85200001","FLOOR_ID":"H85200001F06","POI_ID":"H85200001F0630073","NAME":null,"CATEGORY_ID":25134,"COLOR":25134,"FLOOR_INDEX":6,"FLOOR_NAME":"F6"},"geometry":{"x":1729.6968000009656,"y":-1064.0265000015497}},{"attributes":{"OBJECTID":78,"GEO_ID":"H85200001F0630074","BUILDING_ID":"H85200001","FLOOR_ID":"H85200001F06","POI_ID":"H85200001F0630074","NAME":null,"CATEGORY_ID":25136,"COLOR":25136,"FLOOR_INDEX":6,"FLOOR_NAME":"F6"},"geometry":{"x":1740.6770999990404,"y":-1064.0265000015497}},{"attributes":{"OBJECTID":79,"GEO_ID":"H85200001F0630075","BUILDING_ID":"H85200001","FLOOR_ID":"H85200001F06","POI_ID":"H85200001F0630075","NAME":null,"CATEGORY_ID":25136,"COLOR":25136,"FLOOR_INDEX":6,"FLOOR_NAME":"F6"},"geometry":{"x":1606.104200001806,"y":-1031.1035000011325}},{"attributes":{"OBJECTID":80,"GEO_ID":"H85200001F0630076","BUILDING_ID":"H85200001","FLOOR_ID":"H85200001F06","POI_ID":"H85200001F0630076","NAME":null,"CATEGORY_ID":25136,"COLOR":25136,"FLOOR_INDEX":6,"FLOOR_NAME":"F6"},"geometry":{"x":1605.9455000013113,"y":-1063.9648000001907}},{"attributes":{"OBJECTID":81,"GEO_ID":"H85200001F0630077","BUILDING_ID":"H85200001","FLOOR_ID":"H85200001F06","POI_ID":"H85200001F0630077","NAME":null,"CATEGORY_ID":25135,"COLOR":25135,"FLOOR_INDEX":6,"FLOOR_NAME":"F6"},"geometry":{"x":1564.9879000000656,"y":-1063.6473000012338}},{"attributes":{"OBJECTID":82,"GEO_ID":"H85200001F0630078","BUILDING_ID":"H85200001","FLOOR_ID":"H85200001F06","POI_ID":"H85200001F0630078","NAME":null,"CATEGORY_ID":25136,"COLOR":25136,"FLOOR_INDEX":6,"FLOOR_NAME":"F6"},"geometry":{"x":1526.7291000001132,"y":-1062.8535000011325}},{"attributes":{"OBJECTID":83,"GEO_ID":"H85200001F0630079","BUILDING_ID":"H85200001","FLOOR_ID":"H85200001F06","POI_ID":"H85200001F0630079","NAME":null,"CATEGORY_ID":25118,"COLOR":25118,"FLOOR_INDEX":6,"FLOOR_NAME":"F6"},"geometry":{"x":1525.1004999987781,"y":-1029.0238999985158}},{"attributes":{"OBJECTID":84,"GEO_ID":"H85200001F0630080","BUILDING_ID":"H85200001","FLOOR_ID":"H85200001F06","POI_ID":"H85200001F0630080","NAME":null,"CATEGORY_ID":25118,"COLOR":25118,"FLOOR_INDEX":6,"FLOOR_NAME":"F6"},"geometry":{"x":1466.6693999990821,"y":-1066.0744000002742}},{"attributes":{"OBJECTID":85,"GEO_ID":"H85200001F0630081","BUILDING_ID":"H85200001","FLOOR_ID":"H85200001F06","POI_ID":"H85200001F0630081","NAME":null,"CATEGORY_ID":25031,"COLOR":25031,"FLOOR_INDEX":6,"FLOOR_NAME":"F6"},"geometry":{"x":1577.6873999983072,"y":-1031.7384999990463}},{"attributes":{"OBJECTID":86,"GEO_ID":"H85200001F0630082","BUILDING_ID":"H85200001","FLOOR_ID":"H85200001F06","POI_ID":"H85200001F0630082","NAME":null,"CATEGORY_ID":25118,"COLOR":25118,"FLOOR_INDEX":6,"FLOOR_NAME":"F6"},"geometry":{"x":1253.0936999991536,"y":-1029.0751000009477}},{"attributes":{"OBJECTID":87,"GEO_ID":"H85200001F0630083","BUILDING_ID":"H85200001","FLOOR_ID":"H85200001F06","POI_ID":"H85200001F0630083","NAME":null,"CATEGORY_ID":25015,"COLOR":25015,"FLOOR_INDEX":6,"FLOOR_NAME":"F6"},"geometry":{"x":1271.6145999990404,"y":-1026.1645999997854}},{"attributes":{"OBJECTID":88,"GEO_ID":"H85200001F0630084","BUILDING_ID":"H85200001","FLOOR_ID":"H85200001F06","POI_ID":"H85200001F0630084","NAME":null,"CATEGORY_ID":25025,"COLOR":25025,"FLOOR_INDEX":6,"FLOOR_NAME":"F6"},"geometry":{"x":1271.6145999990404,"y":-1032.117800001055}},{"attributes":{"OBJECTID":89,"GEO_ID":"H85200001F0630085","BUILDING_ID":"H85200001","FLOOR_ID":"H85200001F06","POI_ID":"H85200001F0630085","NAME":null,"CATEGORY_ID":25118,"COLOR":25118,"FLOOR_INDEX":6,"FLOOR_NAME":"F6"},"geometry":{"x":1195.0507000014186,"y":-1066.0639000013471}},{"attributes":{"OBJECTID":90,"GEO_ID":"H85200001F0630086","BUILDING_ID":"H85200001","FLOOR_ID":"H85200001F06","POI_ID":"H85200001F0630086","NAME":null,"CATEGORY_ID":25136,"COLOR":25136,"FLOOR_INDEX":6,"FLOOR_NAME":"F6"},"geometry":{"x":1174.6248000003397,"y":-1063.1004999987781}},{"attributes":{"OBJECTID":91,"GEO_ID":"H85200001F0630087","BUILDING_ID":"H85200001","FLOOR_ID":"H85200001F06","POI_ID":"H85200001F0630087","NAME":null,"CATEGORY_ID":25136,"COLOR":25136,"FLOOR_INDEX":6,"FLOOR_NAME":"F6"},"geometry":{"x":1128.0998999997973,"y":-1064.1059999987483}},{"attributes":{"OBJECTID":92,"GEO_ID":"H85200001F0630088","BUILDING_ID":"H85200001","FLOOR_ID":"H85200001F06","POI_ID":"H85200001F0630088","NAME":null,"CATEGORY_ID":25134,"COLOR":25134,"FLOOR_INDEX":6,"FLOOR_NAME":"F6"},"geometry":{"x":1117.5430000014603,"y":-1064.0265999995172}},{"attributes":{"OBJECTID":93,"GEO_ID":"H85200001F0630089","BUILDING_ID":"H85200001","FLOOR_ID":"H85200001F06","POI_ID":"H85200001F0630089","NAME":null,"CATEGORY_ID":25136,"COLOR":25136,"FLOOR_INDEX":6,"FLOOR_NAME":"F6"},"geometry":{"x":1010.4712000004947,"y":-1023.722500000149}},{"attributes":{"OBJECTID":94,"GEO_ID":"H85200001F0630090","BUILDING_ID":"H85200001","FLOOR_ID":"H85200001F06","POI_ID":"H85200001F0630090","NAME":null,"CATEGORY_ID":25136,"COLOR":25136,"FLOOR_INDEX":6,"FLOOR_NAME":"F6"},"geometry":{"x":1010.6299999989569,"y":-1031.1838000006974}},{"attributes":{"OBJECTID":95,"GEO_ID":"H85200001F0630091","BUILDING_ID":"H85200001","FLOOR_ID":"H85200001F06","POI_ID":"H85200001F0630091","NAME":null,"CATEGORY_ID":25136,"COLOR":25136,"FLOOR_INDEX":6,"FLOOR_NAME":"F6"},"geometry":{"x":1010.6299999989569,"y":-1063.0925999991596}},{"attributes":{"OBJECTID":96,"GEO_ID":"H85200001F0630092","BUILDING_ID":"H85200001","FLOOR_ID":"H85200001F06","POI_ID":"H85200001F0630092","NAME":null,"CATEGORY_ID":25136,"COLOR":25136,"FLOOR_INDEX":6,"FLOOR_NAME":"F6"},"geometry":{"x":1010.4712000004947,"y":-1071.1889000013471}},{"attributes":{"OBJECTID":97,"GEO_ID":"H85200001F0630093","BUILDING_ID":"H85200001","FLOOR_ID":"H85200001F06","POI_ID":"H85200001F0630093","NAME":null,"CATEGORY_ID":25135,"COLOR":25135,"FLOOR_INDEX":6,"FLOOR_NAME":"F6"},"geometry":{"x":985.22989999875426,"y":-1062.6163000017405}},{"attributes":{"OBJECTID":98,"GEO_ID":"H85200001F0630094","BUILDING_ID":"H85200001","FLOOR_ID":"H85200001F06","POI_ID":"H85200001F0630094","NAME":null,"CATEGORY_ID":25136,"COLOR":25136,"FLOOR_INDEX":6,"FLOOR_NAME":"F6"},"geometry":{"x":959.15850000083447,"y":-962.99170000106096}},{"attributes":{"OBJECTID":99,"GEO_ID":"H85200001F0630095","BUILDING_ID":"H85200001","FLOOR_ID":"H85200001F06","POI_ID":"H85200001F0630095","NAME":null,"CATEGORY_ID":25134,"COLOR":25134,"FLOOR_INDEX":6,"FLOOR_NAME":"F6"},"geometry":{"x":975.76379999890924,"y":-974.74980000033975}},{"attributes":{"OBJECTID":100,"GEO_ID":"H85200001F0630096","BUILDING_ID":"H85200001","FLOOR_ID":"H85200001F06","POI_ID":"H85200001F0630096","NAME":null,"CATEGORY_ID":25031,"COLOR":25031,"FLOOR_INDEX":6,"FLOOR_NAME":"F6"},"geometry":{"x":955.19460000097752,"y":-957.80539999902248}},{"attributes":{"OBJECTID":101,"GEO_ID":"H85200001F0630097","BUILDING_ID":"H85200001","FLOOR_ID":"H85200001F06","POI_ID":"H85200001F0630097","NAME":null,"CATEGORY_ID":25134,"COLOR":25134,"FLOOR_INDEX":6,"FLOOR_NAME":"F6"},"geometry":{"x":938.52360000088811,"y":-936.4754999987781}},{"attributes":{"OBJECTID":102,"GEO_ID":"H85200001F0630098","BUILDING_ID":"H85200001","FLOOR_ID":"H85200001F06","POI_ID":"H85200001F0630098","NAME":null,"CATEGORY_ID":25136,"COLOR":25136,"FLOOR_INDEX":6,"FLOOR_NAME":"F6"},"geometry":{"x":792.14970000088215,"y":-796.17069999873638}},{"attributes":{"OBJECTID":103,"GEO_ID":"H85200001F0630099","BUILDING_ID":"H85200001","FLOOR_ID":"H85200001F06","POI_ID":"H85200001F0630099","NAME":null,"CATEGORY_ID":25118,"COLOR":25118,"FLOOR_INDEX":6,"FLOOR_NAME":"F6"},"geometry":{"x":637.05380000174046,"y":-636.59019999951124}},{"attributes":{"OBJECTID":104,"GEO_ID":"H85200001F0630100","BUILDING_ID":"H85200001","FLOOR_ID":"H85200001F06","POI_ID":"H85200001F0630100","NAME":null,"CATEGORY_ID":25025,"COLOR":25025,"FLOOR_INDEX":6,"FLOOR_NAME":"F6"},"geometry":{"x":623.82459999993443,"y":-633.83859999850392}},{"attributes":{"OBJECTID":105,"GEO_ID":"H85200001F0630101","BUILDING_ID":"H85200001","FLOOR_ID":"H85200001F06","POI_ID":"H85200001F0630101","NAME":null,"CATEGORY_ID":25015,"COLOR":25015,"FLOOR_INDEX":6,"FLOOR_NAME":"F6"},"geometry":{"x":638.32380000129342,"y":-648.33779999986291}},{"attributes":{"OBJECTID":106,"GEO_ID":"H85200001F0630102","BUILDING_ID":"H85200001","FLOOR_ID":"H85200001F06","POI_ID":"H85200001F0630102","NAME":null,"CATEGORY_ID":25118,"COLOR":25118,"FLOOR_INDEX":6,"FLOOR_NAME":"F6"},"geometry":{"x":449.2314000017941,"y":-505.90260000154376}},{"attributes":{"OBJECTID":107,"GEO_ID":"H85200001F0630103","BUILDING_ID":"H85200001","FLOOR_ID":"H85200001F06","POI_ID":"H85200001F0630103","NAME":null,"CATEGORY_ID":25025,"COLOR":25025,"FLOOR_INDEX":6,"FLOOR_NAME":"F6"},"geometry":{"x":447.96139999851584,"y":-493.59939999878407}},{"attributes":{"OBJECTID":108,"GEO_ID":"H85200001F0630104","BUILDING_ID":"H85200001","FLOOR_ID":"H85200001F06","POI_ID":"H85200001F0630104","NAME":null,"CATEGORY_ID":25015,"COLOR":25015,"FLOOR_INDEX":6,"FLOOR_NAME":"F6"},"geometry":{"x":462.32829999923706,"y":-507.80759999901056}},{"attributes":{"OBJECTID":109,"GEO_ID":"H85200001F0630105","BUILDING_ID":"H85200001","FLOOR_ID":"H85200001F06","POI_ID":"H85200001F0630105","NAME":null,"CATEGORY_ID":25136,"COLOR":25136,"FLOOR_INDEX":6,"FLOOR_NAME":"F6"},"geometry":{"x":496.86180000007153,"y":-553.29089999943972}},{"attributes":{"OBJECTID":110,"GEO_ID":"H85200001F0630106","BUILDING_ID":"H85200001","FLOOR_ID":"H85200001F06","POI_ID":"H85200001F0630106","NAME":null,"CATEGORY_ID":25135,"COLOR":25135,"FLOOR_INDEX":6,"FLOOR_NAME":"F6"},"geometry":{"x":556.03599999845028,"y":-608.01649999991059}},{"attributes":{"OBJECTID":111,"GEO_ID":"H85200001F0630107","BUILDING_ID":"H85200001","FLOOR_ID":"H85200001F06","POI_ID":"H85200001F0630107","NAME":null,"CATEGORY_ID":25136,"COLOR":25136,"FLOOR_INDEX":6,"FLOOR_NAME":"F6"},"geometry":{"x":566.03730000182986,"y":-618.09719999879599}},{"attributes":{"OBJECTID":112,"GEO_ID":"H85200001F0630108","BUILDING_ID":"H85200001","FLOOR_ID":"H85200001F06","POI_ID":"H85200001F0630108","NAME":null,"CATEGORY_ID":25135,"COLOR":25135,"FLOOR_INDEX":6,"FLOOR_NAME":"F6"},"geometry":{"x":620.0586999990046,"y":-671.08229999989271}},{"attributes":{"OBJECTID":113,"GEO_ID":"H85200001F0630109","BUILDING_ID":"H85200001","FLOOR_ID":"H85200001F06","POI_ID":"H85200001F0630109","NAME":null,"CATEGORY_ID":25136,"COLOR":25136,"FLOOR_INDEX":6,"FLOOR_NAME":"F6"},"geometry":{"x":634.41230000182986,"y":-686.09739999845624}},{"attributes":{"OBJECTID":114,"GEO_ID":"H85200001F0630110","BUILDING_ID":"H85200001","FLOOR_ID":"H85200001F06","POI_ID":"H85200001F0630110","NAME":null,"CATEGORY_ID":25136,"COLOR":25136,"FLOOR_INDEX":6,"FLOOR_NAME":"F6"},"geometry":{"x":702,"y":-754}},{"attributes":{"OBJECTID":115,"GEO_ID":"H85200001F0630111","BUILDING_ID":"H85200001","FLOOR_ID":"H85200001F06","POI_ID":"H85200001F0630111","NAME":null,"CATEGORY_ID":25135,"COLOR":25135,"FLOOR_INDEX":6,"FLOOR_NAME":"F6"},"geometry":{"x":691.0190000012517,"y":-743.05130000039935}},{"attributes":{"OBJECTID":116,"GEO_ID":"H85200001F0630112","BUILDING_ID":"H85200001","FLOOR_ID":"H85200001F06","POI_ID":"H85200001F0630112","NAME":null,"CATEGORY_ID":25118,"COLOR":25118,"FLOOR_INDEX":6,"FLOOR_NAME":"F6"},"geometry":{"x":788.87090000137687,"y":-845.33940000087023}},{"attributes":{"OBJECTID":117,"GEO_ID":"H85200001F0630113","BUILDING_ID":"H85200001","FLOOR_ID":"H85200001F06","POI_ID":"H85200001F0630113","NAME":null,"CATEGORY_ID":25015,"COLOR":25015,"FLOOR_INDEX":6,"FLOOR_NAME":"F6"},"geometry":{"x":787.6009000018239,"y":-833.59189999848604}},{"attributes":{"OBJECTID":118,"GEO_ID":"H85200001F0630114","BUILDING_ID":"H85200001","FLOOR_ID":"H85200001F06","POI_ID":"H85200001F0630114","NAME":null,"CATEGORY_ID":25025,"COLOR":25025,"FLOOR_INDEX":6,"FLOOR_NAME":"F6"},"geometry":{"x":802.60280000045896,"y":-848.59380000084639}},{"attributes":{"OBJECTID":119,"GEO_ID":"H85200001F0630115","BUILDING_ID":"H85200001","FLOOR_ID":"H85200001F06","POI_ID":"H85200001F0630115","NAME":null,"CATEGORY_ID":25134,"COLOR":25134,"FLOOR_INDEX":6,"FLOOR_NAME":"F6"},"geometry":{"x":851.08889999985695,"y":-907.9822999984026}},{"attributes":{"OBJECTID":120,"GEO_ID":"H85200001F0630116","BUILDING_ID":"H85200001","FLOOR_ID":"H85200001F06","POI_ID":"H85200001F0630116","NAME":null,"CATEGORY_ID":25135,"COLOR":25135,"FLOOR_INDEX":6,"FLOOR_NAME":"F6"},"geometry":{"x":926.50189999863505,"y":-954.40129999816418}},{"attributes":{"OBJECTID":121,"GEO_ID":"H85200001F0630117","BUILDING_ID":"H85200001","FLOOR_ID":"H85200001F06","POI_ID":"H85200001F0630117","NAME":null,"CATEGORY_ID":25118,"COLOR":25118,"FLOOR_INDEX":6,"FLOOR_NAME":"F6"},"geometry":{"x":928.03579999879003,"y":-1007.0665000006557}},{"attributes":{"OBJECTID":122,"GEO_ID":"H85200001F0630118","BUILDING_ID":"H85200001","FLOOR_ID":"H85200001F06","POI_ID":"H85200001F0630118","NAME":null,"CATEGORY_ID":25015,"COLOR":25015,"FLOOR_INDEX":6,"FLOOR_NAME":"F6"},"geometry":{"x":920.49520000070333,"y":-1012.6228000000119}},{"attributes":{"OBJECTID":123,"GEO_ID":"H85200001F0630119","BUILDING_ID":"H85200001","FLOOR_ID":"H85200001F06","POI_ID":"H85200001F0630119","NAME":null,"CATEGORY_ID":25134,"COLOR":25134,"FLOOR_INDEX":6,"FLOOR_NAME":"F6"},"geometry":{"x":908.55719999969006,"y":-1010.1779999993742}},{"attributes":{"OBJECTID":124,"GEO_ID":"H85200001F0630120","BUILDING_ID":"H85200001","FLOOR_ID":"H85200001F06","POI_ID":"H85200001F0630120","NAME":null,"CATEGORY_ID":25136,"COLOR":25136,"FLOOR_INDEX":6,"FLOOR_NAME":"F6"},"geometry":{"x":920.48350000008941,"y":-1115.0733999982476}},{"attributes":{"OBJECTID":125,"GEO_ID":"H85200001F0630121","BUILDING_ID":"H85200001","FLOOR_ID":"H85200001F06","POI_ID":"H85200001F0630121","NAME":null,"CATEGORY_ID":25136,"COLOR":25136,"FLOOR_INDEX":6,"FLOOR_NAME":"F6"},"geometry":{"x":913.5,"y":-1115}},{"attributes":{"OBJECTID":126,"GEO_ID":"H85200001F0630122","BUILDING_ID":"H85200001","FLOOR_ID":"H85200001F06","POI_ID":"H85200001F0630122","NAME":null,"CATEGORY_ID":25135,"COLOR":25135,"FLOOR_INDEX":6,"FLOOR_NAME":"F6"},"geometry":{"x":932.80959999933839,"y":-1047.6354000009596}},{"attributes":{"OBJECTID":127,"GEO_ID":"H85200001F0630123","BUILDING_ID":"H85200001","FLOOR_ID":"H85200001F06","POI_ID":"H85200001F0630123","NAME":null,"CATEGORY_ID":25134,"COLOR":25134,"FLOOR_INDEX":6,"FLOOR_NAME":"F6"},"geometry":{"x":908.07099999859929,"y":-1084.4655000008643}},{"attributes":{"OBJECTID":128,"GEO_ID":"H85200001F0630124","BUILDING_ID":"H85200001","FLOOR_ID":"H85200001F06","POI_ID":"H85200001F0630124","NAME":null,"CATEGORY_ID":25015,"COLOR":25015,"FLOOR_INDEX":6,"FLOOR_NAME":"F6"},"geometry":{"x":920.45349999889731,"y":-1081.6079999990761}},{"attributes":{"OBJECTID":129,"GEO_ID":"H85200001F0630125","BUILDING_ID":"H85200001","FLOOR_ID":"H85200001F06","POI_ID":"H85200001F0630125","NAME":null,"CATEGORY_ID":25118,"COLOR":25118,"FLOOR_INDEX":6,"FLOOR_NAME":"F6"},"geometry":{"x":928.0734999999404,"y":-1087.0054999999702}},{"attributes":{"OBJECTID":130,"GEO_ID":"H85200001F0630126","BUILDING_ID":"H85200001","FLOOR_ID":"H85200001F06","POI_ID":"H85200001F0630126","NAME":null,"CATEGORY_ID":25135,"COLOR":25135,"FLOOR_INDEX":6,"FLOOR_NAME":"F6"},"geometry":{"x":927.43849999830127,"y":-1138.6655000001192}},{"attributes":{"OBJECTID":131,"GEO_ID":"H85200001F0630127","BUILDING_ID":"H85200001","FLOOR_ID":"H85200001F06","POI_ID":"H85200001F0630127","NAME":null,"CATEGORY_ID":25136,"COLOR":25136,"FLOOR_INDEX":6,"FLOOR_NAME":"F6"},"geometry":{"x":958.37599999830127,"y":-1130.797499999404}},{"attributes":{"OBJECTID":132,"GEO_ID":"H85200001F0630128","BUILDING_ID":"H85200001","FLOOR_ID":"H85200001F06","POI_ID":"H85200001F0630128","NAME":null,"CATEGORY_ID":25031,"COLOR":25031,"FLOOR_INDEX":6,"FLOOR_NAME":"F6"},"geometry":{"x":955.76469999924302,"y":-1136.764699999243}},{"attributes":{"OBJECTID":133,"GEO_ID":"H85200001F0630129","BUILDING_ID":"H85200001","FLOOR_ID":"H85200001F06","POI_ID":"H85200001F0630129","NAME":null,"CATEGORY_ID":25134,"COLOR":25134,"FLOOR_INDEX":6,"FLOOR_NAME":"F6"},"geometry":{"x":939.08999999985099,"y":-1157.4631999991834}},{"attributes":{"OBJECTID":134,"GEO_ID":"H85200001F0630130","BUILDING_ID":"H85200001","FLOOR_ID":"H85200001F06","POI_ID":"H85200001F0630130","NAME":null,"CATEGORY_ID":25134,"COLOR":25134,"FLOOR_INDEX":6,"FLOOR_NAME":"F6"},"geometry":{"x":851.26119999960065,"y":-1186.1680999994278}},{"attributes":{"OBJECTID":135,"GEO_ID":"H85200001F0630131","BUILDING_ID":"H85200001","FLOOR_ID":"H85200001F06","POI_ID":"H85200001F0630131","NAME":null,"CATEGORY_ID":25118,"COLOR":25118,"FLOOR_INDEX":6,"FLOOR_NAME":"F6"},"geometry":{"x":787.62280000001192,"y":-1251.5461999997497}},{"attributes":{"OBJECTID":136,"GEO_ID":"H85200001F0630132","BUILDING_ID":"H85200001","FLOOR_ID":"H85200001F06","POI_ID":"H85200001F0630132","NAME":null,"CATEGORY_ID":25025,"COLOR":25025,"FLOOR_INDEX":6,"FLOOR_NAME":"F6"},"geometry":{"x":800.00530000030994,"y":-1239.1636999994516}},{"attributes":{"OBJECTID":137,"GEO_ID":"H85200001F0630133","BUILDING_ID":"H85200001","FLOOR_ID":"H85200001F06","POI_ID":"H85200001F0630133","NAME":null,"CATEGORY_ID":25118,"COLOR":25118,"FLOOR_INDEX":6,"FLOOR_NAME":"F6"},"geometry":{"x":777.5984000004828,"y":-1316.5207000002265}},{"attributes":{"OBJECTID":138,"GEO_ID":"H85200001F0630134","BUILDING_ID":"H85200001","FLOOR_ID":"H85200001F06","POI_ID":"H85200001F0630134","NAME":null,"CATEGORY_ID":25136,"COLOR":25136,"FLOOR_INDEX":6,"FLOOR_NAME":"F6"},"geometry":{"x":722,"y":-1320}},{"attributes":{"OBJECTID":139,"GEO_ID":"H85200001F0630135","BUILDING_ID":"H85200001","FLOOR_ID":"H85200001F06","POI_ID":"H85200001F0630135","NAME":null,"CATEGORY_ID":25135,"COLOR":25135,"FLOOR_INDEX":6,"FLOOR_NAME":"F6"},"geometry":{"x":692.27540000155568,"y":-1350.7763999998569}},{"attributes":{"OBJECTID":140,"GEO_ID":"H85200001F0630136","BUILDING_ID":"H85200001","FLOOR_ID":"H85200001F06","POI_ID":"H85200001F0630136","NAME":null,"CATEGORY_ID":25136,"COLOR":25136,"FLOOR_INDEX":6,"FLOOR_NAME":"F6"},"geometry":{"x":662.58709999918938,"y":-1379.5091000013053}},{"attributes":{"OBJECTID":141,"GEO_ID":"H85200001F0630137","BUILDING_ID":"H85200001","FLOOR_ID":"H85200001F06","POI_ID":"H85200001F0630137","NAME":null,"CATEGORY_ID":25136,"COLOR":25136,"FLOOR_INDEX":6,"FLOOR_NAME":"F6"},"geometry":{"x":695.65129999816418,"y":-1394.6499000005424}},{"attributes":{"OBJECTID":142,"GEO_ID":"H85200001F0630138","BUILDING_ID":"H85200001","FLOOR_ID":"H85200001F06","POI_ID":"H85200001F0630138","NAME":null,"CATEGORY_ID":25015,"COLOR":25015,"FLOOR_INDEX":6,"FLOOR_NAME":"F6"},"geometry":{"x":593.60880000144243,"y":-1440.4635000005364}},{"attributes":{"OBJECTID":143,"GEO_ID":"H85200001F0630139","BUILDING_ID":"H85200001","FLOOR_ID":"H85200001F06","POI_ID":"H85200001F0630139","NAME":null,"CATEGORY_ID":25025,"COLOR":25025,"FLOOR_INDEX":6,"FLOOR_NAME":"F6"},"geometry":{"x":598.17280000075698,"y":-1445.0276000015438}},{"attributes":{"OBJECTID":144,"GEO_ID":"H85200001F0630140","BUILDING_ID":"H85200001","FLOOR_ID":"H85200001F06","POI_ID":"H85200001F0630140","NAME":null,"CATEGORY_ID":25118,"COLOR":25118,"FLOOR_INDEX":6,"FLOOR_NAME":"F6"},"geometry":{"x":582.09939999878407,"y":-1457}},{"attributes":{"OBJECTID":145,"GEO_ID":"H85200001F0630141","BUILDING_ID":"H85200001","FLOOR_ID":"H85200001F06","POI_ID":"H85200001F0630141","NAME":null,"CATEGORY_ID":25136,"COLOR":25136,"FLOOR_INDEX":6,"FLOOR_NAME":"F6"},"geometry":{"x":555.07209999859333,"y":-1534.0124000012875}},{"attributes":{"OBJECTID":146,"GEO_ID":"H85200001F0630142","BUILDING_ID":"H85200001","FLOOR_ID":"H85200001F06","POI_ID":"H85200001F0630142","NAME":null,"CATEGORY_ID":25118,"COLOR":25118,"FLOOR_INDEX":6,"FLOOR_NAME":"F6"},"geometry":{"x":574.64070000126958,"y":-1519.4497000016272}},{"attributes":{"OBJECTID":147,"GEO_ID":"H85200001F0630143","BUILDING_ID":"H85200001","FLOOR_ID":"H85200001F06","POI_ID":"H85200001F0630143","NAME":"汇丰银行ATM","CATEGORY_ID":25020,"COLOR":25020,"FLOOR_INDEX":6,"FLOOR_NAME":"F6"},"geometry":{"x":886.5190000012517,"y":-1146.3724000006914}},{"attributes":{"OBJECTID":148,"GEO_ID":"H85200001F0630144","BUILDING_ID":"H85200001","FLOOR_ID":"H85200001F06","POI_ID":"H85200001F0630144","NAME":null,"CATEGORY_ID":25136,"COLOR":25136,"FLOOR_INDEX":6,"FLOOR_NAME":"F6"},"geometry":{"x":2460.5,"y":-409.5}},{"attributes":{"OBJECTID":149,"GEO_ID":"H85200001F0630145","BUILDING_ID":"H85200001","FLOOR_ID":"H85200001F06","POI_ID":"H85200001F0630145","NAME":null,"CATEGORY_ID":25136,"COLOR":25136,"FLOOR_INDEX":6,"FLOOR_NAME":"F6"},"geometry":{"x":2460.7620999999344,"y":-419.56399999931455}},{"attributes":{"OBJECTID":150,"GEO_ID":"H85200001F0630146","BUILDING_ID":"H85200001","FLOOR_ID":"H85200001F06","POI_ID":"H85200001F0630146","NAME":null,"CATEGORY_ID":25135,"COLOR":25135,"FLOOR_INDEX":6,"FLOOR_NAME":"F6"},"geometry":{"x":2462.1697000004351,"y":-435.03689999878407}},{"attributes":{"OBJECTID":151,"GEO_ID":"H85200001F0630147","BUILDING_ID":"H85200001","FLOOR_ID":"H85200001F06","POI_ID":"H85200001F0630147","NAME":null,"CATEGORY_ID":25136,"COLOR":25136,"FLOOR_INDEX":6,"FLOOR_NAME":"F6"},"geometry":{"x":2423.5,"y":-452}}]}