{"displayFieldName":"","fieldAliases":{"OBJECTID":"OBJECTID","GEO_ID":"GEO_ID","BUILDING_ID":"BUILDING_ID","FLOOR_ID":"FLOOR_ID","POI_ID":"POI_ID","NAME":"NAME","CATEGORY_ID":"CATEGORY_ID","COLOR":"COLOR","ROOMNUM":"ROOMNUM","FLOOR_INDEX":"FLOOR_INDEX","FLOOR_NAME":"FLOOR_NAME","ORIG_FID":"ORIG_FID"},"geometryType":"esriGeometryPoint","spatialReference":{"wkid":3395,"latestWkid":3395},"fields":[{"name":"OBJECTID","type":"esriFieldTypeOID","alias":"OBJECTID"},{"name":"GEO_ID","type":"esriFieldTypeString","alias":"GEO_ID","length":50},{"name":"BUILDING_ID","type":"esriFieldTypeString","alias":"BUILDING_ID","length":50},{"name":"FLOOR_ID","type":"esriFieldTypeString","alias":"FLOOR_ID","length":50},{"name":"POI_ID","type":"esriFieldTypeString","alias":"POI_ID","length":50},{"name":"NAME","type":"esriFieldTypeString","alias":"NAME","length":50},{"name":"CATEGORY_ID","type":"esriFieldTypeSmallInteger","alias":"CATEGORY_ID"},{"name":"COLOR","type":"esriFieldTypeSmallInteger","alias":"COLOR"},{"name":"ROOMNUM","type":"esriFieldTypeString","alias":"ROOMNUM","length":50},{"name":"FLOOR_INDEX","type":"esriFieldTypeSmallInteger","alias":"FLOOR_INDEX"},{"name":"FLOOR_NAME","type":"esriFieldTypeString","alias":"FLOOR_NAME","length":50},{"name":"ORIG_FID","type":"esriFieldTypeInteger","alias":"ORIG_FID"}],"features":[{"attributes":{"OBJECTID":2,"GEO_ID":"H85200001F0610283","BUILDING_ID":"H85200001","FLOOR_ID":"H85200001F06","POI_ID":"H85200001F0610283","NAME":"W70","CATEGORY_ID":25000,"COLOR":5,"ROOMNUM":null,"FLOOR_INDEX":6,"FLOOR_NAME":"F6","ORIG_FID":654},"geometry":{"x":324.49920000135899,"y":-373.11690000072122}},{"attributes":{"OBJECTID":3,"GEO_ID":"H85200001F0610284","BUILDING_ID":"H85200001","FLOOR_ID":"H85200001F06","POI_ID":"H85200001F0610284","NAME":"W71","CATEGORY_ID":25000,"COLOR":5,"ROOMNUM":null,"FLOOR_INDEX":6,"FLOOR_NAME":"F6","ORIG_FID":655},"geometry":{"x":316.70039999857545,"y":-428.64640000090003}},{"attributes":{"OBJECTID":4,"GEO_ID":"H85200001F0610285","BUILDING_ID":"H85200001","FLOOR_ID":"H85200001F06","POI_ID":"H85200001F0610285","NAME":"W67","CATEGORY_ID":25000,"COLOR":5,"ROOMNUM":null,"FLOOR_INDEX":6,"FLOOR_NAME":"F6","ORIG_FID":656},"geometry":{"x":443.0870000012219,"y":-564.94420000165701}},{"attributes":{"OBJECTID":5,"GEO_ID":"H85200001F0610286","BUILDING_ID":"H85200001","FLOOR_ID":"H85200001F06","POI_ID":"H85200001F0610286","NAME":"W69","CATEGORY_ID":25000,"COLOR":5,"ROOMNUM":null,"FLOOR_INDEX":6,"FLOOR_NAME":"F6","ORIG_FID":659},"geometry":{"x":345.01990000158548,"y":-466.97630000114441}},{"attributes":{"OBJECTID":6,"GEO_ID":"H85200001F0610287","BUILDING_ID":"H85200001","FLOOR_ID":"H85200001F06","POI_ID":"H85200001F0610287","NAME":"W65","CATEGORY_ID":25000,"COLOR":5,"ROOMNUM":null,"FLOOR_INDEX":6,"FLOOR_NAME":"F6","ORIG_FID":660},"geometry":{"x":532.08819999918342,"y":-653.94289999827743}},{"attributes":{"OBJECTID":7,"GEO_ID":"H85200001F0610288","BUILDING_ID":"H85200001","FLOOR_ID":"H85200001F06","POI_ID":"H85200001F0610288","NAME":"W63","CATEGORY_ID":25000,"COLOR":5,"ROOMNUM":null,"FLOOR_INDEX":6,"FLOOR_NAME":"F6","ORIG_FID":661},"geometry":{"x":634.37200000137091,"y":-756.05290000140667}},{"attributes":{"OBJECTID":8,"GEO_ID":"H85200001F0610289","BUILDING_ID":"H85200001","FLOOR_ID":"H85200001F06","POI_ID":"H85200001F0610289","NAME":"N68","CATEGORY_ID":25000,"COLOR":5,"ROOMNUM":null,"FLOOR_INDEX":6,"FLOOR_NAME":"F6","ORIG_FID":663},"geometry":{"x":413,"y":-360.5}},{"attributes":{"OBJECTID":9,"GEO_ID":"H85200001F0610290","BUILDING_ID":"H85200001","FLOOR_ID":"H85200001F06","POI_ID":"H85200001F0610290","NAME":"N66","CATEGORY_ID":25000,"COLOR":5,"ROOMNUM":null,"FLOOR_INDEX":6,"FLOOR_NAME":"F6","ORIG_FID":664},"geometry":{"x":524.32000000029802,"y":-458.31379999965429}},{"attributes":{"OBJECTID":10,"GEO_ID":"H85200001F0610291","BUILDING_ID":"H85200001","FLOOR_ID":"H85200001F06","POI_ID":"H85200001F0610291","NAME":"N64","CATEGORY_ID":25000,"COLOR":5,"ROOMNUM":null,"FLOOR_INDEX":6,"FLOOR_NAME":"F6","ORIG_FID":665},"geometry":{"x":639.08689999952912,"y":-573.17130000144243}},{"attributes":{"OBJECTID":11,"GEO_ID":"H85200001F0610292","BUILDING_ID":"H85200001","FLOOR_ID":"H85200001F06","POI_ID":"H85200001F0610292","NAME":"N62","CATEGORY_ID":25000,"COLOR":5,"ROOMNUM":null,"FLOOR_INDEX":6,"FLOOR_NAME":"F6","ORIG_FID":666},"geometry":{"x":761.90929999947548,"y":-696.1435999982059}},{"attributes":{"OBJECTID":12,"GEO_ID":"H85200001F0610293","BUILDING_ID":"H85200001","FLOOR_ID":"H85200001F06","POI_ID":"H85200001F0610293","NAME":"S35","CATEGORY_ID":25000,"COLOR":5,"ROOMNUM":null,"FLOOR_INDEX":6,"FLOOR_NAME":"F6","ORIG_FID":683},"geometry":{"x":1078.5,"y":-1112.5}},{"attributes":{"OBJECTID":13,"GEO_ID":"H85200001F0610294","BUILDING_ID":"H85200001","FLOOR_ID":"H85200001F06","POI_ID":"H85200001F0610294","NAME":"S33","CATEGORY_ID":25000,"COLOR":5,"ROOMNUM":null,"FLOOR_INDEX":6,"FLOOR_NAME":"F6","ORIG_FID":686},"geometry":{"x":1214.5,"y":-1112.5}},{"attributes":{"OBJECTID":14,"GEO_ID":"H85200001F0610295","BUILDING_ID":"H85200001","FLOOR_ID":"H85200001F06","POI_ID":"H85200001F0610295","NAME":"S31","CATEGORY_ID":25000,"COLOR":5,"ROOMNUM":null,"FLOOR_INDEX":6,"FLOOR_NAME":"F6","ORIG_FID":689},"geometry":{"x":1350.5,"y":-1112.5}},{"attributes":{"OBJECTID":15,"GEO_ID":"H85200001F0610296","BUILDING_ID":"H85200001","FLOOR_ID":"H85200001F06","POI_ID":"H85200001F0610296","NAME":"S29","CATEGORY_ID":25000,"COLOR":5,"ROOMNUM":null,"FLOOR_INDEX":6,"FLOOR_NAME":"F6","ORIG_FID":692},"geometry":{"x":1486.5,"y":-1112.5}},{"attributes":{"OBJECTID":16,"GEO_ID":"H85200001F0610297","BUILDING_ID":"H85200001","FLOOR_ID":"H85200001F06","POI_ID":"H85200001F0610297","NAME":"S27","CATEGORY_ID":25000,"COLOR":5,"ROOMNUM":null,"FLOOR_INDEX":6,"FLOOR_NAME":"F6","ORIG_FID":694},"geometry":{"x":1673.5,"y":-1112.5}},{"attributes":{"OBJECTID":17,"GEO_ID":"H85200001F0610298","BUILDING_ID":"H85200001","FLOOR_ID":"H85200001F06","POI_ID":"H85200001F0610298","NAME":"S25","CATEGORY_ID":25000,"COLOR":5,"ROOMNUM":null,"FLOOR_INDEX":6,"FLOOR_NAME":"F6","ORIG_FID":697},"geometry":{"x":1809.5,"y":-1112.5}},{"attributes":{"OBJECTID":18,"GEO_ID":"H85200001F0610299","BUILDING_ID":"H85200001","FLOOR_ID":"H85200001F06","POI_ID":"H85200001F0610299","NAME":"S23","CATEGORY_ID":25000,"COLOR":5,"ROOMNUM":null,"FLOOR_INDEX":6,"FLOOR_NAME":"F6","ORIG_FID":700},"geometry":{"x":1945.5,"y":-1112.5}},{"attributes":{"OBJECTID":19,"GEO_ID":"H85200001F0610300","BUILDING_ID":"H85200001","FLOOR_ID":"H85200001F06","POI_ID":"H85200001F0610300","NAME":"S21","CATEGORY_ID":25000,"COLOR":5,"ROOMNUM":null,"FLOOR_INDEX":6,"FLOOR_NAME":"F6","ORIG_FID":703},"geometry":{"x":2132.5,"y":-1112.5}},{"attributes":{"OBJECTID":20,"GEO_ID":"H85200001F0610301","BUILDING_ID":"H85200001","FLOOR_ID":"H85200001F06","POI_ID":"H85200001F0610301","NAME":"E1","CATEGORY_ID":25000,"COLOR":5,"ROOMNUM":null,"FLOOR_INDEX":6,"FLOOR_NAME":"F6","ORIG_FID":715},"geometry":{"x":2365.5,"y":-1390}},{"attributes":{"OBJECTID":21,"GEO_ID":"H85200001F0610302","BUILDING_ID":"H85200001","FLOOR_ID":"H85200001F06","POI_ID":"H85200001F0610302","NAME":"E2","CATEGORY_ID":25000,"COLOR":5,"ROOMNUM":null,"FLOOR_INDEX":6,"FLOOR_NAME":"F6","ORIG_FID":716},"geometry":{"x":2365.5,"y":-1526}},{"attributes":{"OBJECTID":22,"GEO_ID":"H85200001F0610303","BUILDING_ID":"H85200001","FLOOR_ID":"H85200001F06","POI_ID":"H85200001F0610303","NAME":"E3","CATEGORY_ID":25000,"COLOR":5,"ROOMNUM":null,"FLOOR_INDEX":6,"FLOOR_NAME":"F6","ORIG_FID":717},"geometry":{"x":2365.5,"y":-1662}},{"attributes":{"OBJECTID":23,"GEO_ID":"H85200001F0610304","BUILDING_ID":"H85200001","FLOOR_ID":"H85200001F06","POI_ID":"H85200001F0610304","NAME":"E4","CATEGORY_ID":25000,"COLOR":5,"ROOMNUM":null,"FLOOR_INDEX":6,"FLOOR_NAME":"F6","ORIG_FID":718},"geometry":{"x":2450.5,"y":-1724.5}},{"attributes":{"OBJECTID":24,"GEO_ID":"H85200001F0610305","BUILDING_ID":"H85200001","FLOOR_ID":"H85200001F06","POI_ID":"H85200001F0610305","NAME":"E15","CATEGORY_ID":25000,"COLOR":5,"ROOMNUM":null,"FLOOR_INDEX":6,"FLOOR_NAME":"F6","ORIG_FID":720},"geometry":{"x":2365.5,"y":-749.5}},{"attributes":{"OBJECTID":25,"GEO_ID":"H85200001F0610306","BUILDING_ID":"H85200001","FLOOR_ID":"H85200001F06","POI_ID":"H85200001F0610306","NAME":"E16","CATEGORY_ID":25000,"COLOR":5,"ROOMNUM":null,"FLOOR_INDEX":6,"FLOOR_NAME":"F6","ORIG_FID":722},"geometry":{"x":2365.5,"y":-568}},{"attributes":{"OBJECTID":26,"GEO_ID":"H85200001F0610307","BUILDING_ID":"H85200001","FLOOR_ID":"H85200001F06","POI_ID":"H85200001F0610307","NAME":"E17","CATEGORY_ID":25000,"COLOR":5,"ROOMNUM":null,"FLOOR_INDEX":6,"FLOOR_NAME":"F6","ORIG_FID":724},"geometry":{"x":2365.5,"y":-432}},{"attributes":{"OBJECTID":27,"GEO_ID":"H85200001F0610308","BUILDING_ID":"H85200001","FLOOR_ID":"H85200001F06","POI_ID":"H85200001F0610308","NAME":"E18","CATEGORY_ID":25000,"COLOR":5,"ROOMNUM":null,"FLOOR_INDEX":6,"FLOOR_NAME":"F6","ORIG_FID":725},"geometry":{"x":2416.5,"y":-369.5}},{"attributes":{"OBJECTID":28,"GEO_ID":"H85200001F0610309","BUILDING_ID":"H85200001","FLOOR_ID":"H85200001F06","POI_ID":"H85200001F0610309","NAME":"E19","CATEGORY_ID":25000,"COLOR":5,"ROOMNUM":null,"FLOOR_INDEX":6,"FLOOR_NAME":"F6","ORIG_FID":726},"geometry":{"x":2450.5,"y":-369.5}},{"attributes":{"OBJECTID":29,"GEO_ID":"H85200001F0610310","BUILDING_ID":"H85200001","FLOOR_ID":"H85200001F06","POI_ID":"H85200001F0610310","NAME":"W61","CATEGORY_ID":25000,"COLOR":5,"ROOMNUM":null,"FLOOR_INDEX":6,"FLOOR_NAME":"F6","ORIG_FID":729},"geometry":{"x":732.20300000160933,"y":-853.78830000013113}},{"attributes":{"OBJECTID":30,"GEO_ID":"H85200001F0610311","BUILDING_ID":"H85200001","FLOOR_ID":"H85200001F06","POI_ID":"H85200001F0610311","NAME":"N60","CATEGORY_ID":25000,"COLOR":5,"ROOMNUM":null,"FLOOR_INDEX":6,"FLOOR_NAME":"F6","ORIG_FID":730},"geometry":{"x":876.74139999970794,"y":-811.02360000088811}},{"attributes":{"OBJECTID":31,"GEO_ID":"H85200001F0610312","BUILDING_ID":"H85200001","FLOOR_ID":"H85200001F06","POI_ID":"H85200001F0610312","NAME":"W46","CATEGORY_ID":25000,"COLOR":5,"ROOMNUM":null,"FLOOR_INDEX":6,"FLOOR_NAME":"F6","ORIG_FID":731},"geometry":{"x":494.35440000146627,"y":-1478.1629000008106}},{"attributes":{"OBJECTID":32,"GEO_ID":"H85200001F0610313","BUILDING_ID":"H85200001","FLOOR_ID":"H85200001F06","POI_ID":"H85200001F0610313","NAME":"W48","CATEGORY_ID":25000,"COLOR":5,"ROOMNUM":null,"FLOOR_INDEX":6,"FLOOR_NAME":"F6","ORIG_FID":732},"geometry":{"x":392.46979999914765,"y":-1580.047499999404}},{"attributes":{"OBJECTID":33,"GEO_ID":"H85200001F0610314","BUILDING_ID":"H85200001","FLOOR_ID":"H85200001F06","POI_ID":"H85200001F0610314","NAME":"W44","CATEGORY_ID":25000,"COLOR":5,"ROOMNUM":null,"FLOOR_INDEX":6,"FLOOR_NAME":"F6","ORIG_FID":733},"geometry":{"x":596.37790000066161,"y":-1376.1394000016153}},{"attributes":{"OBJECTID":34,"GEO_ID":"H85200001F0610315","BUILDING_ID":"H85200001","FLOOR_ID":"H85200001F06","POI_ID":"H85200001F0610315","NAME":"W40","CATEGORY_ID":25000,"COLOR":5,"ROOMNUM":null,"FLOOR_INDEX":6,"FLOOR_NAME":"F6","ORIG_FID":734},"geometry":{"x":800.35289999842644,"y":-1172.1644000001252}},{"attributes":{"OBJECTID":35,"GEO_ID":"H85200001F0610316","BUILDING_ID":"H85200001","FLOOR_ID":"H85200001F06","POI_ID":"H85200001F0610316","NAME":"W42","CATEGORY_ID":25000,"COLOR":5,"ROOMNUM":null,"FLOOR_INDEX":6,"FLOOR_NAME":"F6","ORIG_FID":735},"geometry":{"x":698.2956000007689,"y":-1274.221700001508}},{"attributes":{"OBJECTID":36,"GEO_ID":"H85200001F0610317","BUILDING_ID":"H85200001","FLOOR_ID":"H85200001F06","POI_ID":"H85200001F0610317","NAME":"S41","CATEGORY_ID":25000,"COLOR":5,"ROOMNUM":null,"FLOOR_INDEX":6,"FLOOR_NAME":"F6","ORIG_FID":738},"geometry":{"x":859.72659999877214,"y":-1300.3491000011563}},{"attributes":{"OBJECTID":37,"GEO_ID":"H85200001F0610318","BUILDING_ID":"H85200001","FLOOR_ID":"H85200001F06","POI_ID":"H85200001F0610318","NAME":"S43","CATEGORY_ID":25000,"COLOR":5,"ROOMNUM":null,"FLOOR_INDEX":6,"FLOOR_NAME":"F6","ORIG_FID":739},"geometry":{"x":757.66330000013113,"y":-1402.4123999997973}},{"attributes":{"OBJECTID":38,"GEO_ID":"H85200001F0610319","BUILDING_ID":"H85200001","FLOOR_ID":"H85200001F06","POI_ID":"H85200001F0610319","NAME":"S45","CATEGORY_ID":25000,"COLOR":5,"ROOMNUM":null,"FLOOR_INDEX":6,"FLOOR_NAME":"F6","ORIG_FID":740},"geometry":{"x":655.57360000163317,"y":-1504.5020999982953}},{"attributes":{"OBJECTID":39,"GEO_ID":"H85200001F0610320","BUILDING_ID":"H85200001","FLOOR_ID":"H85200001F06","POI_ID":"H85200001F0610320","NAME":"S47","CATEGORY_ID":25000,"COLOR":5,"ROOMNUM":null,"FLOOR_INDEX":6,"FLOOR_NAME":"F6","ORIG_FID":741},"geometry":{"x":554.00919999927282,"y":-1606.0586000010371}},{"attributes":{"OBJECTID":40,"GEO_ID":"H85200001F0610321","BUILDING_ID":"H85200001","FLOOR_ID":"H85200001F06","POI_ID":"H85200001F0610321","NAME":"S49","CATEGORY_ID":25000,"COLOR":5,"ROOMNUM":null,"FLOOR_INDEX":6,"FLOOR_NAME":"F6","ORIG_FID":742},"geometry":{"x":466.5,"y":-1656.5}},{"attributes":{"OBJECTID":41,"GEO_ID":"H85200001F0610322","BUILDING_ID":"H85200001","FLOOR_ID":"H85200001F06","POI_ID":"H85200001F0610322","NAME":"W50","CATEGORY_ID":25000,"COLOR":5,"ROOMNUM":null,"FLOOR_INDEX":6,"FLOOR_NAME":"F6","ORIG_FID":743},"geometry":{"x":432.63340000063181,"y":-1651.2562999986112}},{"attributes":{"OBJECTID":42,"GEO_ID":"H85200001F0610323","BUILDING_ID":"H85200001","FLOOR_ID":"H85200001F06","POI_ID":"H85200001F0610323","NAME":"N20","CATEGORY_ID":25000,"COLOR":5,"ROOMNUM":null,"FLOOR_INDEX":6,"FLOOR_NAME":"F6","ORIG_FID":745},"geometry":{"x":2136.5,"y":-978.50010000169277}},{"attributes":{"OBJECTID":43,"GEO_ID":"H85200001F0610324","BUILDING_ID":"H85200001","FLOOR_ID":"H85200001F06","POI_ID":"H85200001F0610324","NAME":"N36","CATEGORY_ID":25000,"COLOR":5,"ROOMNUM":null,"FLOOR_INDEX":6,"FLOOR_NAME":"F6","ORIG_FID":746},"geometry":{"x":1078.4943000003695,"y":-981.51429999992251}},{"attributes":{"OBJECTID":44,"GEO_ID":"H85200001F0610325","BUILDING_ID":"H85200001","FLOOR_ID":"H85200001F06","POI_ID":"H85200001F0610325","NAME":"N34","CATEGORY_ID":25000,"COLOR":5,"ROOMNUM":null,"FLOOR_INDEX":6,"FLOOR_NAME":"F6","ORIG_FID":747},"geometry":{"x":1214.4943000003695,"y":-981.51429999992251}},{"attributes":{"OBJECTID":45,"GEO_ID":"H85200001F0610326","BUILDING_ID":"H85200001","FLOOR_ID":"H85200001F06","POI_ID":"H85200001F0610326","NAME":"N32","CATEGORY_ID":25000,"COLOR":5,"ROOMNUM":null,"FLOOR_INDEX":6,"FLOOR_NAME":"F6","ORIG_FID":748},"geometry":{"x":1351.4943000003695,"y":-981.51429999992251}},{"attributes":{"OBJECTID":46,"GEO_ID":"H85200001F0610327","BUILDING_ID":"H85200001","FLOOR_ID":"H85200001F06","POI_ID":"H85200001F0610327","NAME":"N30","CATEGORY_ID":25000,"COLOR":5,"ROOMNUM":null,"FLOOR_INDEX":6,"FLOOR_NAME":"F6","ORIG_FID":749},"geometry":{"x":1487.4943000003695,"y":-981.51429999992251}},{"attributes":{"OBJECTID":47,"GEO_ID":"H85200001F0610328","BUILDING_ID":"H85200001","FLOOR_ID":"H85200001F06","POI_ID":"H85200001F0610328","NAME":"N28","CATEGORY_ID":25000,"COLOR":5,"ROOMNUM":null,"FLOOR_INDEX":6,"FLOOR_NAME":"F6","ORIG_FID":750},"geometry":{"x":1640.4943000003695,"y":-981.51429999992251}},{"attributes":{"OBJECTID":48,"GEO_ID":"H85200001F0610329","BUILDING_ID":"H85200001","FLOOR_ID":"H85200001F06","POI_ID":"H85200001F0610329","NAME":"N26","CATEGORY_ID":25000,"COLOR":5,"ROOMNUM":null,"FLOOR_INDEX":6,"FLOOR_NAME":"F6","ORIG_FID":751},"geometry":{"x":1776.4943000003695,"y":-981.51429999992251}},{"attributes":{"OBJECTID":49,"GEO_ID":"H85200001F0610330","BUILDING_ID":"H85200001","FLOOR_ID":"H85200001F06","POI_ID":"H85200001F0610330","NAME":"N24","CATEGORY_ID":25000,"COLOR":5,"ROOMNUM":null,"FLOOR_INDEX":6,"FLOOR_NAME":"F6","ORIG_FID":752},"geometry":{"x":1912.4943000003695,"y":-981.51429999992251}},{"attributes":{"OBJECTID":50,"GEO_ID":"H85200001F0610331","BUILDING_ID":"H85200001","FLOOR_ID":"H85200001F06","POI_ID":"H85200001F0610331","NAME":"N22","CATEGORY_ID":25000,"COLOR":5,"ROOMNUM":null,"FLOOR_INDEX":6,"FLOOR_NAME":"F6","ORIG_FID":753},"geometry":{"x":2047.5,"y":-981.5}},{"attributes":{"OBJECTID":52,"GEO_ID":"H85200001F0610165","BUILDING_ID":"H85200001","FLOOR_ID":"H85200001F06","POI_ID":"H85200001F0610165","NAME":"台湾牛肉面","CATEGORY_ID":25000,"COLOR":3,"ROOMNUM":null,"FLOOR_INDEX":6,"FLOOR_NAME":"F6","ORIG_FID":757},"geometry":{"x":519.62449999898672,"y":-573.53150000050664}},{"attributes":{"OBJECTID":53,"GEO_ID":"H85200001F0610166","BUILDING_ID":"H85200001","FLOOR_ID":"H85200001F06","POI_ID":"H85200001F0610166","NAME":"G2000","CATEGORY_ID":25000,"COLOR":3,"ROOMNUM":null,"FLOOR_INDEX":6,"FLOOR_NAME":"F6","ORIG_FID":762},"geometry":{"x":729,"y":-782.5}},{"attributes":{"OBJECTID":55,"GEO_ID":"H85200001F0610167","BUILDING_ID":"H85200001","FLOOR_ID":"H85200001F06","POI_ID":"H85200001F0610167","NAME":"agnès b.","CATEGORY_ID":25000,"COLOR":3,"ROOMNUM":null,"FLOOR_INDEX":6,"FLOOR_NAME":"F6","ORIG_FID":765},"geometry":{"x":765.25,"y":-767.75}},{"attributes":{"OBJECTID":59,"GEO_ID":"H85200001F0610168","BUILDING_ID":"H85200001","FLOOR_ID":"H85200001F06","POI_ID":"H85200001F0610168","NAME":"DFS Galleria","CATEGORY_ID":25000,"COLOR":3,"ROOMNUM":null,"FLOOR_INDEX":6,"FLOOR_NAME":"F6","ORIG_FID":772},"geometry":{"x":988.77780000120401,"y":-1001.5555999986827}},{"attributes":{"OBJECTID":60,"GEO_ID":"H85200001F0610169","BUILDING_ID":"H85200001","FLOOR_ID":"H85200001F06","POI_ID":"H85200001F0610169","NAME":"DFS Duty Free","CATEGORY_ID":25000,"COLOR":3,"ROOMNUM":null,"FLOOR_INDEX":6,"FLOOR_NAME":"F6","ORIG_FID":773},"geometry":{"x":935.59699999913573,"y":-990.61710000038147}},{"attributes":{"OBJECTID":64,"GEO_ID":"H85200001F0610170","BUILDING_ID":"H85200001","FLOOR_ID":"H85200001F06","POI_ID":"H85200001F0610170","NAME":"食尚荟","CATEGORY_ID":25000,"COLOR":3,"ROOMNUM":null,"FLOOR_INDEX":6,"FLOOR_NAME":"F6","ORIG_FID":778},"geometry":{"x":887.96420000120997,"y":-1097.71420000121}},{"attributes":{"OBJECTID":71,"GEO_ID":"H85200001F0610171","BUILDING_ID":"H85200001","FLOOR_ID":"H85200001F06","POI_ID":"H85200001F0610171","NAME":"经纬","CATEGORY_ID":25000,"COLOR":3,"ROOMNUM":null,"FLOOR_INDEX":6,"FLOOR_NAME":"F6","ORIG_FID":788},"geometry":{"x":895.62959999963641,"y":-1194.8764999993145}},{"attributes":{"OBJECTID":72,"GEO_ID":"H85200001F0610172","BUILDING_ID":"H85200001","FLOOR_ID":"H85200001F06","POI_ID":"H85200001F0610172","NAME":"Taste & Delights","CATEGORY_ID":25000,"COLOR":3,"ROOMNUM":null,"FLOOR_INDEX":6,"FLOOR_NAME":"F6","ORIG_FID":789},"geometry":{"x":865.63740000128746,"y":-1177.646899998188}},{"attributes":{"OBJECTID":76,"GEO_ID":"H85200001F0610173","BUILDING_ID":"H85200001","FLOOR_ID":"H85200001F06","POI_ID":"H85200001F0610173","NAME":"DFS Galleria","CATEGORY_ID":25000,"COLOR":3,"ROOMNUM":null,"FLOOR_INDEX":6,"FLOOR_NAME":"F6","ORIG_FID":795},"geometry":{"x":650.13580000028014,"y":-1387.7342999987304}},{"attributes":{"OBJECTID":77,"GEO_ID":"H85200001F0610174","BUILDING_ID":"H85200001","FLOOR_ID":"H85200001F06","POI_ID":"H85200001F0610174","NAME":"DFS Duty Free","CATEGORY_ID":25000,"COLOR":3,"ROOMNUM":null,"FLOOR_INDEX":6,"FLOOR_NAME":"F6","ORIG_FID":796},"geometry":{"x":702.61589999869466,"y":-1393.194200001657}},{"attributes":{"OBJECTID":80,"GEO_ID":"H85200001F0610175","BUILDING_ID":"H85200001","FLOOR_ID":"H85200001F06","POI_ID":"H85200001F0610175","NAME":"Nosh Café & Bar","CATEGORY_ID":25000,"COLOR":3,"ROOMNUM":null,"FLOOR_INDEX":6,"FLOOR_NAME":"F6","ORIG_FID":801},"geometry":{"x":564.74839999899268,"y":-568.05539999902248}},{"attributes":{"OBJECTID":90,"GEO_ID":"H85200001F0610176","BUILDING_ID":"H85200001","FLOOR_ID":"H85200001F06","POI_ID":"H85200001F0610176","NAME":"DFS Galleria","CATEGORY_ID":25000,"COLOR":3,"ROOMNUM":null,"FLOOR_INDEX":6,"FLOOR_NAME":"F6","ORIG_FID":811},"geometry":{"x":1613.2166000008583,"y":-1028.096700001508}},{"attributes":{"OBJECTID":94,"GEO_ID":"H85200001F0610177","BUILDING_ID":"H85200001","FLOOR_ID":"H85200001F06","POI_ID":"H85200001F0610177","NAME":"DFS Beauty","CATEGORY_ID":25000,"COLOR":3,"ROOMNUM":null,"FLOOR_INDEX":6,"FLOOR_NAME":"F6","ORIG_FID":816},"geometry":{"x":1618.5931999981403,"y":-1065.7373000010848}},{"attributes":{"OBJECTID":95,"GEO_ID":"H85200001F0610178","BUILDING_ID":"H85200001","FLOOR_ID":"H85200001F06","POI_ID":"H85200001F0610178","NAME":"Page One","CATEGORY_ID":25000,"COLOR":3,"ROOMNUM":null,"FLOOR_INDEX":6,"FLOOR_NAME":"F6","ORIG_FID":817},"geometry":{"x":1693.8119000010192,"y":-1028.4307000003755}},{"attributes":{"OBJECTID":96,"GEO_ID":"H85200001F0610179","BUILDING_ID":"H85200001","FLOOR_ID":"H85200001F06","POI_ID":"H85200001F0610179","NAME":"DFS Duty Free","CATEGORY_ID":25000,"COLOR":3,"ROOMNUM":null,"FLOOR_INDEX":6,"FLOOR_NAME":"F6","ORIG_FID":818},"geometry":{"x":1683.5843000002205,"y":-1065.5674999989569}},{"attributes":{"OBJECTID":108,"GEO_ID":"H85200001F0610180","BUILDING_ID":"H85200001","FLOOR_ID":"H85200001F06","POI_ID":"H85200001F0610180","NAME":"Page One","CATEGORY_ID":25000,"COLOR":3,"ROOMNUM":null,"FLOOR_INDEX":6,"FLOOR_NAME":"F6","ORIG_FID":830},"geometry":{"x":2220.0802999995649,"y":-1149.2884000018239}},{"attributes":{"OBJECTID":109,"GEO_ID":"H85200001F0610181","BUILDING_ID":"H85200001","FLOOR_ID":"H85200001F06","POI_ID":"H85200001F0610181","NAME":"经纬","CATEGORY_ID":25000,"COLOR":3,"ROOMNUM":null,"FLOOR_INDEX":6,"FLOOR_NAME":"F6","ORIG_FID":831},"geometry":{"x":2222.3321999981999,"y":-944.34270000085235}},{"attributes":{"OBJECTID":118,"GEO_ID":"H85200001F0610182","BUILDING_ID":"H85200001","FLOOR_ID":"H85200001F06","POI_ID":"H85200001F0610182","NAME":"Rolex","CATEGORY_ID":25000,"COLOR":3,"ROOMNUM":null,"FLOOR_INDEX":6,"FLOOR_NAME":"F6","ORIG_FID":840},"geometry":{"x":2258.2811000011861,"y":-997.6444000005722}},{"attributes":{"OBJECTID":121,"GEO_ID":"H85200001F0610183","BUILDING_ID":"H85200001","FLOOR_ID":"H85200001F06","POI_ID":"H85200001F0610183","NAME":"DFS Galleria","CATEGORY_ID":25000,"COLOR":3,"ROOMNUM":null,"FLOOR_INDEX":6,"FLOOR_NAME":"F6","ORIG_FID":844},"geometry":{"x":2340.8432999998331,"y":-828.20850000157952}},{"attributes":{"OBJECTID":124,"GEO_ID":"H85200001F0610184","BUILDING_ID":"H85200001","FLOOR_ID":"H85200001F06","POI_ID":"H85200001F0610184","NAME":"CHANEL","CATEGORY_ID":25000,"COLOR":3,"ROOMNUM":null,"FLOOR_INDEX":6,"FLOOR_NAME":"F6","ORIG_FID":849},"geometry":{"x":2258.1922999992967,"y":-1096.4468000009656}},{"attributes":{"OBJECTID":129,"GEO_ID":"H85200001F0610185","BUILDING_ID":"H85200001","FLOOR_ID":"H85200001F06","POI_ID":"H85200001F0610185","NAME":"Sound & Vision enriching life","CATEGORY_ID":25000,"COLOR":3,"ROOMNUM":null,"FLOOR_INDEX":6,"FLOOR_NAME":"F6","ORIG_FID":854},"geometry":{"x":2374.9070999994874,"y":-1244.144999999553}},{"attributes":{"OBJECTID":130,"GEO_ID":"H85200001F0610186","BUILDING_ID":"H85200001","FLOOR_ID":"H85200001F06","POI_ID":"H85200001F0610186","NAME":"DFS Beauty","CATEGORY_ID":25000,"COLOR":3,"ROOMNUM":null,"FLOOR_INDEX":6,"FLOOR_NAME":"F6","ORIG_FID":855},"geometry":{"x":2360.6717999987304,"y":-1144.7866000011563}},{"attributes":{"OBJECTID":131,"GEO_ID":"H85200001F0610187","BUILDING_ID":"H85200001","FLOOR_ID":"H85200001F06","POI_ID":"H85200001F0610187","NAME":"DFS Duty Free","CATEGORY_ID":25000,"COLOR":3,"ROOMNUM":null,"FLOOR_INDEX":6,"FLOOR_NAME":"F6","ORIG_FID":856},"geometry":{"x":2345.6772999987006,"y":-1273.5760000012815}},{"attributes":{"OBJECTID":148,"GEO_ID":"H85200001F0610189","BUILDING_ID":"H85200001","FLOOR_ID":"H85200001F06","POI_ID":"H85200001F0610189","NAME":"DFS Galleria","CATEGORY_ID":25000,"COLOR":3,"ROOMNUM":null,"FLOOR_INDEX":6,"FLOOR_NAME":"F6","ORIG_FID":873},"geometry":{"x":2442,"y":-1484}},{"attributes":{"OBJECTID":149,"GEO_ID":"H85200001F0610190","BUILDING_ID":"H85200001","FLOOR_ID":"H85200001F06","POI_ID":"H85200001F0610190","NAME":"Délifrance","CATEGORY_ID":25000,"COLOR":3,"ROOMNUM":null,"FLOOR_INDEX":6,"FLOOR_NAME":"F6","ORIG_FID":874},"geometry":{"x":2439,"y":-1465.5}},{"attributes":{"OBJECTID":150,"GEO_ID":"H85200001F0610191","BUILDING_ID":"H85200001","FLOOR_ID":"H85200001F06","POI_ID":"H85200001F0610191","NAME":"DFS Duty Free","CATEGORY_ID":25000,"COLOR":3,"ROOMNUM":null,"FLOOR_INDEX":6,"FLOOR_NAME":"F6","ORIG_FID":875},"geometry":{"x":2442,"y":-1502.5}},{"attributes":{"OBJECTID":153,"GEO_ID":"H85200001F0610192","BUILDING_ID":"H85200001","FLOOR_ID":"H85200001F06","POI_ID":"H85200001F0610192","NAME":"Page One","CATEGORY_ID":25000,"COLOR":3,"ROOMNUM":null,"FLOOR_INDEX":6,"FLOOR_NAME":"F6","ORIG_FID":878},"geometry":{"x":2439.8999999985099,"y":-1349.6000000014901}},{"attributes":{"OBJECTID":154,"GEO_ID":"H85200001F0610193","BUILDING_ID":"H85200001","FLOOR_ID":"H85200001F06","POI_ID":"H85200001F0610193","NAME":"DFS Beauty","CATEGORY_ID":25000,"COLOR":3,"ROOMNUM":null,"FLOOR_INDEX":6,"FLOOR_NAME":"F6","ORIG_FID":879},"geometry":{"x":2439,"y":-1368.5}},{"attributes":{"OBJECTID":155,"GEO_ID":"H85200001F0610194","BUILDING_ID":"H85200001","FLOOR_ID":"H85200001F06","POI_ID":"H85200001F0610194","NAME":"DFS Galleria","CATEGORY_ID":25000,"COLOR":3,"ROOMNUM":null,"FLOOR_INDEX":6,"FLOOR_NAME":"F6","ORIG_FID":880},"geometry":{"x":2440.3051000013947,"y":-607.33049999922514}},{"attributes":{"OBJECTID":157,"GEO_ID":"H85200001F0610195","BUILDING_ID":"H85200001","FLOOR_ID":"H85200001F06","POI_ID":"H85200001F0610195","NAME":"DFS Duty Free","CATEGORY_ID":25000,"COLOR":3,"ROOMNUM":null,"FLOOR_INDEX":6,"FLOOR_NAME":"F6","ORIG_FID":882},"geometry":{"x":2442,"y":-629}},{"attributes":{"OBJECTID":158,"GEO_ID":"H85200001F0610196","BUILDING_ID":"H85200001","FLOOR_ID":"H85200001F06","POI_ID":"H85200001F0610196","NAME":"Starbucks","CATEGORY_ID":25000,"COLOR":3,"ROOMNUM":null,"FLOOR_INDEX":6,"FLOOR_NAME":"F6","ORIG_FID":883},"geometry":{"x":2439,"y":-581}},{"attributes":{"OBJECTID":161,"GEO_ID":"H85200001F0610197","BUILDING_ID":"H85200001","FLOOR_ID":"H85200001F06","POI_ID":"H85200001F0610197","NAME":"经纬","CATEGORY_ID":25000,"COLOR":3,"ROOMNUM":null,"FLOOR_INDEX":6,"FLOOR_NAME":"F6","ORIG_FID":887},"geometry":{"x":2440.0434999987483,"y":-745.10869999974966}},{"attributes":{"OBJECTID":162,"GEO_ID":"H85200001F0610198","BUILDING_ID":"H85200001","FLOOR_ID":"H85200001F06","POI_ID":"H85200001F0610198","NAME":"DFS Beauty","CATEGORY_ID":25000,"COLOR":3,"ROOMNUM":null,"FLOOR_INDEX":6,"FLOOR_NAME":"F6","ORIG_FID":888},"geometry":{"x":2439,"y":-727}},{"attributes":{"OBJECTID":164,"GEO_ID":"H85200001F0610199","BUILDING_ID":"H85200001","FLOOR_ID":"H85200001F06","POI_ID":"H85200001F0610199","NAME":"Wellness Salon","CATEGORY_ID":25000,"COLOR":3,"ROOMNUM":null,"FLOOR_INDEX":6,"FLOOR_NAME":"F6","ORIG_FID":890},"geometry":{"x":2444.5445000007749,"y":-808.42300000041723}},{"attributes":{"OBJECTID":166,"GEO_ID":"H85200001F0610200","BUILDING_ID":"H85200001","FLOOR_ID":"H85200001F06","POI_ID":"H85200001F0610200","NAME":"ZARA","CATEGORY_ID":25000,"COLOR":3,"ROOMNUM":null,"FLOOR_INDEX":6,"FLOOR_NAME":"F6","ORIG_FID":892},"geometry":{"x":2436.7811999991536,"y":-903.49570000171661}},{"attributes":{"OBJECTID":169,"GEO_ID":"H85200001F0610201","BUILDING_ID":"H85200001","FLOOR_ID":"H85200001F06","POI_ID":"H85200001F0610201","NAME":"Sound & Vision enriching life","CATEGORY_ID":25000,"COLOR":3,"ROOMNUM":null,"FLOOR_INDEX":6,"FLOOR_NAME":"F6","ORIG_FID":896},"geometry":{"x":2374.179699998349,"y":-851.08199999853969}},{"attributes":{"OBJECTID":174,"GEO_ID":"H85200001F0610202","BUILDING_ID":"H85200001","FLOOR_ID":"H85200001F06","POI_ID":"H85200001F0610202","NAME":"M.A.C.","CATEGORY_ID":25000,"COLOR":3,"ROOMNUM":null,"FLOOR_INDEX":6,"FLOOR_NAME":"F6","ORIG_FID":904},"geometry":{"x":2344,"y":-894}},{"attributes":{"OBJECTID":175,"GEO_ID":"H85200001F0610203","BUILDING_ID":"H85200001","FLOOR_ID":"H85200001F06","POI_ID":"H85200001F0610203","NAME":"Piaget","CATEGORY_ID":25000,"COLOR":3,"ROOMNUM":null,"FLOOR_INDEX":6,"FLOOR_NAME":"F6","ORIG_FID":905},"geometry":{"x":2332.1893000006676,"y":-905.16079999879003}},{"attributes":{"OBJECTID":176,"GEO_ID":"H85200001F0610204","BUILDING_ID":"H85200001","FLOOR_ID":"H85200001F06","POI_ID":"H85200001F0610204","NAME":"Travelex Worldwide Money","CATEGORY_ID":25000,"COLOR":3,"ROOMNUM":null,"FLOOR_INDEX":6,"FLOOR_NAME":"F6","ORIG_FID":906},"geometry":{"x":2314.7248000018299,"y":-925.71970000118017}},{"attributes":{"OBJECTID":177,"GEO_ID":"H85200001F0610205","BUILDING_ID":"H85200001","FLOOR_ID":"H85200001F06","POI_ID":"H85200001F0610205","NAME":"Jaeger-LeCoultre","CATEGORY_ID":25000,"COLOR":3,"ROOMNUM":null,"FLOOR_INDEX":6,"FLOOR_NAME":"F6","ORIG_FID":907},"geometry":{"x":2273.5734999999404,"y":-970.96849999949336}},{"attributes":{"OBJECTID":181,"GEO_ID":"H85200001F0610206","BUILDING_ID":"H85200001","FLOOR_ID":"H85200001F06","POI_ID":"H85200001F0610206","NAME":"DFS Duty Free","CATEGORY_ID":25000,"COLOR":3,"ROOMNUM":null,"FLOOR_INDEX":6,"FLOOR_NAME":"F6","ORIG_FID":911},"geometry":{"x":2384.070799998939,"y":-925.7897000014782}},{"attributes":{"OBJECTID":182,"GEO_ID":"H85200001F0610207","BUILDING_ID":"H85200001","FLOOR_ID":"H85200001F06","POI_ID":"H85200001F0610207","NAME":"Bottega Veneta","CATEGORY_ID":25000,"COLOR":3,"ROOMNUM":null,"FLOOR_INDEX":6,"FLOOR_NAME":"F6","ORIG_FID":912},"geometry":{"x":2350.8574000000954,"y":-998.4670999981463}},{"attributes":{"OBJECTID":184,"GEO_ID":"H85200001F0610209","BUILDING_ID":"H85200001","FLOOR_ID":"H85200001F06","POI_ID":"H85200001F0610209","NAME":"OMEGA","CATEGORY_ID":25000,"COLOR":3,"ROOMNUM":null,"FLOOR_INDEX":6,"FLOOR_NAME":"F6","ORIG_FID":914},"geometry":{"x":2334.4189000017941,"y":-960.09450000151992}},{"attributes":{"OBJECTID":185,"GEO_ID":"H85200001F0610210","BUILDING_ID":"H85200001","FLOOR_ID":"H85200001F06","POI_ID":"H85200001F0610210","NAME":"Valentino","CATEGORY_ID":25000,"COLOR":3,"ROOMNUM":null,"FLOOR_INDEX":6,"FLOOR_NAME":"F6","ORIG_FID":915},"geometry":{"x":2347.6431000009179,"y":-981.33839999884367}},{"attributes":{"OBJECTID":186,"GEO_ID":"H85200001F0610211","BUILDING_ID":"H85200001","FLOOR_ID":"H85200001F06","POI_ID":"H85200001F0610211","NAME":"DFS Beauty","CATEGORY_ID":25000,"COLOR":3,"ROOMNUM":null,"FLOOR_INDEX":6,"FLOOR_NAME":"F6","ORIG_FID":916},"geometry":{"x":2355.834699999541,"y":-956.84010000154376}},{"attributes":{"OBJECTID":188,"GEO_ID":"H85200001F0610212","BUILDING_ID":"H85200001","FLOOR_ID":"H85200001F06","POI_ID":"H85200001F0610212","NAME":"PRADA","CATEGORY_ID":25000,"COLOR":3,"ROOMNUM":null,"FLOOR_INDEX":6,"FLOOR_NAME":"F6","ORIG_FID":922},"geometry":{"x":2363.3579999990761,"y":-1028.480799999088}},{"attributes":{"OBJECTID":189,"GEO_ID":"H85200001F0610213","BUILDING_ID":"H85200001","FLOOR_ID":"H85200001F06","POI_ID":"H85200001F0610213","NAME":"Christian Dior","CATEGORY_ID":25000,"COLOR":3,"ROOMNUM":null,"FLOOR_INDEX":6,"FLOOR_NAME":"F6","ORIG_FID":923},"geometry":{"x":2364.0392999984324,"y":-1047.5051999986172}},{"attributes":{"OBJECTID":190,"GEO_ID":"H85200001F0610214","BUILDING_ID":"H85200001","FLOOR_ID":"H85200001F06","POI_ID":"H85200001F0610214","NAME":"Burberry","CATEGORY_ID":25000,"COLOR":3,"ROOMNUM":null,"FLOOR_INDEX":6,"FLOOR_NAME":"F6","ORIG_FID":924},"geometry":{"x":2363.1706000007689,"y":-1066.4715000018477}},{"attributes":{"OBJECTID":193,"GEO_ID":"H85200001F0610216","BUILDING_ID":"H85200001","FLOOR_ID":"H85200001F06","POI_ID":"H85200001F0610216","NAME":"Bvlgari","CATEGORY_ID":25000,"COLOR":3,"ROOMNUM":null,"FLOOR_INDEX":6,"FLOOR_NAME":"F6","ORIG_FID":930},"geometry":{"x":2352.1929999999702,"y":-1098.7358999997377}},{"attributes":{"OBJECTID":195,"GEO_ID":"H85200001F0610218","BUILDING_ID":"H85200001","FLOOR_ID":"H85200001F06","POI_ID":"H85200001F0610218","NAME":"Ermenegildo Zegna","CATEGORY_ID":25000,"COLOR":3,"ROOMNUM":null,"FLOOR_INDEX":6,"FLOOR_NAME":"F6","ORIG_FID":932},"geometry":{"x":2347.6488999985158,"y":-1111.6000000014901}},{"attributes":{"OBJECTID":196,"GEO_ID":"H85200001F0610219","BUILDING_ID":"H85200001","FLOOR_ID":"H85200001F06","POI_ID":"H85200001F0610219","NAME":"Cartier","CATEGORY_ID":25000,"COLOR":3,"ROOMNUM":null,"FLOOR_INDEX":6,"FLOOR_NAME":"F6","ORIG_FID":933},"geometry":{"x":2341.1825000010431,"y":-1123.2177000008523}},{"attributes":{"OBJECTID":197,"GEO_ID":"H85200001F0610220","BUILDING_ID":"H85200001","FLOOR_ID":"H85200001F06","POI_ID":"H85200001F0610220","NAME":"Versace","CATEGORY_ID":25000,"COLOR":3,"ROOMNUM":null,"FLOOR_INDEX":6,"FLOOR_NAME":"F6","ORIG_FID":934},"geometry":{"x":2312.9116999991238,"y":-996.34569999948144}},{"attributes":{"OBJECTID":209,"GEO_ID":"H85200001F0610221","BUILDING_ID":"H85200001","FLOOR_ID":"H85200001F06","POI_ID":"H85200001F0610221","NAME":"Chaumet","CATEGORY_ID":25000,"COLOR":3,"ROOMNUM":null,"FLOOR_INDEX":6,"FLOOR_NAME":"F6","ORIG_FID":947},"geometry":{"x":2315.1141000017524,"y":-1015.8526999987662}},{"attributes":{"OBJECTID":210,"GEO_ID":"H85200001F0610222","BUILDING_ID":"H85200001","FLOOR_ID":"H85200001F06","POI_ID":"H85200001F0610222","NAME":"宝珀","CATEGORY_ID":25000,"COLOR":3,"ROOMNUM":null,"FLOOR_INDEX":6,"FLOOR_NAME":"F6","ORIG_FID":948},"geometry":{"x":2324.374200001359,"y":-1006.4120999984443}},{"attributes":{"OBJECTID":213,"GEO_ID":"H85200001F0610224","BUILDING_ID":"H85200001","FLOOR_ID":"H85200001F06","POI_ID":"H85200001F0610224","NAME":"万国表","CATEGORY_ID":25000,"COLOR":3,"ROOMNUM":null,"FLOOR_INDEX":6,"FLOOR_NAME":"F6","ORIG_FID":954},"geometry":{"x":2312.9400000013411,"y":-1097.5588000006974}},{"attributes":{"OBJECTID":214,"GEO_ID":"H85200001F0610225","BUILDING_ID":"H85200001","FLOOR_ID":"H85200001F06","POI_ID":"H85200001F0610225","NAME":"Tiffany & Co.","CATEGORY_ID":25000,"COLOR":3,"ROOMNUM":null,"FLOOR_INDEX":6,"FLOOR_NAME":"F6","ORIG_FID":955},"geometry":{"x":2313.2151999995112,"y":-1077.3951000012457}},{"attributes":{"OBJECTID":215,"GEO_ID":"H85200001F0610226","BUILDING_ID":"H85200001","FLOOR_ID":"H85200001F06","POI_ID":"H85200001F0610226","NAME":"DFS Galleria","CATEGORY_ID":25000,"COLOR":3,"ROOMNUM":null,"FLOOR_INDEX":6,"FLOOR_NAME":"F6","ORIG_FID":956},"geometry":{"x":2394.0113000012934,"y":-1178.0826999992132}},{"attributes":{"OBJECTID":216,"GEO_ID":"H85200001F0610227","BUILDING_ID":"H85200001","FLOOR_ID":"H85200001F06","POI_ID":"H85200001F0610227","NAME":"设计廊","CATEGORY_ID":25000,"COLOR":3,"ROOMNUM":null,"FLOOR_INDEX":6,"FLOOR_NAME":"F6","ORIG_FID":957},"geometry":{"x":2425.5,"y":-1208.5}},{"attributes":{"OBJECTID":222,"GEO_ID":"H85200001F0610228","BUILDING_ID":"H85200001","FLOOR_ID":"H85200001F06","POI_ID":"H85200001F0610228","NAME":"Kiehl’s","CATEGORY_ID":25000,"COLOR":3,"ROOMNUM":null,"FLOOR_INDEX":6,"FLOOR_NAME":"F6","ORIG_FID":968},"geometry":{"x":2344.5,"y":-1200}},{"attributes":{"OBJECTID":223,"GEO_ID":"H85200001F0610229","BUILDING_ID":"H85200001","FLOOR_ID":"H85200001F06","POI_ID":"H85200001F0610229","NAME":"Swarovski","CATEGORY_ID":25000,"COLOR":3,"ROOMNUM":null,"FLOOR_INDEX":6,"FLOOR_NAME":"F6","ORIG_FID":969},"geometry":{"x":2331.5034999996424,"y":-1190.1834999993443}},{"attributes":{"OBJECTID":224,"GEO_ID":"H85200001F0610230","BUILDING_ID":"H85200001","FLOOR_ID":"H85200001F06","POI_ID":"H85200001F0610230","NAME":"Travelex Worldwide Money","CATEGORY_ID":25000,"COLOR":3,"ROOMNUM":null,"FLOOR_INDEX":6,"FLOOR_NAME":"F6","ORIG_FID":971},"geometry":{"x":2313.9195999987423,"y":-1169.0289000011981}},{"attributes":{"OBJECTID":226,"GEO_ID":"H85200001F0610231","BUILDING_ID":"H85200001","FLOOR_ID":"H85200001F06","POI_ID":"H85200001F0610231","NAME":"Loro Piana","CATEGORY_ID":25000,"COLOR":3,"ROOMNUM":null,"FLOOR_INDEX":6,"FLOOR_NAME":"F6","ORIG_FID":977},"geometry":{"x":2273.4543000012636,"y":-1123.3205000013113}},{"attributes":{"OBJECTID":229,"GEO_ID":"H85200001F0610232","BUILDING_ID":"H85200001","FLOOR_ID":"H85200001F06","POI_ID":"H85200001F0610232","NAME":"周大福珠宝金行","CATEGORY_ID":25000,"COLOR":3,"ROOMNUM":null,"FLOOR_INDEX":6,"FLOOR_NAME":"F6","ORIG_FID":980},"geometry":{"x":2287.9809999987483,"y":-1225.4048000015318}},{"attributes":{"OBJECTID":231,"GEO_ID":"H85200001F0610233","BUILDING_ID":"H85200001","FLOOR_ID":"H85200001F06","POI_ID":"H85200001F0610233","NAME":"Balenciaga","CATEGORY_ID":25000,"COLOR":3,"ROOMNUM":null,"FLOOR_INDEX":6,"FLOOR_NAME":"F6","ORIG_FID":982},"geometry":{"x":2294.5718999989331,"y":-1209.3458000011742}},{"attributes":{"OBJECTID":232,"GEO_ID":"H85200001F0610234","BUILDING_ID":"H85200001","FLOOR_ID":"H85200001F06","POI_ID":"H85200001F0610234","NAME":"Givenchy","CATEGORY_ID":25000,"COLOR":3,"ROOMNUM":null,"FLOOR_INDEX":6,"FLOOR_NAME":"F6","ORIG_FID":983},"geometry":{"x":2282.4006999991834,"y":-1204.241700001061}},{"attributes":{"OBJECTID":233,"GEO_ID":"H85200001F0610235","BUILDING_ID":"H85200001","FLOOR_ID":"H85200001F06","POI_ID":"H85200001F0610235","NAME":"Coach","CATEGORY_ID":25000,"COLOR":3,"ROOMNUM":null,"FLOOR_INDEX":6,"FLOOR_NAME":"F6","ORIG_FID":984},"geometry":{"x":2271.2450000010431,"y":-1194.7670999988914}},{"attributes":{"OBJECTID":235,"GEO_ID":"H85200001F0610236","BUILDING_ID":"H85200001","FLOOR_ID":"H85200001F06","POI_ID":"H85200001F0610236","NAME":"Tory Burch","CATEGORY_ID":25000,"COLOR":3,"ROOMNUM":null,"FLOOR_INDEX":6,"FLOOR_NAME":"F6","ORIG_FID":986},"geometry":{"x":2260.6741000004113,"y":-1181.3214999996126}},{"attributes":{"OBJECTID":236,"GEO_ID":"H85200001F0610237","BUILDING_ID":"H85200001","FLOOR_ID":"H85200001F06","POI_ID":"H85200001F0610237","NAME":"Hugo Boss","CATEGORY_ID":25000,"COLOR":3,"ROOMNUM":null,"FLOOR_INDEX":6,"FLOOR_NAME":"F6","ORIG_FID":987},"geometry":{"x":2251.5861000008881,"y":-1171.8583999983966}},{"attributes":{"OBJECTID":238,"GEO_ID":"H85200001F0610238","BUILDING_ID":"H85200001","FLOOR_ID":"H85200001F06","POI_ID":"H85200001F0610238","NAME":"Harrods","CATEGORY_ID":25000,"COLOR":3,"ROOMNUM":null,"FLOOR_INDEX":6,"FLOOR_NAME":"F6","ORIG_FID":989},"geometry":{"x":2245.0247999988496,"y":-1149.9435000009835}},{"attributes":{"OBJECTID":239,"GEO_ID":"H85200001F0610239","BUILDING_ID":"H85200001","FLOOR_ID":"H85200001F06","POI_ID":"H85200001F0610239","NAME":"Moncler","CATEGORY_ID":25000,"COLOR":3,"ROOMNUM":null,"FLOOR_INDEX":6,"FLOOR_NAME":"F6","ORIG_FID":991},"geometry":{"x":2222.165600001812,"y":-1128.8388999998569}},{"attributes":{"OBJECTID":244,"GEO_ID":"H85200001F0610240","BUILDING_ID":"H85200001","FLOOR_ID":"H85200001F06","POI_ID":"H85200001F0610240","NAME":"周生生珠宝金行","CATEGORY_ID":25000,"COLOR":3,"ROOMNUM":null,"FLOOR_INDEX":6,"FLOOR_NAME":"F6","ORIG_FID":999},"geometry":{"x":2288.493299998343,"y":-869.08689999952912}},{"attributes":{"OBJECTID":245,"GEO_ID":"H85200001F0610241","BUILDING_ID":"H85200001","FLOOR_ID":"H85200001F06","POI_ID":"H85200001F0610241","NAME":"Loewe","CATEGORY_ID":25000,"COLOR":3,"ROOMNUM":null,"FLOOR_INDEX":6,"FLOOR_NAME":"F6","ORIG_FID":1000},"geometry":{"x":2294.7320999987423,"y":-884.6625999994576}},{"attributes":{"OBJECTID":246,"GEO_ID":"H85200001F0610242","BUILDING_ID":"H85200001","FLOOR_ID":"H85200001F06","POI_ID":"H85200001F0610242","NAME":"Miu Miu","CATEGORY_ID":25000,"COLOR":3,"ROOMNUM":null,"FLOOR_INDEX":6,"FLOOR_NAME":"F6","ORIG_FID":1001},"geometry":{"x":2283.2881999984384,"y":-890.41939999908209}},{"attributes":{"OBJECTID":247,"GEO_ID":"H85200001F0610243","BUILDING_ID":"H85200001","FLOOR_ID":"H85200001F06","POI_ID":"H85200001F0610243","NAME":"Alfred Dunhill","CATEGORY_ID":25000,"COLOR":3,"ROOMNUM":null,"FLOOR_INDEX":6,"FLOOR_NAME":"F6","ORIG_FID":1002},"geometry":{"x":2272.2241000011563,"y":-899.30420000106096}},{"attributes":{"OBJECTID":250,"GEO_ID":"H85200001F0610245","BUILDING_ID":"H85200001","FLOOR_ID":"H85200001F06","POI_ID":"H85200001F0610245","NAME":"Gucci","CATEGORY_ID":25000,"COLOR":3,"ROOMNUM":null,"FLOOR_INDEX":6,"FLOOR_NAME":"F6","ORIG_FID":1005},"geometry":{"x":2251.1392999999225,"y":-922.54630000144243}},{"attributes":{"OBJECTID":253,"GEO_ID":"H85200001F0610246","BUILDING_ID":"H85200001","FLOOR_ID":"H85200001F06","POI_ID":"H85200001F0610246","NAME":"Jimmy Choo","CATEGORY_ID":25000,"COLOR":3,"ROOMNUM":null,"FLOOR_INDEX":6,"FLOOR_NAME":"F6","ORIG_FID":1009},"geometry":{"x":2244.3363000005484,"y":-943.72199999913573}},{"attributes":{"OBJECTID":254,"GEO_ID":"H85200001F0610247","BUILDING_ID":"H85200001","FLOOR_ID":"H85200001F06","POI_ID":"H85200001F0610247","NAME":"Bally","CATEGORY_ID":25000,"COLOR":3,"ROOMNUM":null,"FLOOR_INDEX":6,"FLOOR_NAME":"F6","ORIG_FID":1010},"geometry":{"x":2222.6695000007749,"y":-964.7787000015378}},{"attributes":{"OBJECTID":266,"GEO_ID":"H85200001F0610248","BUILDING_ID":"H85200001","FLOOR_ID":"H85200001F06","POI_ID":"H85200001F0610248","NAME":"Toys & Games","CATEGORY_ID":25000,"COLOR":3,"ROOMNUM":null,"FLOOR_INDEX":6,"FLOOR_NAME":"F6","ORIG_FID":1024},"geometry":{"x":1668.5,"y":-1028.5}},{"attributes":{"OBJECTID":267,"GEO_ID":"H85200001F0610249","BUILDING_ID":"H85200001","FLOOR_ID":"H85200001F06","POI_ID":"H85200001F0610249","NAME":"太平洋咖啡","CATEGORY_ID":25000,"COLOR":3,"ROOMNUM":null,"FLOOR_INDEX":6,"FLOOR_NAME":"F6","ORIG_FID":1025},"geometry":{"x":1678.1929999999702,"y":-1028.3771999999881}},{"attributes":{"OBJECTID":274,"GEO_ID":"H85200001F0610250","BUILDING_ID":"H85200001","FLOOR_ID":"H85200001F06","POI_ID":"H85200001F0610250","NAME":"Victoria’s Secret","CATEGORY_ID":25000,"COLOR":3,"ROOMNUM":null,"FLOOR_INDEX":6,"FLOOR_NAME":"F6","ORIG_FID":1033},"geometry":{"x":1601.2190000005066,"y":-1066.2320000007749}},{"attributes":{"OBJECTID":275,"GEO_ID":"H85200001F0610251","BUILDING_ID":"H85200001","FLOOR_ID":"H85200001F06","POI_ID":"H85200001F0610251","NAME":"万宁","CATEGORY_ID":25000,"COLOR":3,"ROOMNUM":null,"FLOOR_INDEX":6,"FLOOR_NAME":"F6","ORIG_FID":1034},"geometry":{"x":1628,"y":-1065.5}},{"attributes":{"OBJECTID":276,"GEO_ID":"H85200001F0610252","BUILDING_ID":"H85200001","FLOOR_ID":"H85200001F06","POI_ID":"H85200001F0610252","NAME":"espressamente illy","CATEGORY_ID":25000,"COLOR":3,"ROOMNUM":null,"FLOOR_INDEX":6,"FLOOR_NAME":"F6","ORIG_FID":1035},"geometry":{"x":1543.5,"y":-1029}},{"attributes":{"OBJECTID":285,"GEO_ID":"H85200001F0610253","BUILDING_ID":"H85200001","FLOOR_ID":"H85200001F06","POI_ID":"H85200001F0610253","NAME":"DFS Beauty","CATEGORY_ID":25000,"COLOR":3,"ROOMNUM":null,"FLOOR_INDEX":6,"FLOOR_NAME":"F6","ORIG_FID":1044},"geometry":{"x":967.73440000042319,"y":-970.24320000037551}},{"attributes":{"OBJECTID":293,"GEO_ID":"H85200001F0610254","BUILDING_ID":"H85200001","FLOOR_ID":"H85200001F06","POI_ID":"H85200001F0610254","NAME":"Burberry","CATEGORY_ID":25000,"COLOR":3,"ROOMNUM":null,"FLOOR_INDEX":6,"FLOOR_NAME":"F6","ORIG_FID":1057},"geometry":{"x":945.83049999922514,"y":-947.49159999936819}},{"attributes":{"OBJECTID":294,"GEO_ID":"H85200001F0610255","BUILDING_ID":"H85200001","FLOOR_ID":"H85200001F06","POI_ID":"H85200001F0610255","NAME":"VERTU","CATEGORY_ID":25000,"COLOR":3,"ROOMNUM":null,"FLOOR_INDEX":6,"FLOOR_NAME":"F6","ORIG_FID":1058},"geometry":{"x":934.99980000033975,"y":-943.99799999967217}},{"attributes":{"OBJECTID":299,"GEO_ID":"H85200001F0610256","BUILDING_ID":"H85200001","FLOOR_ID":"H85200001F06","POI_ID":"H85200001F0610256","NAME":"Juicy Couture","CATEGORY_ID":25000,"COLOR":3,"ROOMNUM":null,"FLOOR_INDEX":6,"FLOOR_NAME":"F6","ORIG_FID":1063},"geometry":{"x":780.83139999955893,"y":-783.95160000026226}},{"attributes":{"OBJECTID":300,"GEO_ID":"H85200001F0610257","BUILDING_ID":"H85200001","FLOOR_ID":"H85200001F06","POI_ID":"H85200001F0610257","NAME":"上海滩","CATEGORY_ID":25000,"COLOR":3,"ROOMNUM":null,"FLOOR_INDEX":6,"FLOOR_NAME":"F6","ORIG_FID":1064},"geometry":{"x":753.5,"y":-756}},{"attributes":{"OBJECTID":329,"GEO_ID":"H85200001F0610258","BUILDING_ID":"H85200001","FLOOR_ID":"H85200001F06","POI_ID":"H85200001F0610258","NAME":"FoodPlaza","CATEGORY_ID":25000,"COLOR":3,"ROOMNUM":null,"FLOOR_INDEX":6,"FLOOR_NAME":"F6","ORIG_FID":1097},"geometry":{"x":883.71310000121593,"y":-997.52019999921322}},{"attributes":{"OBJECTID":332,"GEO_ID":"H85200001F0610259","BUILDING_ID":"H85200001","FLOOR_ID":"H85200001F06","POI_ID":"H85200001F0610259","NAME":"Sound & Vision enriching life","CATEGORY_ID":25000,"COLOR":3,"ROOMNUM":null,"FLOOR_INDEX":6,"FLOOR_NAME":"F6","ORIG_FID":1102},"geometry":{"x":947.02549999952316,"y":-1005.5945999994874}},{"attributes":{"OBJECTID":334,"GEO_ID":"H85200001F0610260","BUILDING_ID":"H85200001","FLOOR_ID":"H85200001F06","POI_ID":"H85200001F0610260","NAME":"DFS Galleria","CATEGORY_ID":25000,"COLOR":3,"ROOMNUM":null,"FLOOR_INDEX":6,"FLOOR_NAME":"F6","ORIG_FID":1104},"geometry":{"x":939.51150000095367,"y":-1097.9131000004709}},{"attributes":{"OBJECTID":337,"GEO_ID":"H85200001F0610261","BUILDING_ID":"H85200001","FLOOR_ID":"H85200001F06","POI_ID":"H85200001F0610261","NAME":"Swarovski","CATEGORY_ID":25000,"COLOR":3,"ROOMNUM":null,"FLOOR_INDEX":6,"FLOOR_NAME":"F6","ORIG_FID":1109},"geometry":{"x":928.48209999874234,"y":-1116.0326999984682}},{"attributes":{"OBJECTID":338,"GEO_ID":"H85200001F0610262","BUILDING_ID":"H85200001","FLOOR_ID":"H85200001F06","POI_ID":"H85200001F0610262","NAME":"Alexandre Zouari Paris","CATEGORY_ID":25000,"COLOR":3,"ROOMNUM":null,"FLOOR_INDEX":6,"FLOOR_NAME":"F6","ORIG_FID":1110},"geometry":{"x":919.80539999902248,"y":-1128.3647000007331}},{"attributes":{"OBJECTID":345,"GEO_ID":"H85200001F0610263","BUILDING_ID":"H85200001","FLOOR_ID":"H85200001F06","POI_ID":"H85200001F0610263","NAME":"DFS Beauty","CATEGORY_ID":25000,"COLOR":3,"ROOMNUM":null,"FLOOR_INDEX":6,"FLOOR_NAME":"F6","ORIG_FID":1118},"geometry":{"x":988.77769999951124,"y":-1092.4490000009537}},{"attributes":{"OBJECTID":350,"GEO_ID":"H85200001F0610265","BUILDING_ID":"H85200001","FLOOR_ID":"H85200001F06","POI_ID":"H85200001F0610265","NAME":"Emporio Armani","CATEGORY_ID":25000,"COLOR":3,"ROOMNUM":null,"FLOOR_INDEX":6,"FLOOR_NAME":"F6","ORIG_FID":1124},"geometry":{"x":967.89469999819994,"y":-1123.632199998945}},{"attributes":{"OBJECTID":354,"GEO_ID":"H85200001F0610266","BUILDING_ID":"H85200001","FLOOR_ID":"H85200001F06","POI_ID":"H85200001F0610266","NAME":"Longchamp","CATEGORY_ID":25000,"COLOR":3,"ROOMNUM":null,"FLOOR_INDEX":6,"FLOOR_NAME":"F6","ORIG_FID":1128},"geometry":{"x":945.99439999833703,"y":-1147.3722999989986}},{"attributes":{"OBJECTID":356,"GEO_ID":"H85200001F0610267","BUILDING_ID":"H85200001","FLOOR_ID":"H85200001F06","POI_ID":"H85200001F0610267","NAME":"Coach","CATEGORY_ID":25000,"COLOR":3,"ROOMNUM":null,"FLOOR_INDEX":6,"FLOOR_NAME":"F6","ORIG_FID":1132},"geometry":{"x":935.49879999831319,"y":-1150.0001999996603}},{"attributes":{"OBJECTID":358,"GEO_ID":"H85200001F0610268","BUILDING_ID":"H85200001","FLOOR_ID":"H85200001F06","POI_ID":"H85200001F0610268","NAME":"肯迪文","CATEGORY_ID":25000,"COLOR":3,"ROOMNUM":null,"FLOOR_INDEX":6,"FLOOR_NAME":"F6","ORIG_FID":1135},"geometry":{"x":923.75010000169277,"y":-1162.2498999983072}},{"attributes":{"OBJECTID":360,"GEO_ID":"H85200001F0610269","BUILDING_ID":"H85200001","FLOOR_ID":"H85200001F06","POI_ID":"H85200001F0610269","NAME":"瑞士维氏","CATEGORY_ID":25000,"COLOR":3,"ROOMNUM":null,"FLOOR_INDEX":6,"FLOOR_NAME":"F6","ORIG_FID":1137},"geometry":{"x":918.0734999999404,"y":-1174.3971000015736}},{"attributes":{"OBJECTID":361,"GEO_ID":"H85200001F0610270","BUILDING_ID":"H85200001","FLOOR_ID":"H85200001F06","POI_ID":"H85200001F0610270","NAME":"Sunglass Hut","CATEGORY_ID":25000,"COLOR":3,"ROOMNUM":null,"FLOOR_INDEX":6,"FLOOR_NAME":"F6","ORIG_FID":1138},"geometry":{"x":907.75,"y":-1184.25}},{"attributes":{"OBJECTID":362,"GEO_ID":"H85200001F0610271","BUILDING_ID":"H85200001","FLOOR_ID":"H85200001F06","POI_ID":"H85200001F0610271","NAME":"Cerruti 1881","CATEGORY_ID":25000,"COLOR":3,"ROOMNUM":null,"FLOOR_INDEX":6,"FLOOR_NAME":"F6","ORIG_FID":1139},"geometry":{"x":896.08410000056028,"y":-1150.2346000000834}},{"attributes":{"OBJECTID":363,"GEO_ID":"H85200001F0610272","BUILDING_ID":"H85200001","FLOOR_ID":"H85200001F06","POI_ID":"H85200001F0610272","NAME":"DFS Duty Free","CATEGORY_ID":25000,"COLOR":3,"ROOMNUM":null,"FLOOR_INDEX":6,"FLOOR_NAME":"F6","ORIG_FID":1141},"geometry":{"x":882.41369999945164,"y":-1158.1541999988258}},{"attributes":{"OBJECTID":376,"GEO_ID":"H85200001F0610273","BUILDING_ID":"H85200001","FLOOR_ID":"H85200001F06","POI_ID":"H85200001F0610273","NAME":"DFS Beauty","CATEGORY_ID":25000,"COLOR":3,"ROOMNUM":null,"FLOOR_INDEX":6,"FLOOR_NAME":"F6","ORIG_FID":1154},"geometry":{"x":714,"y":-1380}},{"attributes":{"OBJECTID":377,"GEO_ID":"H85200001F0610274","BUILDING_ID":"H85200001","FLOOR_ID":"H85200001F06","POI_ID":"H85200001F0610274","NAME":"经纬","CATEGORY_ID":25000,"COLOR":3,"ROOMNUM":null,"FLOOR_INDEX":6,"FLOOR_NAME":"F6","ORIG_FID":1155},"geometry":{"x":686.5,"y":-1407.5}},{"attributes":{"OBJECTID":378,"GEO_ID":"H85200001F0610275","BUILDING_ID":"H85200001","FLOOR_ID":"H85200001F06","POI_ID":"H85200001F0610275","NAME":"Starbucks","CATEGORY_ID":25000,"COLOR":3,"ROOMNUM":null,"FLOOR_INDEX":6,"FLOOR_NAME":"F6","ORIG_FID":1156},"geometry":{"x":671.50030000135303,"y":-1366.9998999983072}}]}