{"displayFieldName":"","fieldAliases":{"OBJECTID":"OBJECTID","GEO_ID":"GEO_ID","BUILDING_ID":"BUILDING_ID","FLOOR_ID":"FLOOR_ID","POI_ID":"POI_ID","NAME":"NAME","CATEGORY_ID":"CATEGORY_ID","FLOOR":"FLOOR","COLOR":"COLOR","ROOMNUM":"ROOMNUM","FLOOR_INDEX":"FLOOR_INDEX","FLOOR_NAME":"FLOOR_NAME","ORIG_FID":"ORIG_FID"},"geometryType":"esriGeometryPoint","spatialReference":{"wkid":3395,"latestWkid":3395},"fields":[{"name":"OBJECTID","type":"esriFieldTypeOID","alias":"OBJECTID"},{"name":"GEO_ID","type":"esriFieldTypeString","alias":"GEO_ID","length":50},{"name":"BUILDING_ID","type":"esriFieldTypeString","alias":"BUILDING_ID","length":50},{"name":"FLOOR_ID","type":"esriFieldTypeString","alias":"FLOOR_ID","length":50},{"name":"POI_ID","type":"esriFieldTypeString","alias":"POI_ID","length":50},{"name":"NAME","type":"esriFieldTypeString","alias":"NAME","length":50},{"name":"CATEGORY_ID","type":"esriFieldTypeSmallInteger","alias":"CATEGORY_ID"},{"name":"FLOOR","type":"esriFieldTypeSmallInteger","alias":"FLOOR"},{"name":"COLOR","type":"esriFieldTypeSmallInteger","alias":"COLOR"},{"name":"ROOMNUM","type":"esriFieldTypeString","alias":"ROOMNUM","length":50},{"name":"FLOOR_INDEX","type":"esriFieldTypeSmallInteger","alias":"FLOOR_INDEX"},{"name":"FLOOR_NAME","type":"esriFieldTypeString","alias":"FLOOR_NAME","length":50},{"name":"ORIG_FID","type":"esriFieldTypeInteger","alias":"ORIG_FID"}],"features":[{"attributes":{"OBJECTID":3,"GEO_ID":"002100002F0110003","BUILDING_ID":"002100002","FLOOR_ID":"002100002F01","POI_ID":"002100002F0110003","NAME":"消防控制中心","CATEGORY_ID":25103,"FLOOR":1,"COLOR":null,"ROOMNUM":null,"FLOOR_INDEX":1,"FLOOR_NAME":"F1","ORIG_FID":232},"geometry":{"x":13523041.984899998,"y":3662113.3015000001}},{"attributes":{"OBJECTID":5,"GEO_ID":"002100002F0110005","BUILDING_ID":"002100002","FLOOR_ID":"002100002F01","POI_ID":"002100002F0110005","NAME":"强电房","CATEGORY_ID":25056,"FLOOR":1,"COLOR":null,"ROOMNUM":null,"FLOOR_INDEX":1,"FLOOR_NAME":"F1","ORIG_FID":234},"geometry":{"x":13523025.115699999,"y":3662111.6423000023}}]}