{"displayFieldName":"","fieldAliases":{"OBJECTID":"OBJECTID","GEO_ID":"GEO_ID","BUILDING_ID":"BUILDING_ID","FLOOR_ID":"FLOOR_ID","POI_ID":"POI_ID","NAME":"NAME","CATEGORY_ID":"CATEGORY_ID","COLOR":"COLOR","ROOMNUM":"ROOMNUM","FLOOR_INDEX":"FLOOR_INDEX","FLOOR_NAME":"FLOOR_NAME","ORIG_FID":"ORIG_FID"},"geometryType":"esriGeometryPoint","spatialReference":{"wkid":3395,"latestWkid":3395},"fields":[{"name":"OBJECTID","type":"esriFieldTypeOID","alias":"OBJECTID"},{"name":"GEO_ID","type":"esriFieldTypeString","alias":"GEO_ID","length":50},{"name":"BUILDING_ID","type":"esriFieldTypeString","alias":"BUILDING_ID","length":50},{"name":"FLOOR_ID","type":"esriFieldTypeString","alias":"FLOOR_ID","length":50},{"name":"POI_ID","type":"esriFieldTypeString","alias":"POI_ID","length":50},{"name":"NAME","type":"esriFieldTypeString","alias":"NAME","length":50},{"name":"CATEGORY_ID","type":"esriFieldTypeSmallInteger","alias":"CATEGORY_ID"},{"name":"COLOR","type":"esriFieldTypeSmallInteger","alias":"COLOR"},{"name":"ROOMNUM","type":"esriFieldTypeString","alias":"ROOMNUM","length":50},{"name":"FLOOR_INDEX","type":"esriFieldTypeSmallInteger","alias":"FLOOR_INDEX"},{"name":"FLOOR_NAME","type":"esriFieldTypeString","alias":"FLOOR_NAME","length":50},{"name":"ORIG_FID","type":"esriFieldTypeInteger","alias":"ORIG_FID"}],"features":[{"attributes":{"OBJECTID":8,"GEO_ID":"002100002F1310056","BUILDING_ID":"002100002","FLOOR_ID":"002100002F13","POI_ID":"002100002F1310056","NAME":"小卖部","CATEGORY_ID":25109,"COLOR":null,"ROOMNUM":null,"FLOOR_INDEX":13,"FLOOR_NAME":"F13","ORIG_FID":259},"geometry":{"x":13523026.803800002,"y":3662120.7697999999}},{"attributes":{"OBJECTID":10,"GEO_ID":"002100002F1310039","BUILDING_ID":"002100002","FLOOR_ID":"002100002F13","POI_ID":"002100002F1310039","NAME":"厨房","CATEGORY_ID":2103,"COLOR":null,"ROOMNUM":null,"FLOOR_INDEX":13,"FLOOR_NAME":"F13","ORIG_FID":261},"geometry":{"x":13523030.772200003,"y":3662106.0948999971}},{"attributes":{"OBJECTID":13,"GEO_ID":"002100002F1310054","BUILDING_ID":"002100002","FLOOR_ID":"002100002F13","POI_ID":"002100002F1310054","NAME":"食堂办公室","CATEGORY_ID":27001,"COLOR":null,"ROOMNUM":null,"FLOOR_INDEX":13,"FLOOR_NAME":"F13","ORIG_FID":265},"geometry":{"x":13523004.368600003,"y":3662122.8535000011}},{"attributes":{"OBJECTID":14,"GEO_ID":"002100002F1310038","BUILDING_ID":"002100002","FLOOR_ID":"002100002F13","POI_ID":"002100002F1310038","NAME":"餐具回收","CATEGORY_ID":25060,"COLOR":null,"ROOMNUM":null,"FLOOR_INDEX":13,"FLOOR_NAME":"F13","ORIG_FID":266},"geometry":{"x":13523024.604199998,"y":3662124.5216000006}},{"attributes":{"OBJECTID":15,"GEO_ID":"002100002F1310044","BUILDING_ID":"002100002","FLOOR_ID":"002100002F13","POI_ID":"002100002F1310044","NAME":"金钟广场妈咪小屋","CATEGORY_ID":25060,"COLOR":null,"ROOMNUM":null,"FLOOR_INDEX":13,"FLOOR_NAME":"F13","ORIG_FID":267},"geometry":{"x":13523023.105099998,"y":3662120.7718999982}},{"attributes":{"OBJECTID":18,"GEO_ID":"002100002F1310040","BUILDING_ID":"002100002","FLOOR_ID":"002100002F13","POI_ID":"002100002F1310040","NAME":"打饭处","CATEGORY_ID":25060,"COLOR":null,"ROOMNUM":null,"FLOOR_INDEX":13,"FLOOR_NAME":"F13","ORIG_FID":270},"geometry":{"x":13523037.375399999,"y":3662133.8973999992}},{"attributes":{"OBJECTID":20,"GEO_ID":"002100002F1310055","BUILDING_ID":"002100002","FLOOR_ID":"002100002F13","POI_ID":"002100002F1310055","NAME":"收银处","CATEGORY_ID":25060,"COLOR":null,"ROOMNUM":null,"FLOOR_INDEX":13,"FLOOR_NAME":"F13","ORIG_FID":272},"geometry":{"x":13523031.710900001,"y":3662133.8554000035}},{"attributes":{"OBJECTID":21,"GEO_ID":"002100002F1310041","BUILDING_ID":"002100002","FLOOR_ID":"002100002F13","POI_ID":"002100002F1310041","NAME":"点心","CATEGORY_ID":25060,"COLOR":null,"ROOMNUM":null,"FLOOR_INDEX":13,"FLOOR_NAME":"F13","ORIG_FID":273},"geometry":{"x":13523035.548900001,"y":3662122.0989999995}},{"attributes":{"OBJECTID":22,"GEO_ID":"002100002F1310053","BUILDING_ID":"002100002","FLOOR_ID":"002100002F13","POI_ID":"002100002F1310053","NAME":"面食","CATEGORY_ID":25060,"COLOR":null,"ROOMNUM":null,"FLOOR_INDEX":13,"FLOOR_NAME":"F13","ORIG_FID":274},"geometry":{"x":13523036.9212,"y":3662125.7004999965}},{"attributes":{"OBJECTID":23,"GEO_ID":"002100002F1310052","BUILDING_ID":"002100002","FLOOR_ID":"002100002F13","POI_ID":"002100002F1310052","NAME":"卤味","CATEGORY_ID":25060,"COLOR":null,"ROOMNUM":null,"FLOOR_INDEX":13,"FLOOR_NAME":"F13","ORIG_FID":275},"geometry":{"x":13523035.306599997,"y":3662118.2313999981}},{"attributes":{"OBJECTID":57,"GEO_ID":"002100002F1320139","BUILDING_ID":"002100002","FLOOR_ID":"002100002F13","POI_ID":"002100002F1320139","NAME":"集付通","CATEGORY_ID":25067,"COLOR":null,"ROOMNUM":null,"FLOOR_INDEX":13,"FLOOR_NAME":"F13","ORIG_FID":449},"geometry":{"x":13523021.239699997,"y":3662124.2230999991}},{"attributes":{"OBJECTID":58,"GEO_ID":"002100002F1310004","BUILDING_ID":"002100002","FLOOR_ID":"002100002F13","POI_ID":"002100002F1310004","NAME":"餐具洗涤","CATEGORY_ID":25060,"COLOR":null,"ROOMNUM":"\u003c空\u003e","FLOOR_INDEX":13,"FLOOR_NAME":"F13","ORIG_FID":271},"geometry":{"x":13523041.410599999,"y":3662133.3686000034}}]}