{"displayFieldName":"","fieldAliases":{"OBJECTID":"OBJECTID","GEO_ID":"GEO_ID","BUILDING_ID":"BUILDING_ID","FLOOR_ID":"FLOOR_ID","POI_ID":"POI_ID","NAME":"NAME","CATEGORY_ID":"CATEGORY_ID","COLOR":"COLOR","FLOOR_INDEX":"FLOOR_INDEX","FLOOR_NAME":"FLOOR_NAME"},"geometryType":"esriGeometryPoint","spatialReference":{"wkid":3395,"latestWkid":3395},"fields":[{"name":"OBJECTID","type":"esriFieldTypeOID","alias":"OBJECTID"},{"name":"GEO_ID","type":"esriFieldTypeString","alias":"GEO_ID","length":50},{"name":"BUILDING_ID","type":"esriFieldTypeString","alias":"BUILDING_ID","length":50},{"name":"FLOOR_ID","type":"esriFieldTypeString","alias":"FLOOR_ID","length":50},{"name":"POI_ID","type":"esriFieldTypeString","alias":"POI_ID","length":50},{"name":"NAME","type":"esriFieldTypeString","alias":"NAME","length":50},{"name":"CATEGORY_ID","type":"esriFieldTypeSmallInteger","alias":"CATEGORY_ID"},{"name":"COLOR","type":"esriFieldTypeSmallInteger","alias":"COLOR"},{"name":"FLOOR_INDEX","type":"esriFieldTypeSmallInteger","alias":"FLOOR_INDEX"},{"name":"FLOOR_NAME","type":"esriFieldTypeString","alias":"FLOOR_NAME","length":50}],"features":[{"attributes":{"OBJECTID":1,"GEO_ID":"002100002B0130001","BUILDING_ID":"002100002","FLOOR_ID":"002100002B01","POI_ID":"002100002B0130001","NAME":null,"CATEGORY_ID":25146,"COLOR":25146,"FLOOR_INDEX":-1,"FLOOR_NAME":"B1"},"geometry":{"x":13522994.267800003,"y":3662123.483099997}},{"attributes":{"OBJECTID":2,"GEO_ID":"002100002B0130002","BUILDING_ID":"002100002","FLOOR_ID":"002100002B01","POI_ID":"002100002B0130002","NAME":null,"CATEGORY_ID":25146,"COLOR":25146,"FLOOR_INDEX":-1,"FLOOR_NAME":"B1"},"geometry":{"x":13522988.549099997,"y":3662122.5348000005}},{"attributes":{"OBJECTID":3,"GEO_ID":"002100002B0130003","BUILDING_ID":"002100002","FLOOR_ID":"002100002B01","POI_ID":"002100002B0130003","NAME":null,"CATEGORY_ID":25146,"COLOR":25146,"FLOOR_INDEX":-1,"FLOOR_NAME":"B1"},"geometry":{"x":13522989.1329,"y":3662131.3360000029}},{"attributes":{"OBJECTID":4,"GEO_ID":"002100002B0130004","BUILDING_ID":"002100002","FLOOR_ID":"002100002B01","POI_ID":"002100002B0130004","NAME":null,"CATEGORY_ID":25146,"COLOR":25146,"FLOOR_INDEX":-1,"FLOOR_NAME":"B1"},"geometry":{"x":13522985.381300002,"y":3662133.1400000006}},{"attributes":{"OBJECTID":5,"GEO_ID":"002100002B0130005","BUILDING_ID":"002100002","FLOOR_ID":"002100002B01","POI_ID":"002100002B0130005","NAME":null,"CATEGORY_ID":25146,"COLOR":25146,"FLOOR_INDEX":-1,"FLOOR_NAME":"B1"},"geometry":{"x":13522983.397,"y":3662133.1534999982}},{"attributes":{"OBJECTID":6,"GEO_ID":"002100002B0130006","BUILDING_ID":"002100002","FLOOR_ID":"002100002B01","POI_ID":"002100002B0130006","NAME":null,"CATEGORY_ID":25146,"COLOR":25146,"FLOOR_INDEX":-1,"FLOOR_NAME":"B1"},"geometry":{"x":13522979.914800003,"y":3662131.4543000013}},{"attributes":{"OBJECTID":7,"GEO_ID":"002100002B0130007","BUILDING_ID":"002100002","FLOOR_ID":"002100002B01","POI_ID":"002100002B0130007","NAME":null,"CATEGORY_ID":25146,"COLOR":25146,"FLOOR_INDEX":-1,"FLOOR_NAME":"B1"},"geometry":{"x":13522979.953400001,"y":3662122.5157999992}},{"attributes":{"OBJECTID":8,"GEO_ID":"002100002B0130008","BUILDING_ID":"002100002","FLOOR_ID":"002100002B01","POI_ID":"002100002B0130008","NAME":null,"CATEGORY_ID":25146,"COLOR":25146,"FLOOR_INDEX":-1,"FLOOR_NAME":"B1"},"geometry":{"x":13522982.790100001,"y":3662119.364699997}},{"attributes":{"OBJECTID":9,"GEO_ID":"002100002B0130009","BUILDING_ID":"002100002","FLOOR_ID":"002100002B01","POI_ID":"002100002B0130009","NAME":null,"CATEGORY_ID":25146,"COLOR":25146,"FLOOR_INDEX":-1,"FLOOR_NAME":"B1"},"geometry":{"x":13523009.168200001,"y":3662117.5516000018}},{"attributes":{"OBJECTID":10,"GEO_ID":"002100002B0130010","BUILDING_ID":"002100002","FLOOR_ID":"002100002B01","POI_ID":"002100002B0130010","NAME":null,"CATEGORY_ID":25146,"COLOR":25146,"FLOOR_INDEX":-1,"FLOOR_NAME":"B1"},"geometry":{"x":13523010.051799998,"y":3662131.4711999968}},{"attributes":{"OBJECTID":11,"GEO_ID":"002100002B0130011","BUILDING_ID":"002100002","FLOOR_ID":"002100002B01","POI_ID":"002100002B0130011","NAME":null,"CATEGORY_ID":25146,"COLOR":25146,"FLOOR_INDEX":-1,"FLOOR_NAME":"B1"},"geometry":{"x":13523012.242399998,"y":3662141.6125999987}},{"attributes":{"OBJECTID":12,"GEO_ID":"002100002B0130012","BUILDING_ID":"002100002","FLOOR_ID":"002100002B01","POI_ID":"002100002B0130012","NAME":null,"CATEGORY_ID":25146,"COLOR":25146,"FLOOR_INDEX":-1,"FLOOR_NAME":"B1"},"geometry":{"x":13523014.2588,"y":3662142.119099997}},{"attributes":{"OBJECTID":13,"GEO_ID":"002100002B0130013","BUILDING_ID":"002100002","FLOOR_ID":"002100002B01","POI_ID":"002100002B0130013","NAME":null,"CATEGORY_ID":25146,"COLOR":25146,"FLOOR_INDEX":-1,"FLOOR_NAME":"B1"},"geometry":{"x":13523016.175300002,"y":3662142.6002999991}},{"attributes":{"OBJECTID":14,"GEO_ID":"002100002B0130014","BUILDING_ID":"002100002","FLOOR_ID":"002100002B01","POI_ID":"002100002B0130014","NAME":null,"CATEGORY_ID":25146,"COLOR":25146,"FLOOR_INDEX":-1,"FLOOR_NAME":"B1"},"geometry":{"x":13523020.3631,"y":3662143.4680999964}},{"attributes":{"OBJECTID":15,"GEO_ID":"002100002B0130015","BUILDING_ID":"002100002","FLOOR_ID":"002100002B01","POI_ID":"002100002B0130015","NAME":null,"CATEGORY_ID":25146,"COLOR":25146,"FLOOR_INDEX":-1,"FLOOR_NAME":"B1"},"geometry":{"x":13523022.482699998,"y":3662143.8123999983}},{"attributes":{"OBJECTID":16,"GEO_ID":"002100002B0130016","BUILDING_ID":"002100002","FLOOR_ID":"002100002B01","POI_ID":"002100002B0130016","NAME":null,"CATEGORY_ID":25146,"COLOR":25146,"FLOOR_INDEX":-1,"FLOOR_NAME":"B1"},"geometry":{"x":13523024.413900003,"y":3662144.1261000037}},{"attributes":{"OBJECTID":17,"GEO_ID":"002100002B0130017","BUILDING_ID":"002100002","FLOOR_ID":"002100002B01","POI_ID":"002100002B0130017","NAME":null,"CATEGORY_ID":25146,"COLOR":25146,"FLOOR_INDEX":-1,"FLOOR_NAME":"B1"},"geometry":{"x":13523028.961599998,"y":3662144.2950000018}},{"attributes":{"OBJECTID":18,"GEO_ID":"002100002B0130018","BUILDING_ID":"002100002","FLOOR_ID":"002100002B01","POI_ID":"002100002B0130018","NAME":null,"CATEGORY_ID":25146,"COLOR":25146,"FLOOR_INDEX":-1,"FLOOR_NAME":"B1"},"geometry":{"x":13523030.973499998,"y":3662144.3715000004}},{"attributes":{"OBJECTID":19,"GEO_ID":"002100002B0130019","BUILDING_ID":"002100002","FLOOR_ID":"002100002B01","POI_ID":"002100002B0130019","NAME":null,"CATEGORY_ID":25146,"COLOR":25146,"FLOOR_INDEX":-1,"FLOOR_NAME":"B1"},"geometry":{"x":13523032.930600002,"y":3662144.4456999972}},{"attributes":{"OBJECTID":20,"GEO_ID":"002100002B0130020","BUILDING_ID":"002100002","FLOOR_ID":"002100002B01","POI_ID":"002100002B0130020","NAME":null,"CATEGORY_ID":25146,"COLOR":25146,"FLOOR_INDEX":-1,"FLOOR_NAME":"B1"},"geometry":{"x":13523037.424400002,"y":3662144.0279000029}},{"attributes":{"OBJECTID":21,"GEO_ID":"002100002B0130021","BUILDING_ID":"002100002","FLOOR_ID":"002100002B01","POI_ID":"002100002B0130021","NAME":null,"CATEGORY_ID":25146,"COLOR":25146,"FLOOR_INDEX":-1,"FLOOR_NAME":"B1"},"geometry":{"x":13523039.350500003,"y":3662143.7815999985}},{"attributes":{"OBJECTID":22,"GEO_ID":"002100002B0130022","BUILDING_ID":"002100002","FLOOR_ID":"002100002B01","POI_ID":"002100002B0130022","NAME":null,"CATEGORY_ID":25146,"COLOR":25146,"FLOOR_INDEX":-1,"FLOOR_NAME":"B1"},"geometry":{"x":13523041.278099999,"y":3662143.5351999998}},{"attributes":{"OBJECTID":23,"GEO_ID":"002100002B0130023","BUILDING_ID":"002100002","FLOOR_ID":"002100002B01","POI_ID":"002100002B0130023","NAME":null,"CATEGORY_ID":25146,"COLOR":25146,"FLOOR_INDEX":-1,"FLOOR_NAME":"B1"},"geometry":{"x":13523045.618299998,"y":3662142.5401000008}},{"attributes":{"OBJECTID":24,"GEO_ID":"002100002B0130024","BUILDING_ID":"002100002","FLOOR_ID":"002100002B01","POI_ID":"002100002B0130024","NAME":null,"CATEGORY_ID":25146,"COLOR":25146,"FLOOR_INDEX":-1,"FLOOR_NAME":"B1"},"geometry":{"x":13523047.510799997,"y":3662141.9723000005}},{"attributes":{"OBJECTID":25,"GEO_ID":"002100002B0130025","BUILDING_ID":"002100002","FLOOR_ID":"002100002B01","POI_ID":"002100002B0130025","NAME":null,"CATEGORY_ID":25146,"COLOR":25146,"FLOOR_INDEX":-1,"FLOOR_NAME":"B1"},"geometry":{"x":13523049.325499997,"y":3662141.4277999997}},{"attributes":{"OBJECTID":26,"GEO_ID":"002100002B0130026","BUILDING_ID":"002100002","FLOOR_ID":"002100002B01","POI_ID":"002100002B0130026","NAME":null,"CATEGORY_ID":25146,"COLOR":25146,"FLOOR_INDEX":-1,"FLOOR_NAME":"B1"},"geometry":{"x":13523054.784299999,"y":3662139.0133000016}},{"attributes":{"OBJECTID":27,"GEO_ID":"002100002B0130027","BUILDING_ID":"002100002","FLOOR_ID":"002100002B01","POI_ID":"002100002B0130027","NAME":null,"CATEGORY_ID":25146,"COLOR":25146,"FLOOR_INDEX":-1,"FLOOR_NAME":"B1"},"geometry":{"x":13523056.689499997,"y":3662139.0094000027}},{"attributes":{"OBJECTID":28,"GEO_ID":"002100002B0130028","BUILDING_ID":"002100002","FLOOR_ID":"002100002B01","POI_ID":"002100002B0130028","NAME":null,"CATEGORY_ID":25146,"COLOR":25146,"FLOOR_INDEX":-1,"FLOOR_NAME":"B1"},"geometry":{"x":13523059.017399997,"y":3662133.5498000011}},{"attributes":{"OBJECTID":29,"GEO_ID":"002100002B0130029","BUILDING_ID":"002100002","FLOOR_ID":"002100002B01","POI_ID":"002100002B0130029","NAME":null,"CATEGORY_ID":25146,"COLOR":25146,"FLOOR_INDEX":-1,"FLOOR_NAME":"B1"},"geometry":{"x":13523060.423,"y":3662133.204400003}},{"attributes":{"OBJECTID":30,"GEO_ID":"002100002B0130030","BUILDING_ID":"002100002","FLOOR_ID":"002100002B01","POI_ID":"002100002B0130030","NAME":null,"CATEGORY_ID":25146,"COLOR":25146,"FLOOR_INDEX":-1,"FLOOR_NAME":"B1"},"geometry":{"x":13523066.637599997,"y":3662129.8966000006}},{"attributes":{"OBJECTID":31,"GEO_ID":"002100002B0130031","BUILDING_ID":"002100002","FLOOR_ID":"002100002B01","POI_ID":"002100002B0130031","NAME":null,"CATEGORY_ID":25146,"COLOR":25146,"FLOOR_INDEX":-1,"FLOOR_NAME":"B1"},"geometry":{"x":13523068.6219,"y":3662129.8969999999}},{"attributes":{"OBJECTID":32,"GEO_ID":"002100002B0130032","BUILDING_ID":"002100002","FLOOR_ID":"002100002B01","POI_ID":"002100002B0130032","NAME":null,"CATEGORY_ID":25146,"COLOR":25146,"FLOOR_INDEX":-1,"FLOOR_NAME":"B1"},"geometry":{"x":13523071.4661,"y":3662126.755900003}},{"attributes":{"OBJECTID":33,"GEO_ID":"002100002B0130033","BUILDING_ID":"002100002","FLOOR_ID":"002100002B01","POI_ID":"002100002B0130033","NAME":null,"CATEGORY_ID":25146,"COLOR":25146,"FLOOR_INDEX":-1,"FLOOR_NAME":"B1"},"geometry":{"x":13523066.637599997,"y":3662124.0285999998}},{"attributes":{"OBJECTID":34,"GEO_ID":"002100002B0130034","BUILDING_ID":"002100002","FLOOR_ID":"002100002B01","POI_ID":"002100002B0130034","NAME":null,"CATEGORY_ID":25146,"COLOR":25146,"FLOOR_INDEX":-1,"FLOOR_NAME":"B1"},"geometry":{"x":13523068.740999997,"y":3662124.0306999981}},{"attributes":{"OBJECTID":35,"GEO_ID":"002100002B0130035","BUILDING_ID":"002100002","FLOOR_ID":"002100002B01","POI_ID":"002100002B0130035","NAME":null,"CATEGORY_ID":25146,"COLOR":25146,"FLOOR_INDEX":-1,"FLOOR_NAME":"B1"},"geometry":{"x":13523051.781199999,"y":3662126.871299997}},{"attributes":{"OBJECTID":36,"GEO_ID":"002100002B0130036","BUILDING_ID":"002100002","FLOOR_ID":"002100002B01","POI_ID":"002100002B0130036","NAME":null,"CATEGORY_ID":25146,"COLOR":25146,"FLOOR_INDEX":-1,"FLOOR_NAME":"B1"},"geometry":{"x":13523040.801899999,"y":3662108.2182999998}},{"attributes":{"OBJECTID":37,"GEO_ID":"002100002B0130037","BUILDING_ID":"002100002","FLOOR_ID":"002100002B01","POI_ID":"002100002B0130037","NAME":null,"CATEGORY_ID":25146,"COLOR":25146,"FLOOR_INDEX":-1,"FLOOR_NAME":"B1"},"geometry":{"x":13523041.483400002,"y":3662120.0803000033}},{"attributes":{"OBJECTID":38,"GEO_ID":"002100002B0130038","BUILDING_ID":"002100002","FLOOR_ID":"002100002B01","POI_ID":"002100002B0130038","NAME":null,"CATEGORY_ID":25146,"COLOR":25146,"FLOOR_INDEX":-1,"FLOOR_NAME":"B1"},"geometry":{"x":13523041.487599999,"y":3662118.1064999998}},{"attributes":{"OBJECTID":39,"GEO_ID":"002100002B0130039","BUILDING_ID":"002100002","FLOOR_ID":"002100002B01","POI_ID":"002100002B0130039","NAME":null,"CATEGORY_ID":25146,"COLOR":25146,"FLOOR_INDEX":-1,"FLOOR_NAME":"B1"},"geometry":{"x":13523037.591200002,"y":3662123.8007000014}},{"attributes":{"OBJECTID":40,"GEO_ID":"002100002B0130040","BUILDING_ID":"002100002","FLOOR_ID":"002100002B01","POI_ID":"002100002B0130040","NAME":null,"CATEGORY_ID":25146,"COLOR":25146,"FLOOR_INDEX":-1,"FLOOR_NAME":"B1"},"geometry":{"x":13523039.586099997,"y":3662123.8055000007}},{"attributes":{"OBJECTID":41,"GEO_ID":"002100002B0130041","BUILDING_ID":"002100002","FLOOR_ID":"002100002B01","POI_ID":"002100002B0130041","NAME":null,"CATEGORY_ID":25146,"COLOR":25146,"FLOOR_INDEX":-1,"FLOOR_NAME":"B1"},"geometry":{"x":13523020.282700002,"y":3662120.2840000018}},{"attributes":{"OBJECTID":42,"GEO_ID":"002100002B0130042","BUILDING_ID":"002100002","FLOOR_ID":"002100002B01","POI_ID":"002100002B0130042","NAME":null,"CATEGORY_ID":25146,"COLOR":25146,"FLOOR_INDEX":-1,"FLOOR_NAME":"B1"},"geometry":{"x":13523022.298199996,"y":3662120.2872999981}},{"attributes":{"OBJECTID":43,"GEO_ID":"002100002B0130043","BUILDING_ID":"002100002","FLOOR_ID":"002100002B01","POI_ID":"002100002B0130043","NAME":null,"CATEGORY_ID":25146,"COLOR":25146,"FLOOR_INDEX":-1,"FLOOR_NAME":"B1"},"geometry":{"x":13523024.298199996,"y":3662120.2906000018}},{"attributes":{"OBJECTID":44,"GEO_ID":"002100002B0130044","BUILDING_ID":"002100002","FLOOR_ID":"002100002B01","POI_ID":"002100002B0130044","NAME":null,"CATEGORY_ID":25146,"COLOR":25146,"FLOOR_INDEX":-1,"FLOOR_NAME":"B1"},"geometry":{"x":13523028.930200003,"y":3662120.2840000018}},{"attributes":{"OBJECTID":45,"GEO_ID":"002100002B0130045","BUILDING_ID":"002100002","FLOOR_ID":"002100002B01","POI_ID":"002100002B0130045","NAME":null,"CATEGORY_ID":25146,"COLOR":25146,"FLOOR_INDEX":-1,"FLOOR_NAME":"B1"},"geometry":{"x":13523030.996399999,"y":3662120.2875000015}},{"attributes":{"OBJECTID":46,"GEO_ID":"002100002B0130046","BUILDING_ID":"002100002","FLOOR_ID":"002100002B01","POI_ID":"002100002B0130046","NAME":null,"CATEGORY_ID":25146,"COLOR":25146,"FLOOR_INDEX":-1,"FLOOR_NAME":"B1"},"geometry":{"x":13523032.930200003,"y":3662120.2907000035}},{"attributes":{"OBJECTID":47,"GEO_ID":"002100002B0130047","BUILDING_ID":"002100002","FLOOR_ID":"002100002B01","POI_ID":"002100002B0130047","NAME":null,"CATEGORY_ID":25146,"COLOR":25146,"FLOOR_INDEX":-1,"FLOOR_NAME":"B1"},"geometry":{"x":13523020.484399997,"y":3662114.2845999971}},{"attributes":{"OBJECTID":48,"GEO_ID":"002100002B0130048","BUILDING_ID":"002100002","FLOOR_ID":"002100002B01","POI_ID":"002100002B0130048","NAME":null,"CATEGORY_ID":25146,"COLOR":25146,"FLOOR_INDEX":-1,"FLOOR_NAME":"B1"},"geometry":{"x":13523023.5163,"y":3662115.3427999988}},{"attributes":{"OBJECTID":49,"GEO_ID":"002100002B0130049","BUILDING_ID":"002100002","FLOOR_ID":"002100002B01","POI_ID":"002100002B0130049","NAME":null,"CATEGORY_ID":25146,"COLOR":25146,"FLOOR_INDEX":-1,"FLOOR_NAME":"B1"},"geometry":{"x":13523036.897200003,"y":3662114.1666999981}},{"attributes":{"OBJECTID":50,"GEO_ID":"002100002B0130050","BUILDING_ID":"002100002","FLOOR_ID":"002100002B01","POI_ID":"002100002B0130050","NAME":null,"CATEGORY_ID":25146,"COLOR":25146,"FLOOR_INDEX":-1,"FLOOR_NAME":"B1"},"geometry":{"x":13523038.091200002,"y":3662112.5313000008}},{"attributes":{"OBJECTID":51,"GEO_ID":"002100002B0130051","BUILDING_ID":"002100002","FLOOR_ID":"002100002B01","POI_ID":"002100002B0130051","NAME":null,"CATEGORY_ID":25146,"COLOR":25146,"FLOOR_INDEX":-1,"FLOOR_NAME":"B1"},"geometry":{"x":13523016.262900002,"y":3662131.8519999981}},{"attributes":{"OBJECTID":52,"GEO_ID":"002100002B0130052","BUILDING_ID":"002100002","FLOOR_ID":"002100002B01","POI_ID":"002100002B0130052","NAME":null,"CATEGORY_ID":25146,"COLOR":25146,"FLOOR_INDEX":-1,"FLOOR_NAME":"B1"},"geometry":{"x":13523020.709600002,"y":3662138.7832000032}},{"attributes":{"OBJECTID":53,"GEO_ID":"002100002B0130053","BUILDING_ID":"002100002","FLOOR_ID":"002100002B01","POI_ID":"002100002B0130053","NAME":null,"CATEGORY_ID":25146,"COLOR":25146,"FLOOR_INDEX":-1,"FLOOR_NAME":"B1"},"geometry":{"x":13523022.694399998,"y":3662138.7813000008}},{"attributes":{"OBJECTID":54,"GEO_ID":"002100002B0130054","BUILDING_ID":"002100002","FLOOR_ID":"002100002B01","POI_ID":"002100002B0130054","NAME":null,"CATEGORY_ID":25146,"COLOR":25146,"FLOOR_INDEX":-1,"FLOOR_NAME":"B1"},"geometry":{"x":13523024.7311,"y":3662138.7792999968}},{"attributes":{"OBJECTID":55,"GEO_ID":"002100002B0130055","BUILDING_ID":"002100002","FLOOR_ID":"002100002B01","POI_ID":"002100002B0130055","NAME":null,"CATEGORY_ID":25146,"COLOR":25146,"FLOOR_INDEX":-1,"FLOOR_NAME":"B1"},"geometry":{"x":13523028.977799997,"y":3662139.4015000015}},{"attributes":{"OBJECTID":56,"GEO_ID":"002100002B0130056","BUILDING_ID":"002100002","FLOOR_ID":"002100002B01","POI_ID":"002100002B0130056","NAME":null,"CATEGORY_ID":25146,"COLOR":25146,"FLOOR_INDEX":-1,"FLOOR_NAME":"B1"},"geometry":{"x":13523030.922399998,"y":3662139.3995999992}},{"attributes":{"OBJECTID":57,"GEO_ID":"002100002B0130057","BUILDING_ID":"002100002","FLOOR_ID":"002100002B01","POI_ID":"002100002B0130057","NAME":null,"CATEGORY_ID":25146,"COLOR":25146,"FLOOR_INDEX":-1,"FLOOR_NAME":"B1"},"geometry":{"x":13523032.9067,"y":3662139.3976000026}},{"attributes":{"OBJECTID":58,"GEO_ID":"002100002B0130058","BUILDING_ID":"002100002","FLOOR_ID":"002100002B01","POI_ID":"002100002B0130058","NAME":null,"CATEGORY_ID":25146,"COLOR":25146,"FLOOR_INDEX":-1,"FLOOR_NAME":"B1"},"geometry":{"x":13523037.312100001,"y":3662139.4015000015}},{"attributes":{"OBJECTID":59,"GEO_ID":"002100002B0130059","BUILDING_ID":"002100002","FLOOR_ID":"002100002B01","POI_ID":"002100002B0130059","NAME":null,"CATEGORY_ID":25146,"COLOR":25146,"FLOOR_INDEX":-1,"FLOOR_NAME":"B1"},"geometry":{"x":13523039.376000002,"y":3662139.3994999975}},{"attributes":{"OBJECTID":60,"GEO_ID":"002100002B0130060","BUILDING_ID":"002100002","FLOOR_ID":"002100002B01","POI_ID":"002100002B0130060","NAME":null,"CATEGORY_ID":25146,"COLOR":25146,"FLOOR_INDEX":-1,"FLOOR_NAME":"B1"},"geometry":{"x":13523041.320600003,"y":3662139.3976000026}},{"attributes":{"OBJECTID":61,"GEO_ID":"002100002B0130061","BUILDING_ID":"002100002","FLOOR_ID":"002100002B01","POI_ID":"002100002B0130061","NAME":null,"CATEGORY_ID":25146,"COLOR":25146,"FLOOR_INDEX":-1,"FLOOR_NAME":"B1"},"geometry":{"x":13522983.790700004,"y":3662127.7188000008}},{"attributes":{"OBJECTID":62,"GEO_ID":"002100002B0130062","BUILDING_ID":"002100002","FLOOR_ID":"002100002B01","POI_ID":"002100002B0130062","NAME":null,"CATEGORY_ID":25146,"COLOR":25146,"FLOOR_INDEX":-1,"FLOOR_NAME":"B1"},"geometry":{"x":13522983.783699997,"y":3662125.6661000028}},{"attributes":{"OBJECTID":63,"GEO_ID":"002100002B0130063","BUILDING_ID":"002100002","FLOOR_ID":"002100002B01","POI_ID":"002100002B0130063","NAME":null,"CATEGORY_ID":25146,"COLOR":25146,"FLOOR_INDEX":-1,"FLOOR_NAME":"B1"},"geometry":{"x":13523062.788900003,"y":3662124.4112000018}},{"attributes":{"OBJECTID":64,"GEO_ID":"002100002B0130064","BUILDING_ID":"002100002","FLOOR_ID":"002100002B01","POI_ID":"002100002B0130064","NAME":null,"CATEGORY_ID":25146,"COLOR":25146,"FLOOR_INDEX":-1,"FLOOR_NAME":"B1"},"geometry":{"x":13523041.979199998,"y":3662123.9821999967}},{"attributes":{"OBJECTID":65,"GEO_ID":"002100002B0130065","BUILDING_ID":"002100002","FLOOR_ID":"002100002B01","POI_ID":"002100002B0130065","NAME":null,"CATEGORY_ID":25146,"COLOR":25146,"FLOOR_INDEX":-1,"FLOOR_NAME":"B1"},"geometry":{"x":13522999.079300001,"y":3662124.0565000027}},{"attributes":{"OBJECTID":66,"GEO_ID":"002100002B0130066","BUILDING_ID":"002100002","FLOOR_ID":"002100002B01","POI_ID":"002100002B0130066","NAME":null,"CATEGORY_ID":25146,"COLOR":25146,"FLOOR_INDEX":-1,"FLOOR_NAME":"B1"},"geometry":{"x":13522999.079300001,"y":3662129.1841000021}},{"attributes":{"OBJECTID":67,"GEO_ID":"002100002B0130067","BUILDING_ID":"002100002","FLOOR_ID":"002100002B01","POI_ID":"002100002B0130067","NAME":null,"CATEGORY_ID":25146,"COLOR":25146,"FLOOR_INDEX":-1,"FLOOR_NAME":"B1"},"geometry":{"x":13523039.8706,"y":3662110.3431999981}},{"attributes":{"OBJECTID":68,"GEO_ID":"002100002B0130068","BUILDING_ID":"002100002","FLOOR_ID":"002100002B01","POI_ID":"002100002B0130068","NAME":null,"CATEGORY_ID":25146,"COLOR":25146,"FLOOR_INDEX":-1,"FLOOR_NAME":"B1"},"geometry":{"x":13523041.497199997,"y":3662114.3061999977}},{"attributes":{"OBJECTID":69,"GEO_ID":"002100002B0130069","BUILDING_ID":"002100002","FLOOR_ID":"002100002B01","POI_ID":"002100002B0130069","NAME":null,"CATEGORY_ID":25146,"COLOR":25146,"FLOOR_INDEX":-1,"FLOOR_NAME":"B1"},"geometry":{"x":13523022.362899996,"y":3662132.9626000002}},{"attributes":{"OBJECTID":70,"GEO_ID":"002100002B0130070","BUILDING_ID":"002100002","FLOOR_ID":"002100002B01","POI_ID":"002100002B0130070","NAME":null,"CATEGORY_ID":25146,"COLOR":25146,"FLOOR_INDEX":-1,"FLOOR_NAME":"B1"},"geometry":{"x":13523061.9877,"y":3662129.7285000011}},{"attributes":{"OBJECTID":71,"GEO_ID":"002100002B0130071","BUILDING_ID":"002100002","FLOOR_ID":"002100002B01","POI_ID":"002100002B0130071","NAME":null,"CATEGORY_ID":25146,"COLOR":25146,"FLOOR_INDEX":-1,"FLOOR_NAME":"B1"},"geometry":{"x":13523054.334200002,"y":3662129.2378000021}},{"attributes":{"OBJECTID":72,"GEO_ID":"002100002B0130072","BUILDING_ID":"002100002","FLOOR_ID":"002100002B01","POI_ID":"002100002B0130072","NAME":null,"CATEGORY_ID":25146,"COLOR":25146,"FLOOR_INDEX":-1,"FLOOR_NAME":"B1"},"geometry":{"x":13523054.440499999,"y":3662122.256099999}},{"attributes":{"OBJECTID":73,"GEO_ID":"002100002B0130073","BUILDING_ID":"002100002","FLOOR_ID":"002100002B01","POI_ID":"002100002B0130073","NAME":null,"CATEGORY_ID":25146,"COLOR":25146,"FLOOR_INDEX":-1,"FLOOR_NAME":"B1"},"geometry":{"x":13523054.334799998,"y":3662115.8224000037}},{"attributes":{"OBJECTID":74,"GEO_ID":"002100002B0130074","BUILDING_ID":"002100002","FLOOR_ID":"002100002B01","POI_ID":"002100002B0130074","NAME":null,"CATEGORY_ID":25146,"COLOR":25146,"FLOOR_INDEX":-1,"FLOOR_NAME":"B1"},"geometry":{"x":13523057.648199998,"y":3662116.5901999995}},{"attributes":{"OBJECTID":75,"GEO_ID":"002100002B0130075","BUILDING_ID":"002100002","FLOOR_ID":"002100002B01","POI_ID":"002100002B0130075","NAME":null,"CATEGORY_ID":25146,"COLOR":25146,"FLOOR_INDEX":-1,"FLOOR_NAME":"B1"},"geometry":{"x":13523057.648199998,"y":3662119.315200001}},{"attributes":{"OBJECTID":76,"GEO_ID":"002100002B0130076","BUILDING_ID":"002100002","FLOOR_ID":"002100002B01","POI_ID":"002100002B0130076","NAME":null,"CATEGORY_ID":25146,"COLOR":25146,"FLOOR_INDEX":-1,"FLOOR_NAME":"B1"},"geometry":{"x":13523057.648199998,"y":3662121.7638000026}},{"attributes":{"OBJECTID":77,"GEO_ID":"002100002B0130077","BUILDING_ID":"002100002","FLOOR_ID":"002100002B01","POI_ID":"002100002B0130077","NAME":null,"CATEGORY_ID":25146,"COLOR":25146,"FLOOR_INDEX":-1,"FLOOR_NAME":"B1"},"geometry":{"x":13522985.731200002,"y":3662116.9752999991}},{"attributes":{"OBJECTID":78,"GEO_ID":"002100002B0130078","BUILDING_ID":"002100002","FLOOR_ID":"002100002B01","POI_ID":"002100002B0130078","NAME":null,"CATEGORY_ID":25146,"COLOR":25146,"FLOOR_INDEX":-1,"FLOOR_NAME":"B1"},"geometry":{"x":13523008.614100002,"y":3662091.2290999964}},{"attributes":{"OBJECTID":79,"GEO_ID":"002100002B0130079","BUILDING_ID":"002100002","FLOOR_ID":"002100002B01","POI_ID":"002100002B0130079","NAME":null,"CATEGORY_ID":25146,"COLOR":25146,"FLOOR_INDEX":-1,"FLOOR_NAME":"B1"},"geometry":{"x":13522990.953699999,"y":3662116.6928000003}},{"attributes":{"OBJECTID":80,"GEO_ID":"002100002B0130080","BUILDING_ID":"002100002","FLOOR_ID":"002100002B01","POI_ID":"002100002B0130080","NAME":null,"CATEGORY_ID":25146,"COLOR":25146,"FLOOR_INDEX":-1,"FLOOR_NAME":"B1"},"geometry":{"x":13523003.723800004,"y":3662115.7463999987}},{"attributes":{"OBJECTID":81,"GEO_ID":"002100002B0130081","BUILDING_ID":"002100002","FLOOR_ID":"002100002B01","POI_ID":"002100002B0130081","NAME":null,"CATEGORY_ID":25146,"COLOR":25146,"FLOOR_INDEX":-1,"FLOOR_NAME":"B1"},"geometry":{"x":13523003.719800003,"y":3662114.6868000031}},{"attributes":{"OBJECTID":82,"GEO_ID":"002100002B0130082","BUILDING_ID":"002100002","FLOOR_ID":"002100002B01","POI_ID":"002100002B0130082","NAME":null,"CATEGORY_ID":25146,"COLOR":25146,"FLOOR_INDEX":-1,"FLOOR_NAME":"B1"},"geometry":{"x":13522997.180500001,"y":3662107.9175999984}},{"attributes":{"OBJECTID":83,"GEO_ID":"002100002B0130083","BUILDING_ID":"002100002","FLOOR_ID":"002100002B01","POI_ID":"002100002B0130083","NAME":null,"CATEGORY_ID":25146,"COLOR":25146,"FLOOR_INDEX":-1,"FLOOR_NAME":"B1"},"geometry":{"x":13522997.659900002,"y":3662105.8077000007}},{"attributes":{"OBJECTID":84,"GEO_ID":"002100002B0130084","BUILDING_ID":"002100002","FLOOR_ID":"002100002B01","POI_ID":"002100002B0130084","NAME":null,"CATEGORY_ID":25146,"COLOR":25146,"FLOOR_INDEX":-1,"FLOOR_NAME":"B1"},"geometry":{"x":13523006.577299997,"y":3662108.0366000012}},{"attributes":{"OBJECTID":85,"GEO_ID":"002100002B0130085","BUILDING_ID":"002100002","FLOOR_ID":"002100002B01","POI_ID":"002100002B0130085","NAME":null,"CATEGORY_ID":25146,"COLOR":25146,"FLOOR_INDEX":-1,"FLOOR_NAME":"B1"},"geometry":{"x":13523008.861299999,"y":3662105.4475999996}},{"attributes":{"OBJECTID":86,"GEO_ID":"002100002B0130086","BUILDING_ID":"002100002","FLOOR_ID":"002100002B01","POI_ID":"002100002B0130086","NAME":null,"CATEGORY_ID":25146,"COLOR":25146,"FLOOR_INDEX":-1,"FLOOR_NAME":"B1"},"geometry":{"x":13522998.015199997,"y":3662103.0436000004}},{"attributes":{"OBJECTID":87,"GEO_ID":"002100002B0130087","BUILDING_ID":"002100002","FLOOR_ID":"002100002B01","POI_ID":"002100002B0130087","NAME":null,"CATEGORY_ID":25146,"COLOR":25146,"FLOOR_INDEX":-1,"FLOOR_NAME":"B1"},"geometry":{"x":13522989.529600002,"y":3662105.3632000014}},{"attributes":{"OBJECTID":88,"GEO_ID":"002100002B0130088","BUILDING_ID":"002100002","FLOOR_ID":"002100002B01","POI_ID":"002100002B0130088","NAME":null,"CATEGORY_ID":25146,"COLOR":25146,"FLOOR_INDEX":-1,"FLOOR_NAME":"B1"},"geometry":{"x":13523007.228399999,"y":3662099.7409000024}},{"attributes":{"OBJECTID":89,"GEO_ID":"002100002B0130089","BUILDING_ID":"002100002","FLOOR_ID":"002100002B01","POI_ID":"002100002B0130089","NAME":null,"CATEGORY_ID":25146,"COLOR":25146,"FLOOR_INDEX":-1,"FLOOR_NAME":"B1"},"geometry":{"x":13523009.228699997,"y":3662101.0003999993}},{"attributes":{"OBJECTID":90,"GEO_ID":"002100002B0130090","BUILDING_ID":"002100002","FLOOR_ID":"002100002B01","POI_ID":"002100002B0130090","NAME":null,"CATEGORY_ID":25146,"COLOR":25146,"FLOOR_INDEX":-1,"FLOOR_NAME":"B1"},"geometry":{"x":13523033.0273,"y":3662102.4553999975}},{"attributes":{"OBJECTID":91,"GEO_ID":"002100002B0130091","BUILDING_ID":"002100002","FLOOR_ID":"002100002B01","POI_ID":"002100002B0130091","NAME":null,"CATEGORY_ID":25146,"COLOR":25146,"FLOOR_INDEX":-1,"FLOOR_NAME":"B1"},"geometry":{"x":13523034.907899998,"y":3662103.0830999985}},{"attributes":{"OBJECTID":92,"GEO_ID":"002100002B0130092","BUILDING_ID":"002100002","FLOOR_ID":"002100002B01","POI_ID":"002100002B0130092","NAME":null,"CATEGORY_ID":25146,"COLOR":25146,"FLOOR_INDEX":-1,"FLOOR_NAME":"B1"},"geometry":{"x":13523039.067599997,"y":3662105.6955000013}},{"attributes":{"OBJECTID":93,"GEO_ID":"002100002B0130093","BUILDING_ID":"002100002","FLOOR_ID":"002100002B01","POI_ID":"002100002B0130093","NAME":null,"CATEGORY_ID":25146,"COLOR":25146,"FLOOR_INDEX":-1,"FLOOR_NAME":"B1"},"geometry":{"x":13523065.889600001,"y":3662118.0208000019}},{"attributes":{"OBJECTID":94,"GEO_ID":"002100002B0130094","BUILDING_ID":"002100002","FLOOR_ID":"002100002B01","POI_ID":"002100002B0130094","NAME":null,"CATEGORY_ID":25146,"COLOR":25146,"FLOOR_INDEX":-1,"FLOOR_NAME":"B1"},"geometry":{"x":13523070.969599999,"y":3662134.8728}},{"attributes":{"OBJECTID":95,"GEO_ID":"002100002B0130095","BUILDING_ID":"002100002","FLOOR_ID":"002100002B01","POI_ID":"002100002B0130095","NAME":null,"CATEGORY_ID":25146,"COLOR":25146,"FLOOR_INDEX":-1,"FLOOR_NAME":"B1"},"geometry":{"x":13523012.390100002,"y":3662099.6586999968}},{"attributes":{"OBJECTID":96,"GEO_ID":"002100002B0130096","BUILDING_ID":"002100002","FLOOR_ID":"002100002B01","POI_ID":"002100002B0130096","NAME":null,"CATEGORY_ID":25146,"COLOR":25146,"FLOOR_INDEX":-1,"FLOOR_NAME":"B1"},"geometry":{"x":13523025.842500001,"y":3662099.759800002}},{"attributes":{"OBJECTID":97,"GEO_ID":"002100002B0130097","BUILDING_ID":"002100002","FLOOR_ID":"002100002B01","POI_ID":"002100002B0130097","NAME":null,"CATEGORY_ID":25146,"COLOR":25146,"FLOOR_INDEX":-1,"FLOOR_NAME":"B1"},"geometry":{"x":13523027.783600003,"y":3662099.2802999988}},{"attributes":{"OBJECTID":98,"GEO_ID":"002100002B0130098","BUILDING_ID":"002100002","FLOOR_ID":"002100002B01","POI_ID":"002100002B0130098","NAME":null,"CATEGORY_ID":25146,"COLOR":25146,"FLOOR_INDEX":-1,"FLOOR_NAME":"B1"},"geometry":{"x":13523026.427000001,"y":3662104.3721000031}},{"attributes":{"OBJECTID":99,"GEO_ID":"002100002B0130099","BUILDING_ID":"002100002","FLOOR_ID":"002100002B01","POI_ID":"002100002B0130099","NAME":"货梯","CATEGORY_ID":25136,"COLOR":25136,"FLOOR_INDEX":-1,"FLOOR_NAME":"B1"},"geometry":{"x":13523024.905000001,"y":3662115.3427999988}},{"attributes":{"OBJECTID":100,"GEO_ID":"002100002B0130100","BUILDING_ID":"002100002","FLOOR_ID":"002100002B01","POI_ID":"002100002B0130100","NAME":"货梯","CATEGORY_ID":25136,"COLOR":25136,"FLOOR_INDEX":-1,"FLOOR_NAME":"B1"},"geometry":{"x":13523036.902599998,"y":3662115.5868000016}},{"attributes":{"OBJECTID":101,"GEO_ID":"002100002B0130101","BUILDING_ID":"002100002","FLOOR_ID":"002100002B01","POI_ID":"002100002B0130101","NAME":"楼梯","CATEGORY_ID":25134,"COLOR":25134,"FLOOR_INDEX":-1,"FLOOR_NAME":"B1"},"geometry":{"x":13523020.213600002,"y":3662110.9032000005}},{"attributes":{"OBJECTID":102,"GEO_ID":"002100002B0130102","BUILDING_ID":"002100002","FLOOR_ID":"002100002B01","POI_ID":"002100002B0130102","NAME":"楼梯","CATEGORY_ID":25134,"COLOR":25134,"FLOOR_INDEX":-1,"FLOOR_NAME":"B1"},"geometry":{"x":13522999.079300001,"y":3662134.5188999996}},{"attributes":{"OBJECTID":103,"GEO_ID":"002100002B0130103","BUILDING_ID":"002100002","FLOOR_ID":"002100002B01","POI_ID":"002100002B0130103","NAME":"楼梯","CATEGORY_ID":25134,"COLOR":25134,"FLOOR_INDEX":-1,"FLOOR_NAME":"B1"},"geometry":{"x":13522999.079300001,"y":3662118.6273000017}},{"attributes":{"OBJECTID":104,"GEO_ID":"002100002B0130104","BUILDING_ID":"002100002","FLOOR_ID":"002100002B01","POI_ID":"002100002B0130104","NAME":"楼梯","CATEGORY_ID":25134,"COLOR":25134,"FLOOR_INDEX":-1,"FLOOR_NAME":"B1"},"geometry":{"x":13523062.788900003,"y":3662119.7305999994}},{"attributes":{"OBJECTID":105,"GEO_ID":"002100002B0130105","BUILDING_ID":"002100002","FLOOR_ID":"002100002B01","POI_ID":"002100002B0130105","NAME":"货梯","CATEGORY_ID":25136,"COLOR":25136,"FLOOR_INDEX":-1,"FLOOR_NAME":"B1"},"geometry":{"x":13523059.077,"y":3662121.7638000026}},{"attributes":{"OBJECTID":106,"GEO_ID":"002100002B0130106","BUILDING_ID":"002100002","FLOOR_ID":"002100002B01","POI_ID":"002100002B0130106","NAME":"货梯","CATEGORY_ID":25136,"COLOR":25136,"FLOOR_INDEX":-1,"FLOOR_NAME":"B1"},"geometry":{"x":13523059.077,"y":3662119.315200001}},{"attributes":{"OBJECTID":107,"GEO_ID":"002100002B0130107","BUILDING_ID":"002100002","FLOOR_ID":"002100002B01","POI_ID":"002100002B0130107","NAME":"货梯","CATEGORY_ID":25136,"COLOR":25136,"FLOOR_INDEX":-1,"FLOOR_NAME":"B1"},"geometry":{"x":13523059.077,"y":3662116.5901999995}},{"attributes":{"OBJECTID":108,"GEO_ID":"002100002B0130108","BUILDING_ID":"002100002","FLOOR_ID":"002100002B01","POI_ID":"002100002B0130108","NAME":"楼梯","CATEGORY_ID":25134,"COLOR":25134,"FLOOR_INDEX":-1,"FLOOR_NAME":"B1"},"geometry":{"x":13523062.736500002,"y":3662136.2078000009}},{"attributes":{"OBJECTID":109,"GEO_ID":"002100002B0130109","BUILDING_ID":"002100002","FLOOR_ID":"002100002B01","POI_ID":"002100002B0130109","NAME":"楼梯","CATEGORY_ID":25134,"COLOR":25134,"FLOOR_INDEX":-1,"FLOOR_NAME":"B1"},"geometry":{"x":13523012.544600002,"y":3662088.1651000008}},{"attributes":{"OBJECTID":110,"GEO_ID":"002100002B0130110","BUILDING_ID":"002100002","FLOOR_ID":"002100002B01","POI_ID":"002100002B0130110","NAME":null,"CATEGORY_ID":25141,"COLOR":25141,"FLOOR_INDEX":-1,"FLOOR_NAME":"B1"},"geometry":{"x":13523014.400399998,"y":3662115.9279000014}},{"attributes":{"OBJECTID":111,"GEO_ID":"002100002B0130111","BUILDING_ID":"002100002","FLOOR_ID":"002100002B01","POI_ID":"002100002B0130111","NAME":null,"CATEGORY_ID":25141,"COLOR":25141,"FLOOR_INDEX":-1,"FLOOR_NAME":"B1"},"geometry":{"x":13523049.420400001,"y":3662126.871299997}},{"attributes":{"OBJECTID":112,"GEO_ID":"002100002B0130112","BUILDING_ID":"002100002","FLOOR_ID":"002100002B01","POI_ID":"002100002B0130112","NAME":null,"CATEGORY_ID":25141,"COLOR":25141,"FLOOR_INDEX":-1,"FLOOR_NAME":"B1"},"geometry":{"x":13523043.454899997,"y":3662132.1762999967}},{"attributes":{"OBJECTID":113,"GEO_ID":"002100002B0130113","BUILDING_ID":"002100002","FLOOR_ID":"002100002B01","POI_ID":"002100002B0130113","NAME":null,"CATEGORY_ID":25141,"COLOR":25141,"FLOOR_INDEX":-1,"FLOOR_NAME":"B1"},"geometry":{"x":13523018.350000001,"y":3662127.6331999972}},{"attributes":{"OBJECTID":114,"GEO_ID":"002100002B0130114","BUILDING_ID":"002100002","FLOOR_ID":"002100002B01","POI_ID":"002100002B0130114","NAME":"男洗手间","CATEGORY_ID":25075,"COLOR":25075,"FLOOR_INDEX":-1,"FLOOR_NAME":"B1"},"geometry":{"x":13523043.064400002,"y":3662115.0305999964}},{"attributes":{"OBJECTID":115,"GEO_ID":"002100002B0130115","BUILDING_ID":"002100002","FLOOR_ID":"002100002B01","POI_ID":"002100002B0130115","NAME":null,"CATEGORY_ID":25146,"COLOR":25146,"FLOOR_INDEX":-1,"FLOOR_NAME":"B1"},"geometry":{"x":13523023.873300001,"y":3662111.7049999982}}]}