{"displayFieldName":"","fieldAliases":{"OBJECTID":"OBJECTID","GEO_ID":"GEO_ID","BUILDING_ID":"BUILDING_ID","FLOOR_ID":"FLOOR_ID","POI_ID":"POI_ID","NAME":"NAME","CATEGORY_ID":"CATEGORY_ID","COLOR":"COLOR","FLOOR_INDEX":"FLOOR_INDEX","FLOOR_NAME":"FLOOR_NAME"},"geometryType":"esriGeometryPoint","spatialReference":{"wkid":3395,"latestWkid":3395},"fields":[{"name":"OBJECTID","type":"esriFieldTypeOID","alias":"OBJECTID"},{"name":"GEO_ID","type":"esriFieldTypeString","alias":"GEO_ID","length":50},{"name":"BUILDING_ID","type":"esriFieldTypeString","alias":"BUILDING_ID","length":50},{"name":"FLOOR_ID","type":"esriFieldTypeString","alias":"FLOOR_ID","length":50},{"name":"POI_ID","type":"esriFieldTypeString","alias":"POI_ID","length":50},{"name":"NAME","type":"esriFieldTypeString","alias":"NAME","length":50},{"name":"CATEGORY_ID","type":"esriFieldTypeSmallInteger","alias":"CATEGORY_ID"},{"name":"COLOR","type":"esriFieldTypeSmallInteger","alias":"COLOR"},{"name":"FLOOR_INDEX","type":"esriFieldTypeSmallInteger","alias":"FLOOR_INDEX"},{"name":"FLOOR_NAME","type":"esriFieldTypeString","alias":"FLOOR_NAME","length":50}],"features":[{"attributes":{"OBJECTID":149,"GEO_ID":"002100002F1330001","BUILDING_ID":"002100002","FLOOR_ID":"002100002F13","POI_ID":"002100002F1330001","NAME":null,"CATEGORY_ID":25146,"COLOR":25146,"FLOOR_INDEX":13,"FLOOR_NAME":"F13"},"geometry":{"x":13523019.949500002,"y":3662123.9888999984}},{"attributes":{"OBJECTID":150,"GEO_ID":"002100002F1330002","BUILDING_ID":"002100002","FLOOR_ID":"002100002F13","POI_ID":"002100002F1330002","NAME":null,"CATEGORY_ID":25146,"COLOR":25146,"FLOOR_INDEX":13,"FLOOR_NAME":"F13"},"geometry":{"x":13523016.944300003,"y":3662123.9888999984}},{"attributes":{"OBJECTID":151,"GEO_ID":"002100002F1330003","BUILDING_ID":"002100002","FLOOR_ID":"002100002F13","POI_ID":"002100002F1330003","NAME":null,"CATEGORY_ID":25146,"COLOR":25146,"FLOOR_INDEX":13,"FLOOR_NAME":"F13"},"geometry":{"x":13523021.782700002,"y":3662121.9045000002}},{"attributes":{"OBJECTID":152,"GEO_ID":"002100002F1330004","BUILDING_ID":"002100002","FLOOR_ID":"002100002F13","POI_ID":"002100002F1330004","NAME":null,"CATEGORY_ID":25146,"COLOR":25146,"FLOOR_INDEX":13,"FLOOR_NAME":"F13"},"geometry":{"x":13523002.982299998,"y":3662124.0187999979}},{"attributes":{"OBJECTID":153,"GEO_ID":"002100002F1330005","BUILDING_ID":"002100002","FLOOR_ID":"002100002F13","POI_ID":"002100002F1330005","NAME":null,"CATEGORY_ID":25146,"COLOR":25146,"FLOOR_INDEX":13,"FLOOR_NAME":"F13"},"geometry":{"x":13523006.917999998,"y":3662121.6475000009}},{"attributes":{"OBJECTID":154,"GEO_ID":"002100002F1330006","BUILDING_ID":"002100002","FLOOR_ID":"002100002F13","POI_ID":"002100002F1330006","NAME":null,"CATEGORY_ID":25146,"COLOR":25146,"FLOOR_INDEX":13,"FLOOR_NAME":"F13"},"geometry":{"x":13523004.801299997,"y":3662121.6475000009}},{"attributes":{"OBJECTID":155,"GEO_ID":"002100002F1330007","BUILDING_ID":"002100002","FLOOR_ID":"002100002F13","POI_ID":"002100002F1330007","NAME":null,"CATEGORY_ID":25146,"COLOR":25146,"FLOOR_INDEX":13,"FLOOR_NAME":"F13"},"geometry":{"x":13523004.106799997,"y":3662121.6475000009}},{"attributes":{"OBJECTID":156,"GEO_ID":"002100002F1330008","BUILDING_ID":"002100002","FLOOR_ID":"002100002F13","POI_ID":"002100002F1330008","NAME":null,"CATEGORY_ID":25146,"COLOR":25146,"FLOOR_INDEX":13,"FLOOR_NAME":"F13"},"geometry":{"x":13523029.183799997,"y":3662120.4029000029}},{"attributes":{"OBJECTID":157,"GEO_ID":"002100002F1330009","BUILDING_ID":"002100002","FLOOR_ID":"002100002F13","POI_ID":"002100002F1330009","NAME":null,"CATEGORY_ID":25146,"COLOR":25146,"FLOOR_INDEX":13,"FLOOR_NAME":"F13"},"geometry":{"x":13523033.3389,"y":3662137.9169000015}},{"attributes":{"OBJECTID":158,"GEO_ID":"002100002F1330010","BUILDING_ID":"002100002","FLOOR_ID":"002100002F13","POI_ID":"002100002F1330010","NAME":null,"CATEGORY_ID":25146,"COLOR":25146,"FLOOR_INDEX":13,"FLOOR_NAME":"F13"},"geometry":{"x":13523030.892300002,"y":3662108.5473000035}},{"attributes":{"OBJECTID":159,"GEO_ID":"002100002F1330011","BUILDING_ID":"002100002","FLOOR_ID":"002100002F13","POI_ID":"002100002F1330011","NAME":null,"CATEGORY_ID":25146,"COLOR":25146,"FLOOR_INDEX":13,"FLOOR_NAME":"F13"},"geometry":{"x":13523030.892300002,"y":3662107.8484999985}},{"attributes":{"OBJECTID":160,"GEO_ID":"002100002F1330012","BUILDING_ID":"002100002","FLOOR_ID":"002100002F13","POI_ID":"002100002F1330012","NAME":null,"CATEGORY_ID":25146,"COLOR":25146,"FLOOR_INDEX":13,"FLOOR_NAME":"F13"},"geometry":{"x":13523022.631700002,"y":3662114.2497000024}},{"attributes":{"OBJECTID":161,"GEO_ID":"002100002F1330013","BUILDING_ID":"002100002","FLOOR_ID":"002100002F13","POI_ID":"002100002F1330013","NAME":null,"CATEGORY_ID":25146,"COLOR":25146,"FLOOR_INDEX":13,"FLOOR_NAME":"F13"},"geometry":{"x":13523022.631499998,"y":3662114.065200001}},{"attributes":{"OBJECTID":162,"GEO_ID":"002100002F1330014","BUILDING_ID":"002100002","FLOOR_ID":"002100002F13","POI_ID":"002100002F1330014","NAME":null,"CATEGORY_ID":25146,"COLOR":25146,"FLOOR_INDEX":13,"FLOOR_NAME":"F13"},"geometry":{"x":13523023.454899997,"y":3662115.2647999972}},{"attributes":{"OBJECTID":163,"GEO_ID":"002100002F1330015","BUILDING_ID":"002100002","FLOOR_ID":"002100002F13","POI_ID":"002100002F1330015","NAME":null,"CATEGORY_ID":25146,"COLOR":25146,"FLOOR_INDEX":13,"FLOOR_NAME":"F13"},"geometry":{"x":13523029.183799997,"y":3662115.2629999965}},{"attributes":{"OBJECTID":164,"GEO_ID":"002100002F1330016","BUILDING_ID":"002100002","FLOOR_ID":"002100002F13","POI_ID":"002100002F1330016","NAME":null,"CATEGORY_ID":25146,"COLOR":25146,"FLOOR_INDEX":13,"FLOOR_NAME":"F13"},"geometry":{"x":13523029.183799997,"y":3662112.4350000024}},{"attributes":{"OBJECTID":165,"GEO_ID":"002100002F1330017","BUILDING_ID":"002100002","FLOOR_ID":"002100002F13","POI_ID":"002100002F1330017","NAME":null,"CATEGORY_ID":25146,"COLOR":25146,"FLOOR_INDEX":13,"FLOOR_NAME":"F13"},"geometry":{"x":13523032.6338,"y":3662112.4275999963}},{"attributes":{"OBJECTID":166,"GEO_ID":"002100002F1330018","BUILDING_ID":"002100002","FLOOR_ID":"002100002F13","POI_ID":"002100002F1330018","NAME":null,"CATEGORY_ID":25146,"COLOR":25146,"FLOOR_INDEX":13,"FLOOR_NAME":"F13"},"geometry":{"x":13523032.6338,"y":3662115.258100003}},{"attributes":{"OBJECTID":167,"GEO_ID":"002100002F1330019","BUILDING_ID":"002100002","FLOOR_ID":"002100002F13","POI_ID":"002100002F1330019","NAME":null,"CATEGORY_ID":25146,"COLOR":25146,"FLOOR_INDEX":13,"FLOOR_NAME":"F13"},"geometry":{"x":13523029.183799997,"y":3662109.8228999972}},{"attributes":{"OBJECTID":168,"GEO_ID":"002100002F1330020","BUILDING_ID":"002100002","FLOOR_ID":"002100002F13","POI_ID":"002100002F1330020","NAME":null,"CATEGORY_ID":25146,"COLOR":25146,"FLOOR_INDEX":13,"FLOOR_NAME":"F13"},"geometry":{"x":13523032.6338,"y":3662109.9182000011}},{"attributes":{"OBJECTID":169,"GEO_ID":"002100002F1330021","BUILDING_ID":"002100002","FLOOR_ID":"002100002F13","POI_ID":"002100002F1330021","NAME":null,"CATEGORY_ID":25146,"COLOR":25146,"FLOOR_INDEX":13,"FLOOR_NAME":"F13"},"geometry":{"x":13523020.355400003,"y":3662114.2468999997}},{"attributes":{"OBJECTID":170,"GEO_ID":"002100002F1330022","BUILDING_ID":"002100002","FLOOR_ID":"002100002F13","POI_ID":"002100002F1330022","NAME":null,"CATEGORY_ID":25146,"COLOR":25146,"FLOOR_INDEX":13,"FLOOR_NAME":"F13"},"geometry":{"x":13523024.674800001,"y":3662106.4890000001}},{"attributes":{"OBJECTID":171,"GEO_ID":"002100002F1330023","BUILDING_ID":"002100002","FLOOR_ID":"002100002F13","POI_ID":"002100002F1330023","NAME":null,"CATEGORY_ID":25146,"COLOR":25146,"FLOOR_INDEX":13,"FLOOR_NAME":"F13"},"geometry":{"x":13523027.738300003,"y":3662105.5080000013}},{"attributes":{"OBJECTID":172,"GEO_ID":"002100002F1330024","BUILDING_ID":"002100002","FLOOR_ID":"002100002F13","POI_ID":"002100002F1330024","NAME":null,"CATEGORY_ID":25146,"COLOR":25146,"FLOOR_INDEX":13,"FLOOR_NAME":"F13"},"geometry":{"x":13523033.390000001,"y":3662105.2578999996}},{"attributes":{"OBJECTID":173,"GEO_ID":"002100002F1330025","BUILDING_ID":"002100002","FLOOR_ID":"002100002F13","POI_ID":"002100002F1330025","NAME":null,"CATEGORY_ID":25146,"COLOR":25146,"FLOOR_INDEX":13,"FLOOR_NAME":"F13"},"geometry":{"x":13523036.121200003,"y":3662106.5200999975}},{"attributes":{"OBJECTID":174,"GEO_ID":"002100002F1330026","BUILDING_ID":"002100002","FLOOR_ID":"002100002F13","POI_ID":"002100002F1330026","NAME":null,"CATEGORY_ID":25146,"COLOR":25146,"FLOOR_INDEX":13,"FLOOR_NAME":"F13"},"geometry":{"x":13523040.232900001,"y":3662110.1824000031}},{"attributes":{"OBJECTID":175,"GEO_ID":"002100002F1330027","BUILDING_ID":"002100002","FLOOR_ID":"002100002F13","POI_ID":"002100002F1330027","NAME":null,"CATEGORY_ID":25146,"COLOR":25146,"FLOOR_INDEX":13,"FLOOR_NAME":"F13"},"geometry":{"x":13523024.687100001,"y":3662125.989699997}},{"attributes":{"OBJECTID":176,"GEO_ID":"002100002F1330028","BUILDING_ID":"002100002","FLOOR_ID":"002100002F13","POI_ID":"002100002F1330028","NAME":null,"CATEGORY_ID":25146,"COLOR":25146,"FLOOR_INDEX":13,"FLOOR_NAME":"F13"},"geometry":{"x":13523038.283799998,"y":3662119.9182000011}},{"attributes":{"OBJECTID":177,"GEO_ID":"002100002F1330029","BUILDING_ID":"002100002","FLOOR_ID":"002100002F13","POI_ID":"002100002F1330029","NAME":null,"CATEGORY_ID":25146,"COLOR":25146,"FLOOR_INDEX":13,"FLOOR_NAME":"F13"},"geometry":{"x":13523038.283799998,"y":3662118.1740000024}},{"attributes":{"OBJECTID":178,"GEO_ID":"002100002F1330030","BUILDING_ID":"002100002","FLOOR_ID":"002100002F13","POI_ID":"002100002F1330030","NAME":null,"CATEGORY_ID":25146,"COLOR":25146,"FLOOR_INDEX":13,"FLOOR_NAME":"F13"},"geometry":{"x":13523034.298799999,"y":3662133.8488000035}},{"attributes":{"OBJECTID":179,"GEO_ID":"002100002F1330031","BUILDING_ID":"002100002","FLOOR_ID":"002100002F13","POI_ID":"002100002F1330031","NAME":null,"CATEGORY_ID":25146,"COLOR":25146,"FLOOR_INDEX":13,"FLOOR_NAME":"F13"},"geometry":{"x":13523038.167599998,"y":3662112.6198000014}},{"attributes":{"OBJECTID":180,"GEO_ID":"002100002F1330032","BUILDING_ID":"002100002","FLOOR_ID":"002100002F13","POI_ID":"002100002F1330032","NAME":null,"CATEGORY_ID":25146,"COLOR":25146,"FLOOR_INDEX":13,"FLOOR_NAME":"F13"},"geometry":{"x":13523023.592900001,"y":3662112.5191999972}},{"attributes":{"OBJECTID":181,"GEO_ID":"002100002F1330033","BUILDING_ID":"002100002","FLOOR_ID":"002100002F13","POI_ID":"002100002F1330033","NAME":null,"CATEGORY_ID":25146,"COLOR":25146,"FLOOR_INDEX":13,"FLOOR_NAME":"F13"},"geometry":{"x":13523036.485200003,"y":3662111.1740999967}},{"attributes":{"OBJECTID":182,"GEO_ID":"002100002F1330034","BUILDING_ID":"002100002","FLOOR_ID":"002100002F13","POI_ID":"002100002F1330034","NAME":null,"CATEGORY_ID":25146,"COLOR":25146,"FLOOR_INDEX":13,"FLOOR_NAME":"F13"},"geometry":{"x":13523021.218400002,"y":3662124.4139999971}},{"attributes":{"OBJECTID":183,"GEO_ID":"002100002F1330035","BUILDING_ID":"002100002","FLOOR_ID":"002100002F13","POI_ID":"002100002F1330035","NAME":null,"CATEGORY_ID":25146,"COLOR":25146,"FLOOR_INDEX":13,"FLOOR_NAME":"F13"},"geometry":{"x":13523040.338799998,"y":3662127.8299999982}},{"attributes":{"OBJECTID":184,"GEO_ID":"002100002F1330036","BUILDING_ID":"002100002","FLOOR_ID":"002100002F13","POI_ID":"002100002F1330036","NAME":null,"CATEGORY_ID":25146,"COLOR":25146,"FLOOR_INDEX":13,"FLOOR_NAME":"F13"},"geometry":{"x":13523030.531900004,"y":3662133.9007999972}},{"attributes":{"OBJECTID":185,"GEO_ID":"002100002F1330037","BUILDING_ID":"002100002","FLOOR_ID":"002100002F13","POI_ID":"002100002F1330037","NAME":null,"CATEGORY_ID":25146,"COLOR":25146,"FLOOR_INDEX":13,"FLOOR_NAME":"F13"},"geometry":{"x":13523032.878799997,"y":3662133.821800001}},{"attributes":{"OBJECTID":186,"GEO_ID":"002100002F1330038","BUILDING_ID":"002100002","FLOOR_ID":"002100002F13","POI_ID":"002100002F1330038","NAME":null,"CATEGORY_ID":25146,"COLOR":25146,"FLOOR_INDEX":13,"FLOOR_NAME":"F13"},"geometry":{"x":13523035.558799997,"y":3662125.7004999965}},{"attributes":{"OBJECTID":187,"GEO_ID":"002100002F1330039","BUILDING_ID":"002100002","FLOOR_ID":"002100002F13","POI_ID":"002100002F1330039","NAME":null,"CATEGORY_ID":25146,"COLOR":25146,"FLOOR_INDEX":13,"FLOOR_NAME":"F13"},"geometry":{"x":13523032.6338,"y":3662123.4112000018}},{"attributes":{"OBJECTID":188,"GEO_ID":"002100002F1330040","BUILDING_ID":"002100002","FLOOR_ID":"002100002F13","POI_ID":"002100002F1330040","NAME":null,"CATEGORY_ID":25146,"COLOR":25146,"FLOOR_INDEX":13,"FLOOR_NAME":"F13"},"geometry":{"x":13523032.6338,"y":3662118.9668999985}},{"attributes":{"OBJECTID":189,"GEO_ID":"002100002F1330041","BUILDING_ID":"002100002","FLOOR_ID":"002100002F13","POI_ID":"002100002F1330041","NAME":"4号客梯","CATEGORY_ID":25136,"COLOR":25136,"FLOOR_INDEX":13,"FLOOR_NAME":"F13"},"geometry":{"x":13523027.745800003,"y":3662115.2651000023}},{"attributes":{"OBJECTID":190,"GEO_ID":"002100002F1330042","BUILDING_ID":"002100002","FLOOR_ID":"002100002F13","POI_ID":"002100002F1330042","NAME":"5号客梯","CATEGORY_ID":25136,"COLOR":25136,"FLOOR_INDEX":13,"FLOOR_NAME":"F13"},"geometry":{"x":13523027.745800003,"y":3662112.4381000027}},{"attributes":{"OBJECTID":191,"GEO_ID":"002100002F1330043","BUILDING_ID":"002100002","FLOOR_ID":"002100002F13","POI_ID":"002100002F1330043","NAME":"6号客梯","CATEGORY_ID":25136,"COLOR":25136,"FLOOR_INDEX":13,"FLOOR_NAME":"F13"},"geometry":{"x":13523027.745800003,"y":3662109.8238999993}},{"attributes":{"OBJECTID":192,"GEO_ID":"002100002F1330044","BUILDING_ID":"002100002","FLOOR_ID":"002100002F13","POI_ID":"002100002F1330044","NAME":"1号客梯","CATEGORY_ID":25136,"COLOR":25136,"FLOOR_INDEX":13,"FLOOR_NAME":"F13"},"geometry":{"x":13523034.009499997,"y":3662115.256099999}},{"attributes":{"OBJECTID":193,"GEO_ID":"002100002F1330045","BUILDING_ID":"002100002","FLOOR_ID":"002100002F13","POI_ID":"002100002F1330045","NAME":"2号客梯","CATEGORY_ID":25136,"COLOR":25136,"FLOOR_INDEX":13,"FLOOR_NAME":"F13"},"geometry":{"x":13523034.009499997,"y":3662112.4246999994}},{"attributes":{"OBJECTID":194,"GEO_ID":"002100002F1330046","BUILDING_ID":"002100002","FLOOR_ID":"002100002F13","POI_ID":"002100002F1330046","NAME":"3号客梯","CATEGORY_ID":25136,"COLOR":25136,"FLOOR_INDEX":13,"FLOOR_NAME":"F13"},"geometry":{"x":13523034.009400003,"y":3662109.8194999993}},{"attributes":{"OBJECTID":195,"GEO_ID":"002100002F1330047","BUILDING_ID":"002100002","FLOOR_ID":"002100002F13","POI_ID":"002100002F1330047","NAME":"货梯","CATEGORY_ID":25136,"COLOR":25136,"FLOOR_INDEX":13,"FLOOR_NAME":"F13"},"geometry":{"x":13523024.880500004,"y":3662115.2647999972}},{"attributes":{"OBJECTID":197,"GEO_ID":"002100002F1330049","BUILDING_ID":"002100002","FLOOR_ID":"002100002F13","POI_ID":"002100002F1330049","NAME":"楼梯","CATEGORY_ID":25134,"COLOR":25134,"FLOOR_INDEX":13,"FLOOR_NAME":"F13"},"geometry":{"x":13523020.024300002,"y":3662110.8198999986}},{"attributes":{"OBJECTID":198,"GEO_ID":"002100002F1330050","BUILDING_ID":"002100002","FLOOR_ID":"002100002F13","POI_ID":"002100002F1330050","NAME":null,"CATEGORY_ID":25062,"COLOR":25062,"FLOOR_INDEX":13,"FLOOR_NAME":"F13"},"geometry":{"x":13523043.668799996,"y":3662126.6630999967}}]}