{"displayFieldName":"","fieldAliases":{"OBJECTID":"OBJECTID","GEO_ID":"GEO_ID","BUILDING_ID":"BUILDING_ID","FLOOR_ID":"FLOOR_ID","POI_ID":"POI_ID","NAME":"NAME","CATEGORY_ID":"CATEGORY_ID","COLOR":"COLOR","FLOOR_INDEX":"FLOOR_INDEX","FLOOR_NAME":"FLOOR_NAME"},"geometryType":"esriGeometryPoint","spatialReference":{"wkid":3395,"latestWkid":3395},"fields":[{"name":"OBJECTID","type":"esriFieldTypeOID","alias":"OBJECTID"},{"name":"GEO_ID","type":"esriFieldTypeString","alias":"GEO_ID","length":50},{"name":"BUILDING_ID","type":"esriFieldTypeString","alias":"BUILDING_ID","length":50},{"name":"FLOOR_ID","type":"esriFieldTypeString","alias":"FLOOR_ID","length":50},{"name":"POI_ID","type":"esriFieldTypeString","alias":"POI_ID","length":50},{"name":"NAME","type":"esriFieldTypeString","alias":"NAME","length":50},{"name":"CATEGORY_ID","type":"esriFieldTypeSmallInteger","alias":"CATEGORY_ID"},{"name":"COLOR","type":"esriFieldTypeSmallInteger","alias":"COLOR"},{"name":"FLOOR_INDEX","type":"esriFieldTypeSmallInteger","alias":"FLOOR_INDEX"},{"name":"FLOOR_NAME","type":"esriFieldTypeString","alias":"FLOOR_NAME","length":50}],"features":[{"attributes":{"OBJECTID":199,"GEO_ID":"002100002F1930001","BUILDING_ID":"002100002","FLOOR_ID":"002100002F19","POI_ID":"002100002F1930001","NAME":null,"CATEGORY_ID":25146,"COLOR":25146,"FLOOR_INDEX":19,"FLOOR_NAME":"F19"},"geometry":{"x":13523047.787900001,"y":3662125.9918000028}},{"attributes":{"OBJECTID":200,"GEO_ID":"002100002F1930002","BUILDING_ID":"002100002","FLOOR_ID":"002100002F19","POI_ID":"002100002F1930002","NAME":null,"CATEGORY_ID":25146,"COLOR":25146,"FLOOR_INDEX":19,"FLOOR_NAME":"F19"},"geometry":{"x":13523034.430500001,"y":3662139.1383000016}},{"attributes":{"OBJECTID":201,"GEO_ID":"002100002F1930003","BUILDING_ID":"002100002","FLOOR_ID":"002100002F19","POI_ID":"002100002F1930003","NAME":null,"CATEGORY_ID":25146,"COLOR":25146,"FLOOR_INDEX":19,"FLOOR_NAME":"F19"},"geometry":{"x":13523064.9824,"y":3662125.1379000023}},{"attributes":{"OBJECTID":202,"GEO_ID":"002100002F1930004","BUILDING_ID":"002100002","FLOOR_ID":"002100002F19","POI_ID":"002100002F1930004","NAME":null,"CATEGORY_ID":25146,"COLOR":25146,"FLOOR_INDEX":19,"FLOOR_NAME":"F19"},"geometry":{"x":13523025.532899998,"y":3662106.9231999964}},{"attributes":{"OBJECTID":203,"GEO_ID":"002100002F1930005","BUILDING_ID":"002100002","FLOOR_ID":"002100002F19","POI_ID":"002100002F1930005","NAME":null,"CATEGORY_ID":25146,"COLOR":25146,"FLOOR_INDEX":19,"FLOOR_NAME":"F19"},"geometry":{"x":13523026.429700002,"y":3662106.3408000022}},{"attributes":{"OBJECTID":204,"GEO_ID":"002100002F1930006","BUILDING_ID":"002100002","FLOOR_ID":"002100002F19","POI_ID":"002100002F1930006","NAME":null,"CATEGORY_ID":25146,"COLOR":25146,"FLOOR_INDEX":19,"FLOOR_NAME":"F19"},"geometry":{"x":13523035.3653,"y":3662106.4240000024}},{"attributes":{"OBJECTID":205,"GEO_ID":"002100002F1930007","BUILDING_ID":"002100002","FLOOR_ID":"002100002F19","POI_ID":"002100002F1930007","NAME":null,"CATEGORY_ID":25146,"COLOR":25146,"FLOOR_INDEX":19,"FLOOR_NAME":"F19"},"geometry":{"x":13523039.3715,"y":3662108.7111999989}},{"attributes":{"OBJECTID":206,"GEO_ID":"002100002F1930008","BUILDING_ID":"002100002","FLOOR_ID":"002100002F19","POI_ID":"002100002F1930008","NAME":null,"CATEGORY_ID":25146,"COLOR":25146,"FLOOR_INDEX":19,"FLOOR_NAME":"F19"},"geometry":{"x":13523039.953400001,"y":3662109.7877999991}},{"attributes":{"OBJECTID":207,"GEO_ID":"002100002F1930009","BUILDING_ID":"002100002","FLOOR_ID":"002100002F19","POI_ID":"002100002F1930009","NAME":null,"CATEGORY_ID":25146,"COLOR":25146,"FLOOR_INDEX":19,"FLOOR_NAME":"F19"},"geometry":{"x":13523023.455700003,"y":3662115.3756000027}},{"attributes":{"OBJECTID":208,"GEO_ID":"002100002F1930010","BUILDING_ID":"002100002","FLOOR_ID":"002100002F19","POI_ID":"002100002F1930010","NAME":null,"CATEGORY_ID":25146,"COLOR":25146,"FLOOR_INDEX":19,"FLOOR_NAME":"F19"},"geometry":{"x":13523028.964699998,"y":3662115.382600002}},{"attributes":{"OBJECTID":209,"GEO_ID":"002100002F1930011","BUILDING_ID":"002100002","FLOOR_ID":"002100002F19","POI_ID":"002100002F1930011","NAME":null,"CATEGORY_ID":25146,"COLOR":25146,"FLOOR_INDEX":19,"FLOOR_NAME":"F19"},"geometry":{"x":13523032.626500003,"y":3662115.4029999971}},{"attributes":{"OBJECTID":210,"GEO_ID":"002100002F1930012","BUILDING_ID":"002100002","FLOOR_ID":"002100002F19","POI_ID":"002100002F1930012","NAME":null,"CATEGORY_ID":25146,"COLOR":25146,"FLOOR_INDEX":19,"FLOOR_NAME":"F19"},"geometry":{"x":13523036.861000001,"y":3662113.820600003}},{"attributes":{"OBJECTID":211,"GEO_ID":"002100002F1930013","BUILDING_ID":"002100002","FLOOR_ID":"002100002F19","POI_ID":"002100002F1930013","NAME":null,"CATEGORY_ID":25146,"COLOR":25146,"FLOOR_INDEX":19,"FLOOR_NAME":"F19"},"geometry":{"x":13523032.626500003,"y":3662112.4900999963}},{"attributes":{"OBJECTID":212,"GEO_ID":"002100002F1930014","BUILDING_ID":"002100002","FLOOR_ID":"002100002F19","POI_ID":"002100002F1930014","NAME":null,"CATEGORY_ID":25146,"COLOR":25146,"FLOOR_INDEX":19,"FLOOR_NAME":"F19"},"geometry":{"x":13523032.626500003,"y":3662109.8730999976}},{"attributes":{"OBJECTID":213,"GEO_ID":"002100002F1930015","BUILDING_ID":"002100002","FLOOR_ID":"002100002F19","POI_ID":"002100002F1930015","NAME":null,"CATEGORY_ID":25146,"COLOR":25146,"FLOOR_INDEX":19,"FLOOR_NAME":"F19"},"geometry":{"x":13523028.964699998,"y":3662109.877700001}},{"attributes":{"OBJECTID":214,"GEO_ID":"002100002F1930016","BUILDING_ID":"002100002","FLOOR_ID":"002100002F19","POI_ID":"002100002F1930016","NAME":null,"CATEGORY_ID":25146,"COLOR":25146,"FLOOR_INDEX":19,"FLOOR_NAME":"F19"},"geometry":{"x":13523028.964699998,"y":3662112.4743999988}},{"attributes":{"OBJECTID":215,"GEO_ID":"002100002F1930017","BUILDING_ID":"002100002","FLOOR_ID":"002100002F19","POI_ID":"002100002F1930017","NAME":null,"CATEGORY_ID":25146,"COLOR":25146,"FLOOR_INDEX":19,"FLOOR_NAME":"F19"},"geometry":{"x":13523020.324500002,"y":3662114.1525999978}},{"attributes":{"OBJECTID":216,"GEO_ID":"002100002F1930018","BUILDING_ID":"002100002","FLOOR_ID":"002100002F19","POI_ID":"002100002F1930018","NAME":null,"CATEGORY_ID":25146,"COLOR":25146,"FLOOR_INDEX":19,"FLOOR_NAME":"F19"},"geometry":{"x":13523061.665700004,"y":3662126.4091000035}},{"attributes":{"OBJECTID":217,"GEO_ID":"002100002F1930019","BUILDING_ID":"002100002","FLOOR_ID":"002100002F19","POI_ID":"002100002F1930019","NAME":null,"CATEGORY_ID":25146,"COLOR":25146,"FLOOR_INDEX":19,"FLOOR_NAME":"F19"},"geometry":{"x":13523059.986199997,"y":3662138.8954999968}},{"attributes":{"OBJECTID":218,"GEO_ID":"002100002F1930020","BUILDING_ID":"002100002","FLOOR_ID":"002100002F19","POI_ID":"002100002F1930020","NAME":null,"CATEGORY_ID":25146,"COLOR":25146,"FLOOR_INDEX":19,"FLOOR_NAME":"F19"},"geometry":{"x":13523038.919100001,"y":3662119.0088}},{"attributes":{"OBJECTID":219,"GEO_ID":"002100002F1930021","BUILDING_ID":"002100002","FLOOR_ID":"002100002F19","POI_ID":"002100002F1930021","NAME":null,"CATEGORY_ID":25146,"COLOR":25146,"FLOOR_INDEX":19,"FLOOR_NAME":"F19"},"geometry":{"x":13523036.399899997,"y":3662126.5931999981}},{"attributes":{"OBJECTID":220,"GEO_ID":"002100002F1930022","BUILDING_ID":"002100002","FLOOR_ID":"002100002F19","POI_ID":"002100002F1930022","NAME":null,"CATEGORY_ID":25146,"COLOR":25146,"FLOOR_INDEX":19,"FLOOR_NAME":"F19"},"geometry":{"x":13523034.918200001,"y":3662126.5931999981}},{"attributes":{"OBJECTID":221,"GEO_ID":"002100002F1930023","BUILDING_ID":"002100002","FLOOR_ID":"002100002F19","POI_ID":"002100002F1930023","NAME":null,"CATEGORY_ID":25146,"COLOR":25146,"FLOOR_INDEX":19,"FLOOR_NAME":"F19"},"geometry":{"x":13523041.582000002,"y":3662124.5323000029}},{"attributes":{"OBJECTID":222,"GEO_ID":"002100002F1930024","BUILDING_ID":"002100002","FLOOR_ID":"002100002F19","POI_ID":"002100002F1930024","NAME":null,"CATEGORY_ID":25146,"COLOR":25146,"FLOOR_INDEX":19,"FLOOR_NAME":"F19"},"geometry":{"x":13523041.582000002,"y":3662119.8457999974}},{"attributes":{"OBJECTID":223,"GEO_ID":"002100002F1930025","BUILDING_ID":"002100002","FLOOR_ID":"002100002F19","POI_ID":"002100002F1930025","NAME":null,"CATEGORY_ID":25146,"COLOR":25146,"FLOOR_INDEX":19,"FLOOR_NAME":"F19"},"geometry":{"x":13523037.909299999,"y":3662111.992399998}},{"attributes":{"OBJECTID":224,"GEO_ID":"002100002F1930026","BUILDING_ID":"002100002","FLOOR_ID":"002100002F19","POI_ID":"002100002F1930026","NAME":null,"CATEGORY_ID":25146,"COLOR":25146,"FLOOR_INDEX":19,"FLOOR_NAME":"F19"},"geometry":{"x":13523019.923799999,"y":3662119.0088}},{"attributes":{"OBJECTID":225,"GEO_ID":"002100002F1930027","BUILDING_ID":"002100002","FLOOR_ID":"002100002F19","POI_ID":"002100002F1930027","NAME":null,"CATEGORY_ID":25146,"COLOR":25146,"FLOOR_INDEX":19,"FLOOR_NAME":"F19"},"geometry":{"x":13523032.060599998,"y":3662125.4528999999}},{"attributes":{"OBJECTID":226,"GEO_ID":"002100002F1930028","BUILDING_ID":"002100002","FLOOR_ID":"002100002F19","POI_ID":"002100002F1930028","NAME":null,"CATEGORY_ID":25146,"COLOR":25146,"FLOOR_INDEX":19,"FLOOR_NAME":"F19"},"geometry":{"x":13523019.870899998,"y":3662126.5931999981}},{"attributes":{"OBJECTID":227,"GEO_ID":"002100002F1930029","BUILDING_ID":"002100002","FLOOR_ID":"002100002F19","POI_ID":"002100002F1930029","NAME":null,"CATEGORY_ID":25146,"COLOR":25146,"FLOOR_INDEX":19,"FLOOR_NAME":"F19"},"geometry":{"x":13523015.346500002,"y":3662126.5931999981}},{"attributes":{"OBJECTID":228,"GEO_ID":"002100002F1930030","BUILDING_ID":"002100002","FLOOR_ID":"002100002F19","POI_ID":"002100002F1930030","NAME":null,"CATEGORY_ID":25146,"COLOR":25146,"FLOOR_INDEX":19,"FLOOR_NAME":"F19"},"geometry":{"x":13523016.695900001,"y":3662120.6823000014}},{"attributes":{"OBJECTID":229,"GEO_ID":"002100002F1930031","BUILDING_ID":"002100002","FLOOR_ID":"002100002F19","POI_ID":"002100002F1930031","NAME":null,"CATEGORY_ID":25146,"COLOR":25146,"FLOOR_INDEX":19,"FLOOR_NAME":"F19"},"geometry":{"x":13523011.814300001,"y":3662116.5460999981}},{"attributes":{"OBJECTID":230,"GEO_ID":"002100002F1930032","BUILDING_ID":"002100002","FLOOR_ID":"002100002F19","POI_ID":"002100002F1930032","NAME":null,"CATEGORY_ID":25146,"COLOR":25146,"FLOOR_INDEX":19,"FLOOR_NAME":"F19"},"geometry":{"x":13523009.552199997,"y":3662120.6823000014}},{"attributes":{"OBJECTID":231,"GEO_ID":"002100002F1930033","BUILDING_ID":"002100002","FLOOR_ID":"002100002F19","POI_ID":"002100002F1930033","NAME":null,"CATEGORY_ID":25146,"COLOR":25146,"FLOOR_INDEX":19,"FLOOR_NAME":"F19"},"geometry":{"x":13523008.599600002,"y":3662120.6823000014}},{"attributes":{"OBJECTID":232,"GEO_ID":"002100002F1930034","BUILDING_ID":"002100002","FLOOR_ID":"002100002F19","POI_ID":"002100002F1930034","NAME":null,"CATEGORY_ID":25146,"COLOR":25146,"FLOOR_INDEX":19,"FLOOR_NAME":"F19"},"geometry":{"x":13523001.971799999,"y":3662120.6823000014}},{"attributes":{"OBJECTID":233,"GEO_ID":"002100002F1930035","BUILDING_ID":"002100002","FLOOR_ID":"002100002F19","POI_ID":"002100002F1930035","NAME":null,"CATEGORY_ID":25146,"COLOR":25146,"FLOOR_INDEX":19,"FLOOR_NAME":"F19"},"geometry":{"x":13522997.513599999,"y":3662125.9562999979}},{"attributes":{"OBJECTID":234,"GEO_ID":"002100002F1930036","BUILDING_ID":"002100002","FLOOR_ID":"002100002F19","POI_ID":"002100002F1930036","NAME":null,"CATEGORY_ID":25146,"COLOR":25146,"FLOOR_INDEX":19,"FLOOR_NAME":"F19"},"geometry":{"x":13522982.020800002,"y":3662131.9619000033}},{"attributes":{"OBJECTID":235,"GEO_ID":"002100002F1930037","BUILDING_ID":"002100002","FLOOR_ID":"002100002F19","POI_ID":"002100002F1930037","NAME":null,"CATEGORY_ID":25146,"COLOR":25146,"FLOOR_INDEX":19,"FLOOR_NAME":"F19"},"geometry":{"x":13522981.988399997,"y":3662121.8008000031}},{"attributes":{"OBJECTID":236,"GEO_ID":"002100002F1930038","BUILDING_ID":"002100002","FLOOR_ID":"002100002F19","POI_ID":"002100002F1930038","NAME":null,"CATEGORY_ID":25146,"COLOR":25146,"FLOOR_INDEX":19,"FLOOR_NAME":"F19"},"geometry":{"x":13522988.8882,"y":3662121.1556999981}},{"attributes":{"OBJECTID":237,"GEO_ID":"002100002F1930039","BUILDING_ID":"002100002","FLOOR_ID":"002100002F19","POI_ID":"002100002F1930039","NAME":null,"CATEGORY_ID":25146,"COLOR":25146,"FLOOR_INDEX":19,"FLOOR_NAME":"F19"},"geometry":{"x":13522992.605499998,"y":3662128.5399999991}},{"attributes":{"OBJECTID":238,"GEO_ID":"002100002F1930040","BUILDING_ID":"002100002","FLOOR_ID":"002100002F19","POI_ID":"002100002F1930040","NAME":null,"CATEGORY_ID":25146,"COLOR":25146,"FLOOR_INDEX":19,"FLOOR_NAME":"F19"},"geometry":{"x":13522992.477799997,"y":3662125.3278999999}},{"attributes":{"OBJECTID":239,"GEO_ID":"002100002F1930041","BUILDING_ID":"002100002","FLOOR_ID":"002100002F19","POI_ID":"002100002F1930041","NAME":null,"CATEGORY_ID":25146,"COLOR":25146,"FLOOR_INDEX":19,"FLOOR_NAME":"F19"},"geometry":{"x":13522991.090800002,"y":3662127.9465000033}},{"attributes":{"OBJECTID":240,"GEO_ID":"002100002F1930042","BUILDING_ID":"002100002","FLOOR_ID":"002100002F19","POI_ID":"002100002F1930042","NAME":null,"CATEGORY_ID":25146,"COLOR":25146,"FLOOR_INDEX":19,"FLOOR_NAME":"F19"},"geometry":{"x":13522991.090800002,"y":3662125.9562999979}},{"attributes":{"OBJECTID":241,"GEO_ID":"002100002F1930043","BUILDING_ID":"002100002","FLOOR_ID":"002100002F19","POI_ID":"002100002F1930043","NAME":null,"CATEGORY_ID":25146,"COLOR":25146,"FLOOR_INDEX":19,"FLOOR_NAME":"F19"},"geometry":{"x":13522988.045500003,"y":3662123.8074000031}},{"attributes":{"OBJECTID":242,"GEO_ID":"002100002F1930044","BUILDING_ID":"002100002","FLOOR_ID":"002100002F19","POI_ID":"002100002F1930044","NAME":null,"CATEGORY_ID":25146,"COLOR":25146,"FLOOR_INDEX":19,"FLOOR_NAME":"F19"},"geometry":{"x":13522988.045500003,"y":3662130.1591999978}},{"attributes":{"OBJECTID":243,"GEO_ID":"002100002F1930045","BUILDING_ID":"002100002","FLOOR_ID":"002100002F19","POI_ID":"002100002F1930045","NAME":null,"CATEGORY_ID":25146,"COLOR":25146,"FLOOR_INDEX":19,"FLOOR_NAME":"F19"},"geometry":{"x":13522988.974100001,"y":3662132.7368000001}},{"attributes":{"OBJECTID":244,"GEO_ID":"002100002F1930046","BUILDING_ID":"002100002","FLOOR_ID":"002100002F19","POI_ID":"002100002F1930046","NAME":null,"CATEGORY_ID":25146,"COLOR":25146,"FLOOR_INDEX":19,"FLOOR_NAME":"F19"},"geometry":{"x":13522982.6241,"y":3662132.7368000001}},{"attributes":{"OBJECTID":245,"GEO_ID":"002100002F1930047","BUILDING_ID":"002100002","FLOOR_ID":"002100002F19","POI_ID":"002100002F1930047","NAME":null,"CATEGORY_ID":25146,"COLOR":25146,"FLOOR_INDEX":19,"FLOOR_NAME":"F19"},"geometry":{"x":13522983.880900003,"y":3662132.7368000001}},{"attributes":{"OBJECTID":246,"GEO_ID":"002100002F1930048","BUILDING_ID":"002100002","FLOOR_ID":"002100002F19","POI_ID":"002100002F1930048","NAME":null,"CATEGORY_ID":25146,"COLOR":25146,"FLOOR_INDEX":19,"FLOOR_NAME":"F19"},"geometry":{"x":13522982.635700002,"y":3662121.1556999981}},{"attributes":{"OBJECTID":247,"GEO_ID":"002100002F1930049","BUILDING_ID":"002100002","FLOOR_ID":"002100002F19","POI_ID":"002100002F1930049","NAME":null,"CATEGORY_ID":25146,"COLOR":25146,"FLOOR_INDEX":19,"FLOOR_NAME":"F19"},"geometry":{"x":13522983.905699998,"y":3662121.1556999981}},{"attributes":{"OBJECTID":248,"GEO_ID":"002100002F1930050","BUILDING_ID":"002100002","FLOOR_ID":"002100002F19","POI_ID":"002100002F1930050","NAME":null,"CATEGORY_ID":25146,"COLOR":25146,"FLOOR_INDEX":19,"FLOOR_NAME":"F19"},"geometry":{"x":13523062.640100002,"y":3662124.1185000017}},{"attributes":{"OBJECTID":249,"GEO_ID":"002100002F1930051","BUILDING_ID":"002100002","FLOOR_ID":"002100002F19","POI_ID":"002100002F1930051","NAME":null,"CATEGORY_ID":25146,"COLOR":25146,"FLOOR_INDEX":19,"FLOOR_NAME":"F19"},"geometry":{"x":13523058.230499998,"y":3662125.1379000023}},{"attributes":{"OBJECTID":250,"GEO_ID":"002100002F1930052","BUILDING_ID":"002100002","FLOOR_ID":"002100002F19","POI_ID":"002100002F1930052","NAME":null,"CATEGORY_ID":25146,"COLOR":25146,"FLOOR_INDEX":19,"FLOOR_NAME":"F19"},"geometry":{"x":13523004.299099997,"y":3662126.5931999981}},{"attributes":{"OBJECTID":251,"GEO_ID":"002100002F1930053","BUILDING_ID":"002100002","FLOOR_ID":"002100002F19","POI_ID":"002100002F1930053","NAME":null,"CATEGORY_ID":25146,"COLOR":25146,"FLOOR_INDEX":19,"FLOOR_NAME":"F19"},"geometry":{"x":13522995.127999999,"y":3662129.7862000018}},{"attributes":{"OBJECTID":252,"GEO_ID":"002100002F1930054","BUILDING_ID":"002100002","FLOOR_ID":"002100002F19","POI_ID":"002100002F1930054","NAME":null,"CATEGORY_ID":25146,"COLOR":25146,"FLOOR_INDEX":19,"FLOOR_NAME":"F19"},"geometry":{"x":13522995.127999999,"y":3662124.1154000014}},{"attributes":{"OBJECTID":253,"GEO_ID":"002100002F1930055","BUILDING_ID":"002100002","FLOOR_ID":"002100002F19","POI_ID":"002100002F1930055","NAME":null,"CATEGORY_ID":25146,"COLOR":25146,"FLOOR_INDEX":19,"FLOOR_NAME":"F19"},"geometry":{"x":13523040.716899998,"y":3662120.9746999964}},{"attributes":{"OBJECTID":254,"GEO_ID":"002100002F1930056","BUILDING_ID":"002100002","FLOOR_ID":"002100002F19","POI_ID":"002100002F1930056","NAME":null,"CATEGORY_ID":25146,"COLOR":25146,"FLOOR_INDEX":19,"FLOOR_NAME":"F19"},"geometry":{"x":13523040.690399997,"y":3662120.6454999968}},{"attributes":{"OBJECTID":255,"GEO_ID":"002100002F1930057","BUILDING_ID":"002100002","FLOOR_ID":"002100002F19","POI_ID":"002100002F1930057","NAME":null,"CATEGORY_ID":25146,"COLOR":25146,"FLOOR_INDEX":19,"FLOOR_NAME":"F19"},"geometry":{"x":13523016.7258,"y":3662124.2877999991}},{"attributes":{"OBJECTID":256,"GEO_ID":"002100002F1930058","BUILDING_ID":"002100002","FLOOR_ID":"002100002F19","POI_ID":"002100002F1930058","NAME":null,"CATEGORY_ID":25146,"COLOR":25146,"FLOOR_INDEX":19,"FLOOR_NAME":"F19"},"geometry":{"x":13523016.7258,"y":3662124.6169999987}},{"attributes":{"OBJECTID":259,"GEO_ID":"002100002F1930061","BUILDING_ID":"002100002","FLOOR_ID":"002100002F19","POI_ID":"002100002F1930061","NAME":null,"CATEGORY_ID":25146,"COLOR":25146,"FLOOR_INDEX":19,"FLOOR_NAME":"F19"},"geometry":{"x":13523022.701300003,"y":3662114.1600999981}},{"attributes":{"OBJECTID":260,"GEO_ID":"002100002F1930062","BUILDING_ID":"002100002","FLOOR_ID":"002100002F19","POI_ID":"002100002F1930062","NAME":null,"CATEGORY_ID":25146,"COLOR":25146,"FLOOR_INDEX":19,"FLOOR_NAME":"F19"},"geometry":{"x":13523022.704099998,"y":3662113.8836999983}},{"attributes":{"OBJECTID":261,"GEO_ID":"002100002F1930063","BUILDING_ID":"002100002","FLOOR_ID":"002100002F19","POI_ID":"002100002F1930063","NAME":null,"CATEGORY_ID":25146,"COLOR":25146,"FLOOR_INDEX":19,"FLOOR_NAME":"F19"},"geometry":{"x":13523036.415700004,"y":3662108.1218999997}},{"attributes":{"OBJECTID":262,"GEO_ID":"002100002F1930064","BUILDING_ID":"002100002","FLOOR_ID":"002100002F19","POI_ID":"002100002F1930064","NAME":null,"CATEGORY_ID":25146,"COLOR":25146,"FLOOR_INDEX":19,"FLOOR_NAME":"F19"},"geometry":{"x":13523036.269199997,"y":3662107.9381999969}},{"attributes":{"OBJECTID":263,"GEO_ID":"002100002F1930065","BUILDING_ID":"002100002","FLOOR_ID":"002100002F19","POI_ID":"002100002F1930065","NAME":null,"CATEGORY_ID":25146,"COLOR":25146,"FLOOR_INDEX":19,"FLOOR_NAME":"F19"},"geometry":{"x":13522999.612599999,"y":3662129.7862000018}},{"attributes":{"OBJECTID":264,"GEO_ID":"002100002F1930066","BUILDING_ID":"002100002","FLOOR_ID":"002100002F19","POI_ID":"002100002F1930066","NAME":null,"CATEGORY_ID":25146,"COLOR":25146,"FLOOR_INDEX":19,"FLOOR_NAME":"F19"},"geometry":{"x":13522999.612599999,"y":3662124.1154000014}},{"attributes":{"OBJECTID":268,"GEO_ID":"002100002F1930070","BUILDING_ID":"002100002","FLOOR_ID":"002100002F19","POI_ID":"002100002F1930070","NAME":null,"CATEGORY_ID":25146,"COLOR":25146,"FLOOR_INDEX":19,"FLOOR_NAME":"F19"},"geometry":{"x":13523032.632600002,"y":3662128.5605999976}},{"attributes":{"OBJECTID":269,"GEO_ID":"002100002F1930071","BUILDING_ID":"002100002","FLOOR_ID":"002100002F19","POI_ID":"002100002F1930071","NAME":null,"CATEGORY_ID":25146,"COLOR":25146,"FLOOR_INDEX":19,"FLOOR_NAME":"F19"},"geometry":{"x":13523029.2042,"y":3662128.5605999976}},{"attributes":{"OBJECTID":270,"GEO_ID":"002100002F1930072","BUILDING_ID":"002100002","FLOOR_ID":"002100002F19","POI_ID":"002100002F1930072","NAME":null,"CATEGORY_ID":25146,"COLOR":25146,"FLOOR_INDEX":19,"FLOOR_NAME":"F19"},"geometry":{"x":13523050.556500003,"y":3662123.1957999989}},{"attributes":{"OBJECTID":271,"GEO_ID":"002100002F1930073","BUILDING_ID":"002100002","FLOOR_ID":"002100002F19","POI_ID":"002100002F1930073","NAME":null,"CATEGORY_ID":25146,"COLOR":25146,"FLOOR_INDEX":19,"FLOOR_NAME":"F19"},"geometry":{"x":13522989.795500003,"y":3662121.6515000015}},{"attributes":{"OBJECTID":272,"GEO_ID":"002100002F1930074","BUILDING_ID":"002100002","FLOOR_ID":"002100002F19","POI_ID":"002100002F1930074","NAME":null,"CATEGORY_ID":25146,"COLOR":25146,"FLOOR_INDEX":19,"FLOOR_NAME":"F19"},"geometry":{"x":13522989.795500003,"y":3662132.1172000021}},{"attributes":{"OBJECTID":273,"GEO_ID":"002100002F1930075","BUILDING_ID":"002100002","FLOOR_ID":"002100002F19","POI_ID":"002100002F1930075","NAME":null,"CATEGORY_ID":25146,"COLOR":25146,"FLOOR_INDEX":19,"FLOOR_NAME":"F19"},"geometry":{"x":13522997.489,"y":3662127.9465000033}},{"attributes":{"OBJECTID":274,"GEO_ID":"002100002F1930076","BUILDING_ID":"002100002","FLOOR_ID":"002100002F19","POI_ID":"002100002F1930076","NAME":null,"CATEGORY_ID":25146,"COLOR":25146,"FLOOR_INDEX":19,"FLOOR_NAME":"F19"},"geometry":{"x":13523048.719700001,"y":3662119.068599999}},{"attributes":{"OBJECTID":275,"GEO_ID":"002100002F1930077","BUILDING_ID":"002100002","FLOOR_ID":"002100002F19","POI_ID":"002100002F1930077","NAME":null,"CATEGORY_ID":25146,"COLOR":25146,"FLOOR_INDEX":19,"FLOOR_NAME":"F19"},"geometry":{"x":13523057.338600002,"y":3662119.5128000006}},{"attributes":{"OBJECTID":276,"GEO_ID":"002100002F1930078","BUILDING_ID":"002100002","FLOOR_ID":"002100002F19","POI_ID":"002100002F1930078","NAME":null,"CATEGORY_ID":25146,"COLOR":25146,"FLOOR_INDEX":19,"FLOOR_NAME":"F19"},"geometry":{"x":13523056.731299996,"y":3662119.068599999}},{"attributes":{"OBJECTID":277,"GEO_ID":"002100002F1930079","BUILDING_ID":"002100002","FLOOR_ID":"002100002F19","POI_ID":"002100002F1930079","NAME":null,"CATEGORY_ID":25146,"COLOR":25146,"FLOOR_INDEX":19,"FLOOR_NAME":"F19"},"geometry":{"x":13523055.186399996,"y":3662119.068599999}},{"attributes":{"OBJECTID":278,"GEO_ID":"002100002F1930080","BUILDING_ID":"002100002","FLOOR_ID":"002100002F19","POI_ID":"002100002F1930080","NAME":null,"CATEGORY_ID":25146,"COLOR":25146,"FLOOR_INDEX":19,"FLOOR_NAME":"F19"},"geometry":{"x":13523023.621200003,"y":3662112.5169999972}},{"attributes":{"OBJECTID":279,"GEO_ID":"002100002F1930081","BUILDING_ID":"002100002","FLOOR_ID":"002100002F19","POI_ID":"002100002F1930081","NAME":"4号客梯","CATEGORY_ID":25136,"COLOR":25136,"FLOOR_INDEX":19,"FLOOR_NAME":"F19"},"geometry":{"x":13523027.5995,"y":3662115.375}},{"attributes":{"OBJECTID":280,"GEO_ID":"002100002F1930082","BUILDING_ID":"002100002","FLOOR_ID":"002100002F19","POI_ID":"002100002F1930082","NAME":"5号客梯","CATEGORY_ID":25136,"COLOR":25136,"FLOOR_INDEX":19,"FLOOR_NAME":"F19"},"geometry":{"x":13523027.5995,"y":3662112.4685999975}},{"attributes":{"OBJECTID":281,"GEO_ID":"002100002F1930083","BUILDING_ID":"002100002","FLOOR_ID":"002100002F19","POI_ID":"002100002F1930083","NAME":"6号客梯","CATEGORY_ID":25136,"COLOR":25136,"FLOOR_INDEX":19,"FLOOR_NAME":"F19"},"geometry":{"x":13523027.5995,"y":3662109.8795000017}},{"attributes":{"OBJECTID":282,"GEO_ID":"002100002F1930084","BUILDING_ID":"002100002","FLOOR_ID":"002100002F19","POI_ID":"002100002F1930084","NAME":"1号客梯","CATEGORY_ID":25136,"COLOR":25136,"FLOOR_INDEX":19,"FLOOR_NAME":"F19"},"geometry":{"x":13523033.991800003,"y":3662115.4105999991}},{"attributes":{"OBJECTID":283,"GEO_ID":"002100002F1930085","BUILDING_ID":"002100002","FLOOR_ID":"002100002F19","POI_ID":"002100002F1930085","NAME":"2号客梯","CATEGORY_ID":25136,"COLOR":25136,"FLOOR_INDEX":19,"FLOOR_NAME":"F19"},"geometry":{"x":13523033.991800003,"y":3662112.4959999993}},{"attributes":{"OBJECTID":284,"GEO_ID":"002100002F1930086","BUILDING_ID":"002100002","FLOOR_ID":"002100002F19","POI_ID":"002100002F1930086","NAME":"3号客梯","CATEGORY_ID":25136,"COLOR":25136,"FLOOR_INDEX":19,"FLOOR_NAME":"F19"},"geometry":{"x":13523033.991800003,"y":3662109.871299997}},{"attributes":{"OBJECTID":285,"GEO_ID":"002100002F1930087","BUILDING_ID":"002100002","FLOOR_ID":"002100002F19","POI_ID":"002100002F1930087","NAME":"货梯","CATEGORY_ID":25136,"COLOR":25136,"FLOOR_INDEX":19,"FLOOR_NAME":"F19"},"geometry":{"x":13523024.846500002,"y":3662115.3756000027}},{"attributes":{"OBJECTID":287,"GEO_ID":"002100002F1930089","BUILDING_ID":"002100002","FLOOR_ID":"002100002F19","POI_ID":"002100002F1930089","NAME":"楼梯","CATEGORY_ID":25134,"COLOR":25134,"FLOOR_INDEX":19,"FLOOR_NAME":"F19"},"geometry":{"x":13523032.632600002,"y":3662131.2106999978}},{"attributes":{"OBJECTID":288,"GEO_ID":"002100002F1930090","BUILDING_ID":"002100002","FLOOR_ID":"002100002F19","POI_ID":"002100002F1930090","NAME":"楼梯","CATEGORY_ID":25134,"COLOR":25134,"FLOOR_INDEX":19,"FLOOR_NAME":"F19"},"geometry":{"x":13523020.0722,"y":3662110.8382999972}},{"attributes":{"OBJECTID":291,"GEO_ID":"002100002F1930093","BUILDING_ID":"002100002","FLOOR_ID":"002100002F19","POI_ID":"002100002F1930093","NAME":"楼梯","CATEGORY_ID":25134,"COLOR":25134,"FLOOR_INDEX":19,"FLOOR_NAME":"F19"},"geometry":{"x":13523062.667999998,"y":3662119.1264000013}},{"attributes":{"OBJECTID":292,"GEO_ID":"002100002F1930094","BUILDING_ID":"002100002","FLOOR_ID":"002100002F19","POI_ID":"002100002F1930094","NAME":"女卫生间","CATEGORY_ID":25133,"COLOR":25133,"FLOOR_INDEX":19,"FLOOR_NAME":"F19"},"geometry":{"x":13523038.795100003,"y":3662106.1952000037}},{"attributes":{"OBJECTID":293,"GEO_ID":"002100002F1930095","BUILDING_ID":"002100002","FLOOR_ID":"002100002F19","POI_ID":"002100002F1930095","NAME":"男卫生间","CATEGORY_ID":25075,"COLOR":25075,"FLOOR_INDEX":19,"FLOOR_NAME":"F19"},"geometry":{"x":13523041.831200004,"y":3662113.0819000006}}]}