{"displayFieldName":"","fieldAliases":{"OBJECTID":"OBJECTID","GEO_ID":"GEO_ID","BUILDING_ID":"BUILDING_ID","FLOOR_ID":"FLOOR_ID","POI_ID":"POI_ID","NAME":"NAME","CATEGORY_ID":"CATEGORY_ID","FLOOR":"FLOOR","COLOR":"COLOR","ROOMNUM":"ROOMNUM","FLOOR_INDEX":"FLOOR_INDEX","FLOOR_NAME":"FLOOR_NAME","ORIG_FID":"ORIG_FID"},"geometryType":"esriGeometryPoint","spatialReference":{"wkid":3395,"latestWkid":3395},"fields":[{"name":"OBJECTID","type":"esriFieldTypeOID","alias":"OBJECTID"},{"name":"GEO_ID","type":"esriFieldTypeString","alias":"GEO_ID","length":50},{"name":"BUILDING_ID","type":"esriFieldTypeString","alias":"BUILDING_ID","length":50},{"name":"FLOOR_ID","type":"esriFieldTypeString","alias":"FLOOR_ID","length":50},{"name":"POI_ID","type":"esriFieldTypeString","alias":"POI_ID","length":50},{"name":"NAME","type":"esriFieldTypeString","alias":"NAME","length":50},{"name":"CATEGORY_ID","type":"esriFieldTypeSmallInteger","alias":"CATEGORY_ID"},{"name":"FLOOR","type":"esriFieldTypeSmallInteger","alias":"FLOOR"},{"name":"COLOR","type":"esriFieldTypeSmallInteger","alias":"COLOR"},{"name":"ROOMNUM","type":"esriFieldTypeString","alias":"ROOMNUM","length":50},{"name":"FLOOR_INDEX","type":"esriFieldTypeSmallInteger","alias":"FLOOR_INDEX"},{"name":"FLOOR_NAME","type":"esriFieldTypeString","alias":"FLOOR_NAME","length":50},{"name":"ORIG_FID","type":"esriFieldTypeInteger","alias":"ORIG_FID"}],"features":[{"attributes":{"OBJECTID":3,"GEO_ID":"002100002F2010082","BUILDING_ID":"002100002","FLOOR_ID":"002100002F20","POI_ID":"002100002F2010082","NAME":"女更衣室","CATEGORY_ID":25047,"FLOOR":20,"COLOR":null,"ROOMNUM":null,"FLOOR_INDEX":20,"FLOOR_NAME":"F20","ORIG_FID":309},"geometry":{"x":13523058.114600003,"y":3662122.5403999984}},{"attributes":{"OBJECTID":12,"GEO_ID":"002100002F2010057","BUILDING_ID":"002100002","FLOOR_ID":"002100002F20","POI_ID":"002100002F2010057","NAME":"贵宾厅","CATEGORY_ID":25127,"FLOOR":20,"COLOR":null,"ROOMNUM":null,"FLOOR_INDEX":20,"FLOOR_NAME":"F20","ORIG_FID":318},"geometry":{"x":13522983.342399999,"y":3662126.9732000008}},{"attributes":{"OBJECTID":13,"GEO_ID":"002100002F2010053","BUILDING_ID":"002100002","FLOOR_ID":"002100002F20","POI_ID":"002100002F2010053","NAME":"董事长室","CATEGORY_ID":27001,"FLOOR":20,"COLOR":null,"ROOMNUM":null,"FLOOR_INDEX":20,"FLOOR_NAME":"F20","ORIG_FID":319},"geometry":{"x":13522981.734700002,"y":3662134.1952999979}},{"attributes":{"OBJECTID":14,"GEO_ID":"002100002F2010096","BUILDING_ID":"002100002","FLOOR_ID":"002100002F20","POI_ID":"002100002F2010096","NAME":"总裁室","CATEGORY_ID":27001,"FLOOR":20,"COLOR":null,"ROOMNUM":null,"FLOOR_INDEX":20,"FLOOR_NAME":"F20","ORIG_FID":320},"geometry":{"x":13522980.478299998,"y":3662119.8531000018}},{"attributes":{"OBJECTID":15,"GEO_ID":"002100002F2010048","BUILDING_ID":"002100002","FLOOR_ID":"002100002F20","POI_ID":"002100002F2010048","NAME":"茶水间","CATEGORY_ID":25129,"FLOOR":20,"COLOR":null,"ROOMNUM":null,"FLOOR_INDEX":20,"FLOOR_NAME":"F20","ORIG_FID":321},"geometry":{"x":13522992.316299997,"y":3662124.7273000032}},{"attributes":{"OBJECTID":18,"GEO_ID":"002100002F2010087","BUILDING_ID":"002100002","FLOOR_ID":"002100002F20","POI_ID":"002100002F2010087","NAME":"弱电室","CATEGORY_ID":25056,"FLOOR":20,"COLOR":null,"ROOMNUM":null,"FLOOR_INDEX":20,"FLOOR_NAME":"F20","ORIG_FID":324},"geometry":{"x":13522995.571800001,"y":3662122.2748999968}},{"attributes":{"OBJECTID":19,"GEO_ID":"002100002F2010054","BUILDING_ID":"002100002","FLOOR_ID":"002100002F20","POI_ID":"002100002F2010054","NAME":"多功能厅","CATEGORY_ID":15035,"FLOOR":20,"COLOR":null,"ROOMNUM":null,"FLOOR_INDEX":20,"FLOOR_NAME":"F20","ORIG_FID":325},"geometry":{"x":13523005.557700001,"y":3662120.3724000007}},{"attributes":{"OBJECTID":20,"GEO_ID":"002100002F2010051","BUILDING_ID":"002100002","FLOOR_ID":"002100002F20","POI_ID":"002100002F2010051","NAME":"档案室","CATEGORY_ID":25045,"FLOOR":20,"COLOR":null,"ROOMNUM":null,"FLOOR_INDEX":20,"FLOOR_NAME":"F20","ORIG_FID":326},"geometry":{"x":13523013.651900001,"y":3662117.178199999}},{"attributes":{"OBJECTID":22,"GEO_ID":"002100002F2010073","BUILDING_ID":"002100002","FLOOR_ID":"002100002F20","POI_ID":"002100002F2010073","NAME":"控制室","CATEGORY_ID":25103,"FLOOR":20,"COLOR":null,"ROOMNUM":null,"FLOOR_INDEX":20,"FLOOR_NAME":"F20","ORIG_FID":328},"geometry":{"x":13523012.628899999,"y":3662122.1203999966}},{"attributes":{"OBJECTID":23,"GEO_ID":"002100002F2010074","BUILDING_ID":"002100002","FLOOR_ID":"002100002F20","POI_ID":"002100002F2010074","NAME":"控制室","CATEGORY_ID":25103,"FLOOR":20,"COLOR":null,"ROOMNUM":null,"FLOOR_INDEX":20,"FLOOR_NAME":"F20","ORIG_FID":329},"geometry":{"x":13523019.6281,"y":3662118.1675999984}},{"attributes":{"OBJECTID":25,"GEO_ID":"002100002F2010060","BUILDING_ID":"002100002","FLOOR_ID":"002100002F20","POI_ID":"002100002F2010060","NAME":"会议室2","CATEGORY_ID":15035,"FLOOR":20,"COLOR":null,"ROOMNUM":null,"FLOOR_INDEX":20,"FLOOR_NAME":"F20","ORIG_FID":331},"geometry":{"x":13523022.956500001,"y":3662105.6708000004}},{"attributes":{"OBJECTID":26,"GEO_ID":"002100002F2010061","BUILDING_ID":"002100002","FLOOR_ID":"002100002F20","POI_ID":"002100002F2010061","NAME":"会议室4","CATEGORY_ID":15035,"FLOOR":20,"COLOR":null,"ROOMNUM":null,"FLOOR_INDEX":20,"FLOOR_NAME":"F20","ORIG_FID":332},"geometry":{"x":13523027.558899999,"y":3662103.3511999995}},{"attributes":{"OBJECTID":27,"GEO_ID":"002100002F2010062","BUILDING_ID":"002100002","FLOOR_ID":"002100002F20","POI_ID":"002100002F2010062","NAME":"会议室6","CATEGORY_ID":15035,"FLOOR":20,"COLOR":null,"ROOMNUM":null,"FLOOR_INDEX":20,"FLOOR_NAME":"F20","ORIG_FID":333},"geometry":{"x":13523033.998300001,"y":3662103.3592000008}},{"attributes":{"OBJECTID":31,"GEO_ID":"002100002F2010085","BUILDING_ID":"002100002","FLOOR_ID":"002100002F20","POI_ID":"002100002F2010085","NAME":"强电间","CATEGORY_ID":25056,"FLOOR":20,"COLOR":null,"ROOMNUM":null,"FLOOR_INDEX":20,"FLOOR_NAME":"F20","ORIG_FID":337},"geometry":{"x":13523025.052299999,"y":3662111.7660999969}},{"attributes":{"OBJECTID":38,"GEO_ID":"002100002F2010058","BUILDING_ID":"002100002","FLOOR_ID":"002100002F20","POI_ID":"002100002F2010058","NAME":"会议室10","CATEGORY_ID":15035,"FLOOR":20,"COLOR":null,"ROOMNUM":null,"FLOOR_INDEX":20,"FLOOR_NAME":"F20","ORIG_FID":344},"geometry":{"x":13523030.788400002,"y":3662125.1177999973}},{"attributes":{"OBJECTID":39,"GEO_ID":"002100002F2010049","BUILDING_ID":"002100002","FLOOR_ID":"002100002F20","POI_ID":"002100002F2010049","NAME":"茶水间","CATEGORY_ID":25129,"FLOOR":20,"COLOR":null,"ROOMNUM":null,"FLOOR_INDEX":20,"FLOOR_NAME":"F20","ORIG_FID":345},"geometry":{"x":13523042.552299999,"y":3662118.2837999985}},{"attributes":{"OBJECTID":40,"GEO_ID":"002100002F2010095","BUILDING_ID":"002100002","FLOOR_ID":"002100002F20","POI_ID":"002100002F2010095","NAME":"资料室","CATEGORY_ID":25045,"FLOOR":20,"COLOR":null,"ROOMNUM":null,"FLOOR_INDEX":20,"FLOOR_NAME":"F20","ORIG_FID":347},"geometry":{"x":13523043.579800002,"y":3662121.7177999988}},{"attributes":{"OBJECTID":41,"GEO_ID":"002100002F2010088","BUILDING_ID":"002100002","FLOOR_ID":"002100002F20","POI_ID":"002100002F2010088","NAME":"文印室","CATEGORY_ID":15026,"FLOOR":20,"COLOR":null,"ROOMNUM":null,"FLOOR_INDEX":20,"FLOOR_NAME":"F20","ORIG_FID":348},"geometry":{"x":13523017.608599998,"y":3662125.5059999973}},{"attributes":{"OBJECTID":42,"GEO_ID":"002100002F2010066","BUILDING_ID":"002100002","FLOOR_ID":"002100002F20","POI_ID":"002100002F2010066","NAME":"接待室","CATEGORY_ID":15036,"FLOOR":20,"COLOR":null,"ROOMNUM":null,"FLOOR_INDEX":20,"FLOOR_NAME":"F20","ORIG_FID":349},"geometry":{"x":13523023.942299999,"y":3662122.8806999996}},{"attributes":{"OBJECTID":43,"GEO_ID":"002100002F2010063","BUILDING_ID":"002100002","FLOOR_ID":"002100002F20","POI_ID":"002100002F2010063","NAME":"会议室8","CATEGORY_ID":15035,"FLOOR":20,"COLOR":null,"ROOMNUM":null,"FLOOR_INDEX":20,"FLOOR_NAME":"F20","ORIG_FID":350},"geometry":{"x":13523037.995899998,"y":3662122.8866000026}},{"attributes":{"OBJECTID":44,"GEO_ID":"002100002F2010052","BUILDING_ID":"002100002","FLOOR_ID":"002100002F20","POI_ID":"002100002F2010052","NAME":"党委副书记室","CATEGORY_ID":27001,"FLOOR":20,"COLOR":null,"ROOMNUM":null,"FLOOR_INDEX":20,"FLOOR_NAME":"F20","ORIG_FID":351},"geometry":{"x":13523003.206699997,"y":3662136.1332999989}},{"attributes":{"OBJECTID":45,"GEO_ID":"002100002F2010094","BUILDING_ID":"002100002","FLOOR_ID":"002100002F20","POI_ID":"002100002F2010094","NAME":"助理总裁室","CATEGORY_ID":27001,"FLOOR":20,"COLOR":null,"ROOMNUM":null,"FLOOR_INDEX":20,"FLOOR_NAME":"F20","ORIG_FID":352},"geometry":{"x":13523007.210000001,"y":3662136.0982000008}},{"attributes":{"OBJECTID":46,"GEO_ID":"002100002F2010055","BUILDING_ID":"002100002","FLOOR_ID":"002100002F20","POI_ID":"002100002F2010055","NAME":"副总裁室","CATEGORY_ID":27001,"FLOOR":20,"COLOR":null,"ROOMNUM":null,"FLOOR_INDEX":20,"FLOOR_NAME":"F20","ORIG_FID":353},"geometry":{"x":13523011.550899997,"y":3662136.0500999987}},{"attributes":{"OBJECTID":47,"GEO_ID":"002100002F2010059","BUILDING_ID":"002100002","FLOOR_ID":"002100002F20","POI_ID":"002100002F2010059","NAME":"会议室12","CATEGORY_ID":15035,"FLOOR":20,"COLOR":null,"ROOMNUM":null,"FLOOR_INDEX":20,"FLOOR_NAME":"F20","ORIG_FID":354},"geometry":{"x":13522986.281800002,"y":3662120.0020999983}},{"attributes":{"OBJECTID":48,"GEO_ID":"002100002F2010090","BUILDING_ID":"002100002","FLOOR_ID":"002100002F20","POI_ID":"002100002F2010090","NAME":"吸烟处","CATEGORY_ID":25110,"FLOOR":20,"COLOR":null,"ROOMNUM":null,"FLOOR_INDEX":20,"FLOOR_NAME":"F20","ORIG_FID":355},"geometry":{"x":13523065.623899996,"y":3662131.3708999977}},{"attributes":{"OBJECTID":49,"GEO_ID":"002100002F2010089","BUILDING_ID":"002100002","FLOOR_ID":"002100002F20","POI_ID":"002100002F2010089","NAME":"文印室","CATEGORY_ID":15026,"FLOOR":20,"COLOR":null,"ROOMNUM":null,"FLOOR_INDEX":20,"FLOOR_NAME":"F20","ORIG_FID":356},"geometry":{"x":13522992.383000001,"y":3662128.8743999973}},{"attributes":{"OBJECTID":50,"GEO_ID":"002100002F2010086","BUILDING_ID":"002100002","FLOOR_ID":"002100002F20","POI_ID":"002100002F2010086","NAME":"强电室","CATEGORY_ID":25056,"FLOOR":20,"COLOR":null,"ROOMNUM":null,"FLOOR_INDEX":20,"FLOOR_NAME":"F20","ORIG_FID":357},"geometry":{"x":13522995.582900003,"y":3662131.7668000013}},{"attributes":{"OBJECTID":51,"GEO_ID":"002100002F2010056","BUILDING_ID":"002100002","FLOOR_ID":"002100002F20","POI_ID":"002100002F2010056","NAME":"副总裁室","CATEGORY_ID":27001,"FLOOR":20,"COLOR":null,"ROOMNUM":null,"FLOOR_INDEX":20,"FLOOR_NAME":"F20","ORIG_FID":358},"geometry":{"x":13522991.214599997,"y":3662120.3554999977}},{"attributes":{"OBJECTID":52,"GEO_ID":"002100002F2010050","BUILDING_ID":"002100002","FLOOR_ID":"002100002F20","POI_ID":"002100002F2010050","NAME":"储藏室","CATEGORY_ID":25066,"FLOOR":20,"COLOR":null,"ROOMNUM":null,"FLOOR_INDEX":20,"FLOOR_NAME":"F20","ORIG_FID":359},"geometry":{"x":13523012.855599999,"y":3662126.7452000007}},{"attributes":{"OBJECTID":54,"GEO_ID":"002100002F2010091","BUILDING_ID":"002100002","FLOOR_ID":"002100002F20","POI_ID":"002100002F2010091","NAME":"休息区","CATEGORY_ID":25098,"FLOOR":20,"COLOR":null,"ROOMNUM":null,"FLOOR_INDEX":20,"FLOOR_NAME":"F20","ORIG_FID":361},"geometry":{"x":13523025.208899997,"y":3662133.6062999964}},{"attributes":{"OBJECTID":55,"GEO_ID":"002100002F2010092","BUILDING_ID":"002100002","FLOOR_ID":"002100002F20","POI_ID":"002100002F2010092","NAME":"休息区","CATEGORY_ID":25098,"FLOOR":20,"COLOR":null,"ROOMNUM":null,"FLOOR_INDEX":20,"FLOOR_NAME":"F20","ORIG_FID":362},"geometry":{"x":13523037.022399999,"y":3662133.3674999997}},{"attributes":{"OBJECTID":97,"GEO_ID":"002100002F2020237","BUILDING_ID":"002100002","FLOOR_ID":"002100002F20","POI_ID":"002100002F2020237","NAME":"前台","CATEGORY_ID":25142,"FLOOR":20,"COLOR":null,"ROOMNUM":null,"FLOOR_INDEX":20,"FLOOR_NAME":"F20","ORIG_FID":1834},"geometry":{"x":13523030.781300001,"y":3662120.5107000023}}]}