{"displayFieldName":"","fieldAliases":{"OBJECTID":"OBJECTID","GEO_ID":"GEO_ID","BUILDING_ID":"BUILDING_ID","FLOOR_ID":"FLOOR_ID","POI_ID":"POI_ID","NAME":"NAME","CATEGORY_ID":"CATEGORY_ID","COLOR":"COLOR","ROOMNUM":"ROOMNUM","ORIG_FID":"ORIG_FID","FLOOR_INDEX":"FLOOR_INDEX","FLOOR_NAME":"FLOOR_NAME"},"geometryType":"esriGeometryPoint","spatialReference":{"wkid":3395,"latestWkid":3395},"fields":[{"name":"OBJECTID","type":"esriFieldTypeOID","alias":"OBJECTID"},{"name":"GEO_ID","type":"esriFieldTypeString","alias":"GEO_ID","length":50},{"name":"BUILDING_ID","type":"esriFieldTypeString","alias":"BUILDING_ID","length":50},{"name":"FLOOR_ID","type":"esriFieldTypeString","alias":"FLOOR_ID","length":50},{"name":"POI_ID","type":"esriFieldTypeString","alias":"POI_ID","length":50},{"name":"NAME","type":"esriFieldTypeString","alias":"NAME","length":50},{"name":"CATEGORY_ID","type":"esriFieldTypeSmallInteger","alias":"CATEGORY_ID"},{"name":"COLOR","type":"esriFieldTypeSmallInteger","alias":"COLOR"},{"name":"ROOMNUM","type":"esriFieldTypeString","alias":"ROOMNUM","length":50},{"name":"ORIG_FID","type":"esriFieldTypeInteger","alias":"ORIG_FID"},{"name":"FLOOR_INDEX","type":"esriFieldTypeSmallInteger","alias":"FLOOR_INDEX"},{"name":"FLOOR_NAME","type":"esriFieldTypeString","alias":"FLOOR_NAME","length":50}],"features":[{"attributes":{"OBJECTID":4,"GEO_ID":"002100002B0110004","BUILDING_ID":"002100002","FLOOR_ID":"002100002B01","POI_ID":"002100002B0110004","NAME":"维修间","CATEGORY_ID":25056,"COLOR":null,"ROOMNUM":null,"ORIG_FID":172,"FLOOR_INDEX":-1,"FLOOR_NAME":"B1"},"geometry":{"x":13522993.371200003,"y":3662114.3636000007}},{"attributes":{"OBJECTID":6,"GEO_ID":"002100002B0110006","BUILDING_ID":"002100002","FLOOR_ID":"002100002B01","POI_ID":"002100002B0110006","NAME":"隔油池","CATEGORY_ID":25056,"COLOR":null,"ROOMNUM":null,"ORIG_FID":174,"FLOOR_INDEX":-1,"FLOOR_NAME":"B1"},"geometry":{"x":13523067.717299998,"y":3662137.1441000029}},{"attributes":{"OBJECTID":8,"GEO_ID":"002100002B0110008","BUILDING_ID":"002100002","FLOOR_ID":"002100002B01","POI_ID":"002100002B0110008","NAME":"弱电房","CATEGORY_ID":25056,"COLOR":null,"ROOMNUM":null,"ORIG_FID":176,"FLOOR_INDEX":-1,"FLOOR_NAME":"B1"},"geometry":{"x":13523062.447499998,"y":3662131.181400001}},{"attributes":{"OBJECTID":13,"GEO_ID":"002100002B0110013","BUILDING_ID":"002100002","FLOOR_ID":"002100002B01","POI_ID":"002100002B0110013","NAME":"停车场出口","CATEGORY_ID":25141,"COLOR":null,"ROOMNUM":null,"ORIG_FID":193,"FLOOR_INDEX":-1,"FLOOR_NAME":"B1"},"geometry":{"x":13523049.420400001,"y":3662124.0433000028}},{"attributes":{"OBJECTID":14,"GEO_ID":"002100002B0110014","BUILDING_ID":"002100002","FLOOR_ID":"002100002B01","POI_ID":"002100002B0110014","NAME":"秩序维护部","CATEGORY_ID":25056,"COLOR":null,"ROOMNUM":null,"ORIG_FID":194,"FLOOR_INDEX":-1,"FLOOR_NAME":"B1"},"geometry":{"x":13523044.459299996,"y":3662126.0508999974}},{"attributes":{"OBJECTID":16,"GEO_ID":"002100002B0110016","BUILDING_ID":"002100002","FLOOR_ID":"002100002B01","POI_ID":"002100002B0110016","NAME":"停车场收费处","CATEGORY_ID":25139,"COLOR":null,"ROOMNUM":null,"ORIG_FID":196,"FLOOR_INDEX":-1,"FLOOR_NAME":"B1"},"geometry":{"x":13523052.149999999,"y":3662125.7872999981}},{"attributes":{"OBJECTID":18,"GEO_ID":"002100002B0110018","BUILDING_ID":"002100002","FLOOR_ID":"002100002B01","POI_ID":"002100002B0110018","NAME":"B2层出口","CATEGORY_ID":25141,"COLOR":null,"ROOMNUM":null,"ORIG_FID":198,"FLOOR_INDEX":-1,"FLOOR_NAME":"B1"},"geometry":{"x":13523034.668300003,"y":3662132.1762999967}},{"attributes":{"OBJECTID":19,"GEO_ID":"002100002B0110019","BUILDING_ID":"002100002","FLOOR_ID":"002100002B01","POI_ID":"002100002B0110019","NAME":"B2层入口","CATEGORY_ID":25141,"COLOR":null,"ROOMNUM":null,"ORIG_FID":199,"FLOOR_INDEX":-1,"FLOOR_NAME":"B1"},"geometry":{"x":13523027.117799997,"y":3662127.6331999972}},{"attributes":{"OBJECTID":22,"GEO_ID":"002100002B0110022","BUILDING_ID":"002100002","FLOOR_ID":"002100002B01","POI_ID":"002100002B0110022","NAME":"垃圾房","CATEGORY_ID":25056,"COLOR":null,"ROOMNUM":null,"ORIG_FID":202,"FLOOR_INDEX":-1,"FLOOR_NAME":"B1"},"geometry":{"x":13523041.494599998,"y":3662107.3847000003}},{"attributes":{"OBJECTID":23,"GEO_ID":"002100002B0110023","BUILDING_ID":"002100002","FLOOR_ID":"002100002B01","POI_ID":"002100002B0110023","NAME":"监控室","CATEGORY_ID":25056,"COLOR":null,"ROOMNUM":null,"ORIG_FID":203,"FLOOR_INDEX":-1,"FLOOR_NAME":"B1"},"geometry":{"x":13523040.423699997,"y":3662113.5355999991}},{"attributes":{"OBJECTID":25,"GEO_ID":"002100002B0110025","BUILDING_ID":"002100002","FLOOR_ID":"002100002B01","POI_ID":"002100002B0110025","NAME":"停车场入口","CATEGORY_ID":25141,"COLOR":null,"ROOMNUM":null,"ORIG_FID":205,"FLOOR_INDEX":-1,"FLOOR_NAME":"B1"},"geometry":{"x":13523015.237999998,"y":3662110.7084999979}},{"attributes":{"OBJECTID":29,"GEO_ID":"002100002B0110029","BUILDING_ID":"002100002","FLOOR_ID":"002100002B01","POI_ID":"002100002B0110029","NAME":"非机动车出入口","CATEGORY_ID":25141,"COLOR":null,"ROOMNUM":null,"ORIG_FID":209,"FLOOR_INDEX":-1,"FLOOR_NAME":"B1"},"geometry":{"x":13523011.3649,"y":3662109.8171000034}},{"attributes":{"OBJECTID":30,"GEO_ID":"002100002B0110030","BUILDING_ID":"002100002","FLOOR_ID":"002100002B01","POI_ID":"002100002B0110030","NAME":"强电房","CATEGORY_ID":25056,"COLOR":null,"ROOMNUM":null,"ORIG_FID":210,"FLOOR_INDEX":-1,"FLOOR_NAME":"B1"},"geometry":{"x":13523025.082599998,"y":3662111.992399998}},{"attributes":{"OBJECTID":33,"GEO_ID":"002100002B0110033","BUILDING_ID":"002100002","FLOOR_ID":"002100002B01","POI_ID":"002100002B0110033","NAME":"非机动车停车区域","CATEGORY_ID":20004,"COLOR":null,"ROOMNUM":null,"ORIG_FID":214,"FLOOR_INDEX":-1,"FLOOR_NAME":"B1"},"geometry":{"x":13523002.207099997,"y":3662110.3980000019}},{"attributes":{"OBJECTID":36,"GEO_ID":"002100002B0110036","BUILDING_ID":"002100002","FLOOR_ID":"002100002B01","POI_ID":"002100002B0110036","NAME":"油泵房","CATEGORY_ID":25056,"COLOR":null,"ROOMNUM":null,"ORIG_FID":228,"FLOOR_INDEX":-1,"FLOOR_NAME":"B1"},"geometry":{"x":13523067.490000002,"y":3662116.1137000024}},{"attributes":{"OBJECTID":55,"GEO_ID":"002100002B0120019","BUILDING_ID":"002100002","FLOOR_ID":"002100002B01","POI_ID":"002100002B0120019","NAME":"5","CATEGORY_ID":20005,"COLOR":null,"ROOMNUM":null,"ORIG_FID":45,"FLOOR_INDEX":-1,"FLOOR_NAME":"B1"},"geometry":{"x":13523015.545599997,"y":3662145.0078999996}},{"attributes":{"OBJECTID":56,"GEO_ID":"002100002B0120020","BUILDING_ID":"002100002","FLOOR_ID":"002100002B01","POI_ID":"002100002B0120020","NAME":"3","CATEGORY_ID":20005,"COLOR":null,"ROOMNUM":null,"ORIG_FID":46,"FLOOR_INDEX":-1,"FLOOR_NAME":"B1"},"geometry":{"x":13523011.667199999,"y":3662144.0337999985}},{"attributes":{"OBJECTID":57,"GEO_ID":"002100002B0120021","BUILDING_ID":"002100002","FLOOR_ID":"002100002B01","POI_ID":"002100002B0120021","NAME":"4","CATEGORY_ID":20005,"COLOR":null,"ROOMNUM":null,"ORIG_FID":47,"FLOOR_INDEX":-1,"FLOOR_NAME":"B1"},"geometry":{"x":13523013.606399998,"y":3662144.5209000036}},{"attributes":{"OBJECTID":58,"GEO_ID":"002100002B0120022","BUILDING_ID":"002100002","FLOOR_ID":"002100002B01","POI_ID":"002100002B0120022","NAME":"8","CATEGORY_ID":20005,"COLOR":null,"ROOMNUM":null,"ORIG_FID":48,"FLOOR_INDEX":-1,"FLOOR_NAME":"B1"},"geometry":{"x":13523023.973999999,"y":3662146.5753000006}},{"attributes":{"OBJECTID":59,"GEO_ID":"002100002B0120023","BUILDING_ID":"002100002","FLOOR_ID":"002100002B01","POI_ID":"002100002B0120023","NAME":"6","CATEGORY_ID":20005,"COLOR":null,"ROOMNUM":null,"ORIG_FID":49,"FLOOR_INDEX":-1,"FLOOR_NAME":"B1"},"geometry":{"x":13523020.026299998,"y":3662145.9341999963}},{"attributes":{"OBJECTID":60,"GEO_ID":"002100002B0120024","BUILDING_ID":"002100002","FLOOR_ID":"002100002B01","POI_ID":"002100002B0120024","NAME":"7","CATEGORY_ID":20005,"COLOR":null,"ROOMNUM":null,"ORIG_FID":50,"FLOOR_INDEX":-1,"FLOOR_NAME":"B1"},"geometry":{"x":13523022.000100002,"y":3662146.2547999993}},{"attributes":{"OBJECTID":61,"GEO_ID":"002100002B0120025","BUILDING_ID":"002100002","FLOOR_ID":"002100002B01","POI_ID":"002100002B0120025","NAME":"10","CATEGORY_ID":20005,"COLOR":null,"ROOMNUM":null,"ORIG_FID":51,"FLOOR_INDEX":-1,"FLOOR_NAME":"B1"},"geometry":{"x":13523030.800800003,"y":3662146.8545000032}},{"attributes":{"OBJECTID":62,"GEO_ID":"002100002B0120026","BUILDING_ID":"002100002","FLOOR_ID":"002100002B01","POI_ID":"002100002B0120026","NAME":"9","CATEGORY_ID":20005,"COLOR":null,"ROOMNUM":null,"ORIG_FID":52,"FLOOR_INDEX":-1,"FLOOR_NAME":"B1"},"geometry":{"x":13523028.802299999,"y":3662146.7785999998}},{"attributes":{"OBJECTID":63,"GEO_ID":"002100002B0120027","BUILDING_ID":"002100002","FLOOR_ID":"002100002B01","POI_ID":"002100002B0120027","NAME":"11","CATEGORY_ID":20005,"COLOR":null,"ROOMNUM":null,"ORIG_FID":53,"FLOOR_INDEX":-1,"FLOOR_NAME":"B1"},"geometry":{"x":13523032.799400002,"y":3662146.9302000031}},{"attributes":{"OBJECTID":64,"GEO_ID":"002100002B0120028","BUILDING_ID":"002100002","FLOOR_ID":"002100002B01","POI_ID":"002100002B0120028","NAME":"13","CATEGORY_ID":20005,"COLOR":null,"ROOMNUM":null,"ORIG_FID":54,"FLOOR_INDEX":-1,"FLOOR_NAME":"B1"},"geometry":{"x":13523039.692699999,"y":3662146.246100001}},{"attributes":{"OBJECTID":65,"GEO_ID":"002100002B0120029","BUILDING_ID":"002100002","FLOOR_ID":"002100002B01","POI_ID":"002100002B0120029","NAME":"16","CATEGORY_ID":20005,"COLOR":null,"ROOMNUM":null,"ORIG_FID":55,"FLOOR_INDEX":-1,"FLOOR_NAME":"B1"},"geometry":{"x":13523048.235100001,"y":3662144.3532999977}},{"attributes":{"OBJECTID":66,"GEO_ID":"002100002B0120030","BUILDING_ID":"002100002","FLOOR_ID":"002100002B01","POI_ID":"002100002B0120030","NAME":"18","CATEGORY_ID":20005,"COLOR":null,"ROOMNUM":null,"ORIG_FID":56,"FLOOR_INDEX":-1,"FLOOR_NAME":"B1"},"geometry":{"x":13523054.765100002,"y":3662141.501000002}},{"attributes":{"OBJECTID":68,"GEO_ID":"002100002B0120032","BUILDING_ID":"002100002","FLOOR_ID":"002100002B01","POI_ID":"002100002B0120032","NAME":"20","CATEGORY_ID":20005,"COLOR":null,"ROOMNUM":null,"ORIG_FID":58,"FLOOR_INDEX":-1,"FLOOR_NAME":"B1"},"geometry":{"x":13523058.970700003,"y":3662136.0372999981}},{"attributes":{"OBJECTID":69,"GEO_ID":"002100002B0120033","BUILDING_ID":"002100002","FLOOR_ID":"002100002B01","POI_ID":"002100002B0120033","NAME":"19","CATEGORY_ID":20005,"COLOR":null,"ROOMNUM":null,"ORIG_FID":59,"FLOOR_INDEX":-1,"FLOOR_NAME":"B1"},"geometry":{"x":13523056.765100002,"y":3662141.4970000014}},{"attributes":{"OBJECTID":70,"GEO_ID":"002100002B0120034","BUILDING_ID":"002100002","FLOOR_ID":"002100002B01","POI_ID":"002100002B0120034","NAME":"15","CATEGORY_ID":20005,"COLOR":null,"ROOMNUM":null,"ORIG_FID":60,"FLOOR_INDEX":-1,"FLOOR_NAME":"B1"},"geometry":{"x":13523046.320200004,"y":3662144.9279000014}},{"attributes":{"OBJECTID":71,"GEO_ID":"002100002B0120035","BUILDING_ID":"002100002","FLOOR_ID":"002100002B01","POI_ID":"002100002B0120035","NAME":"17","CATEGORY_ID":20005,"COLOR":null,"ROOMNUM":null,"ORIG_FID":61,"FLOOR_INDEX":-1,"FLOOR_NAME":"B1"},"geometry":{"x":13523050.149899997,"y":3662143.7788000032}},{"attributes":{"OBJECTID":72,"GEO_ID":"002100002B0120036","BUILDING_ID":"002100002","FLOOR_ID":"002100002B01","POI_ID":"002100002B0120036","NAME":"12","CATEGORY_ID":20005,"COLOR":null,"ROOMNUM":null,"ORIG_FID":62,"FLOOR_INDEX":-1,"FLOOR_NAME":"B1"},"geometry":{"x":13523037.708999999,"y":3662146.4997000024}},{"attributes":{"OBJECTID":73,"GEO_ID":"002100002B0120037","BUILDING_ID":"002100002","FLOOR_ID":"002100002B01","POI_ID":"002100002B0120037","NAME":"14","CATEGORY_ID":20005,"COLOR":null,"ROOMNUM":null,"ORIG_FID":63,"FLOOR_INDEX":-1,"FLOOR_NAME":"B1"},"geometry":{"x":13523041.676299997,"y":3662145.992399998}},{"attributes":{"OBJECTID":74,"GEO_ID":"002100002B0120038","BUILDING_ID":"002100002","FLOOR_ID":"002100002B01","POI_ID":"002100002B0120038","NAME":"21","CATEGORY_ID":20005,"COLOR":null,"ROOMNUM":null,"ORIG_FID":64,"FLOOR_INDEX":-1,"FLOOR_NAME":"B1"},"geometry":{"x":13523066.630099997,"y":3662132.384300001}},{"attributes":{"OBJECTID":75,"GEO_ID":"002100002B0120039","BUILDING_ID":"002100002","FLOOR_ID":"002100002B01","POI_ID":"002100002B0120039","NAME":"23","CATEGORY_ID":20005,"COLOR":null,"ROOMNUM":null,"ORIG_FID":65,"FLOOR_INDEX":-1,"FLOOR_NAME":"B1"},"geometry":{"x":13523071.480099998,"y":3662124.2682000026}},{"attributes":{"OBJECTID":76,"GEO_ID":"002100002B0120040","BUILDING_ID":"002100002","FLOOR_ID":"002100002B01","POI_ID":"002100002B0120040","NAME":"22","CATEGORY_ID":20005,"COLOR":null,"ROOMNUM":null,"ORIG_FID":66,"FLOOR_INDEX":-1,"FLOOR_NAME":"B1"},"geometry":{"x":13523068.630099997,"y":3662132.384800002}},{"attributes":{"OBJECTID":77,"GEO_ID":"002100002B0120041","BUILDING_ID":"002100002","FLOOR_ID":"002100002B01","POI_ID":"002100002B0120041","NAME":"24","CATEGORY_ID":20005,"COLOR":null,"ROOMNUM":null,"ORIG_FID":67,"FLOOR_INDEX":-1,"FLOOR_NAME":"B1"},"geometry":{"x":13523068.618799999,"y":3662121.5428000018}},{"attributes":{"OBJECTID":78,"GEO_ID":"002100002B0120042","BUILDING_ID":"002100002","FLOOR_ID":"002100002B01","POI_ID":"002100002B0120042","NAME":"25","CATEGORY_ID":20005,"COLOR":null,"ROOMNUM":null,"ORIG_FID":68,"FLOOR_INDEX":-1,"FLOOR_NAME":"B1"},"geometry":{"x":13523066.618799999,"y":3662121.5408999994}},{"attributes":{"OBJECTID":79,"GEO_ID":"002100002B0120043","BUILDING_ID":"002100002","FLOOR_ID":"002100002B01","POI_ID":"002100002B0120043","NAME":"37","CATEGORY_ID":20005,"COLOR":null,"ROOMNUM":null,"ORIG_FID":69,"FLOOR_INDEX":-1,"FLOOR_NAME":"B1"},"geometry":{"x":13523043.983400002,"y":3662120.1022000015}},{"attributes":{"OBJECTID":80,"GEO_ID":"002100002B0120044","BUILDING_ID":"002100002","FLOOR_ID":"002100002B01","POI_ID":"002100002B0120044","NAME":"36","CATEGORY_ID":20005,"COLOR":null,"ROOMNUM":null,"ORIG_FID":70,"FLOOR_INDEX":-1,"FLOOR_NAME":"B1"},"geometry":{"x":13523043.987599999,"y":3662118.1120999977}},{"attributes":{"OBJECTID":85,"GEO_ID":"002100002B0120049","BUILDING_ID":"002100002","FLOOR_ID":"002100002B01","POI_ID":"002100002B0120049","NAME":"39","CATEGORY_ID":20005,"COLOR":null,"ROOMNUM":null,"ORIG_FID":77,"FLOOR_INDEX":-1,"FLOOR_NAME":"B1"},"geometry":{"x":13523037.534100004,"y":3662126.2883000001}},{"attributes":{"OBJECTID":86,"GEO_ID":"002100002B0120050","BUILDING_ID":"002100002","FLOOR_ID":"002100002B01","POI_ID":"002100002B0120050","NAME":"38","CATEGORY_ID":20005,"COLOR":null,"ROOMNUM":null,"ORIG_FID":78,"FLOOR_INDEX":-1,"FLOOR_NAME":"B1"},"geometry":{"x":13523039.534100004,"y":3662126.2932000011}},{"attributes":{"OBJECTID":90,"GEO_ID":"002100002B0120054","BUILDING_ID":"002100002","FLOOR_ID":"002100002B01","POI_ID":"002100002B0120054","NAME":"28","CATEGORY_ID":20005,"COLOR":null,"ROOMNUM":null,"ORIG_FID":82,"FLOOR_INDEX":-1,"FLOOR_NAME":"B1"},"geometry":{"x":13523018.669100001,"y":3662131.7897000015}},{"attributes":{"OBJECTID":91,"GEO_ID":"002100002B0120055","BUILDING_ID":"002100002","FLOOR_ID":"002100002B01","POI_ID":"002100002B0120055","NAME":"31","CATEGORY_ID":20005,"COLOR":null,"ROOMNUM":null,"ORIG_FID":83,"FLOOR_INDEX":-1,"FLOOR_NAME":"B1"},"geometry":{"x":13523024.6611,"y":3662136.2915999964}},{"attributes":{"OBJECTID":92,"GEO_ID":"002100002B0120056","BUILDING_ID":"002100002","FLOOR_ID":"002100002B01","POI_ID":"002100002B0120056","NAME":"29","CATEGORY_ID":20005,"COLOR":null,"ROOMNUM":null,"ORIG_FID":84,"FLOOR_INDEX":-1,"FLOOR_NAME":"B1"},"geometry":{"x":13523020.6611,"y":3662136.2955000028}},{"attributes":{"OBJECTID":93,"GEO_ID":"002100002B0120057","BUILDING_ID":"002100002","FLOOR_ID":"002100002B01","POI_ID":"002100002B0120057","NAME":"30","CATEGORY_ID":20005,"COLOR":null,"ROOMNUM":null,"ORIG_FID":85,"FLOOR_INDEX":-1,"FLOOR_NAME":"B1"},"geometry":{"x":13523022.661200002,"y":3662136.2936000004}},{"attributes":{"OBJECTID":94,"GEO_ID":"002100002B0120058","BUILDING_ID":"002100002","FLOOR_ID":"002100002B01","POI_ID":"002100002B0120058","NAME":"33A","CATEGORY_ID":20005,"COLOR":null,"ROOMNUM":null,"ORIG_FID":86,"FLOOR_INDEX":-1,"FLOOR_NAME":"B1"},"geometry":{"x":13523032.892800003,"y":3662136.9099000022}},{"attributes":{"OBJECTID":95,"GEO_ID":"002100002B0120059","BUILDING_ID":"002100002","FLOOR_ID":"002100002B01","POI_ID":"002100002B0120059","NAME":"32","CATEGORY_ID":20005,"COLOR":null,"ROOMNUM":null,"ORIG_FID":87,"FLOOR_INDEX":-1,"FLOOR_NAME":"B1"},"geometry":{"x":13523028.892899998,"y":3662136.9138000011}},{"attributes":{"OBJECTID":96,"GEO_ID":"002100002B0120060","BUILDING_ID":"002100002","FLOOR_ID":"002100002B01","POI_ID":"002100002B0120060","NAME":"33","CATEGORY_ID":20005,"COLOR":null,"ROOMNUM":null,"ORIG_FID":88,"FLOOR_INDEX":-1,"FLOOR_NAME":"B1"},"geometry":{"x":13523030.892800003,"y":3662136.9118999988}},{"attributes":{"OBJECTID":97,"GEO_ID":"002100002B0120061","BUILDING_ID":"002100002","FLOOR_ID":"002100002B01","POI_ID":"002100002B0120061","NAME":"35A","CATEGORY_ID":20005,"COLOR":null,"ROOMNUM":null,"ORIG_FID":89,"FLOOR_INDEX":-1,"FLOOR_NAME":"B1"},"geometry":{"x":13523039.307400003,"y":3662136.9118999988}},{"attributes":{"OBJECTID":98,"GEO_ID":"002100002B0120062","BUILDING_ID":"002100002","FLOOR_ID":"002100002B01","POI_ID":"002100002B0120062","NAME":"35B","CATEGORY_ID":20005,"COLOR":null,"ROOMNUM":null,"ORIG_FID":90,"FLOOR_INDEX":-1,"FLOOR_NAME":"B1"},"geometry":{"x":13523037.307400003,"y":3662136.9138000011}},{"attributes":{"OBJECTID":99,"GEO_ID":"002100002B0120063","BUILDING_ID":"002100002","FLOOR_ID":"002100002B01","POI_ID":"002100002B0120063","NAME":"35","CATEGORY_ID":20005,"COLOR":null,"ROOMNUM":null,"ORIG_FID":91,"FLOOR_INDEX":-1,"FLOOR_NAME":"B1"},"geometry":{"x":13523041.307400003,"y":3662136.9099000022}},{"attributes":{"OBJECTID":100,"GEO_ID":"002100002B0120064","BUILDING_ID":"002100002","FLOOR_ID":"002100002B01","POI_ID":"002100002B0120064","NAME":"41B","CATEGORY_ID":20005,"COLOR":null,"ROOMNUM":null,"ORIG_FID":92,"FLOOR_INDEX":-1,"FLOOR_NAME":"B1"},"geometry":{"x":13523024.298199996,"y":3662122.7783999965}},{"attributes":{"OBJECTID":101,"GEO_ID":"002100002B0120065","BUILDING_ID":"002100002","FLOOR_ID":"002100002B01","POI_ID":"002100002B0120065","NAME":"41","CATEGORY_ID":20005,"COLOR":null,"ROOMNUM":null,"ORIG_FID":93,"FLOOR_INDEX":-1,"FLOOR_NAME":"B1"},"geometry":{"x":13523020.298199996,"y":3662122.7717000023}},{"attributes":{"OBJECTID":102,"GEO_ID":"002100002B0120066","BUILDING_ID":"002100002","FLOOR_ID":"002100002B01","POI_ID":"002100002B0120066","NAME":"41A","CATEGORY_ID":20005,"COLOR":null,"ROOMNUM":null,"ORIG_FID":94,"FLOOR_INDEX":-1,"FLOOR_NAME":"B1"},"geometry":{"x":13523022.298199996,"y":3662122.7751000002}},{"attributes":{"OBJECTID":103,"GEO_ID":"002100002B0120067","BUILDING_ID":"002100002","FLOOR_ID":"002100002B01","POI_ID":"002100002B0120067","NAME":"40","CATEGORY_ID":20005,"COLOR":null,"ROOMNUM":null,"ORIG_FID":95,"FLOOR_INDEX":-1,"FLOOR_NAME":"B1"},"geometry":{"x":13523032.930200003,"y":3662122.7783999965}},{"attributes":{"OBJECTID":104,"GEO_ID":"002100002B0120068","BUILDING_ID":"002100002","FLOOR_ID":"002100002B01","POI_ID":"002100002B0120068","NAME":"40B","CATEGORY_ID":20005,"COLOR":null,"ROOMNUM":null,"ORIG_FID":96,"FLOOR_INDEX":-1,"FLOOR_NAME":"B1"},"geometry":{"x":13523028.930200003,"y":3662122.7717000023}},{"attributes":{"OBJECTID":105,"GEO_ID":"002100002B0120069","BUILDING_ID":"002100002","FLOOR_ID":"002100002B01","POI_ID":"002100002B0120069","NAME":"40A","CATEGORY_ID":20005,"COLOR":null,"ROOMNUM":null,"ORIG_FID":97,"FLOOR_INDEX":-1,"FLOOR_NAME":"B1"},"geometry":{"x":13523030.930200003,"y":3662122.7751000002}},{"attributes":{"OBJECTID":108,"GEO_ID":"002100002B0120072","BUILDING_ID":"002100002","FLOOR_ID":"002100002B01","POI_ID":"002100002B0120072","NAME":"2","CATEGORY_ID":20005,"COLOR":null,"ROOMNUM":null,"ORIG_FID":100,"FLOOR_INDEX":-1,"FLOOR_NAME":"B1"},"geometry":{"x":13523010.095100001,"y":3662133.9589999989}},{"attributes":{"OBJECTID":109,"GEO_ID":"002100002B0120073","BUILDING_ID":"002100002","FLOOR_ID":"002100002B01","POI_ID":"002100002B0120073","NAME":"49","CATEGORY_ID":20005,"COLOR":null,"ROOMNUM":null,"ORIG_FID":102,"FLOOR_INDEX":-1,"FLOOR_NAME":"B1"},"geometry":{"x":13522990.761,"y":3662133.2254000008}},{"attributes":{"OBJECTID":110,"GEO_ID":"002100002B0120074","BUILDING_ID":"002100002","FLOOR_ID":"002100002B01","POI_ID":"002100002B0120074","NAME":"47","CATEGORY_ID":20005,"COLOR":null,"ROOMNUM":null,"ORIG_FID":103,"FLOOR_INDEX":-1,"FLOOR_NAME":"B1"},"geometry":{"x":13522983.445100002,"y":3662135.6409000009}},{"attributes":{"OBJECTID":111,"GEO_ID":"002100002B0120075","BUILDING_ID":"002100002","FLOOR_ID":"002100002B01","POI_ID":"002100002B0120075","NAME":"48","CATEGORY_ID":20005,"COLOR":null,"ROOMNUM":null,"ORIG_FID":104,"FLOOR_INDEX":-1,"FLOOR_NAME":"B1"},"geometry":{"x":13522985.445,"y":3662135.6274000034}},{"attributes":{"OBJECTID":112,"GEO_ID":"002100002B0120076","BUILDING_ID":"002100002","FLOOR_ID":"002100002B01","POI_ID":"002100002B0120076","NAME":"46","CATEGORY_ID":20005,"COLOR":null,"ROOMNUM":null,"ORIG_FID":105,"FLOOR_INDEX":-1,"FLOOR_NAME":"B1"},"geometry":{"x":13522978.307099998,"y":3662133.3597000018}},{"attributes":{"OBJECTID":113,"GEO_ID":"002100002B0120077","BUILDING_ID":"002100002","FLOOR_ID":"002100002B01","POI_ID":"002100002B0120077","NAME":"34","CATEGORY_ID":20005,"COLOR":null,"ROOMNUM":null,"ORIG_FID":106,"FLOOR_INDEX":-1,"FLOOR_NAME":"B1"},"geometry":{"x":13522981.290700004,"y":3662127.7353999987}},{"attributes":{"OBJECTID":114,"GEO_ID":"002100002B0120078","BUILDING_ID":"002100002","FLOOR_ID":"002100002B01","POI_ID":"002100002B0120078","NAME":"45","CATEGORY_ID":20005,"COLOR":null,"ROOMNUM":null,"ORIG_FID":107,"FLOOR_INDEX":-1,"FLOOR_NAME":"B1"},"geometry":{"x":13522981.2839,"y":3662125.7452000007}},{"attributes":{"OBJECTID":115,"GEO_ID":"002100002B0120079","BUILDING_ID":"002100002","FLOOR_ID":"002100002B01","POI_ID":"002100002B0120079","NAME":"44","CATEGORY_ID":20005,"COLOR":null,"ROOMNUM":null,"ORIG_FID":108,"FLOOR_INDEX":-1,"FLOOR_NAME":"B1"},"geometry":{"x":13522978.365099996,"y":3662120.5935999975}},{"attributes":{"OBJECTID":116,"GEO_ID":"002100002B0120080","BUILDING_ID":"002100002","FLOOR_ID":"002100002B01","POI_ID":"002100002B0120080","NAME":"43A","CATEGORY_ID":20005,"COLOR":null,"ROOMNUM":null,"ORIG_FID":109,"FLOOR_INDEX":-1,"FLOOR_NAME":"B1"},"geometry":{"x":13522981.239299998,"y":3662117.4135000035}},{"attributes":{"OBJECTID":117,"GEO_ID":"002100002B0120081","BUILDING_ID":"002100002","FLOOR_ID":"002100002B01","POI_ID":"002100002B0120081","NAME":"43","CATEGORY_ID":20005,"COLOR":null,"ROOMNUM":null,"ORIG_FID":110,"FLOOR_INDEX":-1,"FLOOR_NAME":"B1"},"geometry":{"x":13522985.779700004,"y":3662114.487999998}},{"attributes":{"OBJECTID":118,"GEO_ID":"002100002B0120082","BUILDING_ID":"002100002","FLOOR_ID":"002100002B01","POI_ID":"002100002B0120082","NAME":"42","CATEGORY_ID":20005,"COLOR":null,"ROOMNUM":null,"ORIG_FID":111,"FLOOR_INDEX":-1,"FLOOR_NAME":"B1"},"geometry":{"x":13522990.2601,"y":3662120.7208999991}},{"attributes":{"OBJECTID":119,"GEO_ID":"002100002B0120083","BUILDING_ID":"002100002","FLOOR_ID":"002100002B01","POI_ID":"002100002B0120083","NAME":"60","CATEGORY_ID":20005,"COLOR":null,"ROOMNUM":null,"ORIG_FID":112,"FLOOR_INDEX":-1,"FLOOR_NAME":"B1"},"geometry":{"x":13522994.221500002,"y":3662120.9953000024}},{"attributes":{"OBJECTID":133,"GEO_ID":"002100002B0120097","BUILDING_ID":"002100002","FLOOR_ID":"002100002B01","POI_ID":"002100002B0120097","NAME":"26A","CATEGORY_ID":20005,"COLOR":null,"ROOMNUM":null,"ORIG_FID":130,"FLOOR_INDEX":-1,"FLOOR_NAME":"B1"},"geometry":{"x":13523054.274099998,"y":3662126.7502000034}},{"attributes":{"OBJECTID":134,"GEO_ID":"002100002B0120098","BUILDING_ID":"002100002","FLOOR_ID":"002100002B01","POI_ID":"002100002B0120098","NAME":"26","CATEGORY_ID":20005,"COLOR":null,"ROOMNUM":null,"ORIG_FID":131,"FLOOR_INDEX":-1,"FLOOR_NAME":"B1"},"geometry":{"x":13523054.309299998,"y":3662119.7686000019}},{"attributes":{"OBJECTID":135,"GEO_ID":"002100002B0120099","BUILDING_ID":"002100002","FLOOR_ID":"002100002B01","POI_ID":"002100002B0120099","NAME":"27","CATEGORY_ID":20005,"COLOR":null,"ROOMNUM":null,"ORIG_FID":132,"FLOOR_INDEX":-1,"FLOOR_NAME":"B1"},"geometry":{"x":13523054.322400004,"y":3662113.3347000033}},{"attributes":{"OBJECTID":137,"GEO_ID":"002100002B0120101","BUILDING_ID":"002100002","FLOOR_ID":"002100002B01","POI_ID":"002100002B0120101","NAME":"自行车停放处","CATEGORY_ID":25027,"COLOR":null,"ROOMNUM":null,"ORIG_FID":136,"FLOOR_INDEX":-1,"FLOOR_NAME":"B1"},"geometry":{"x":13523009.041599996,"y":3662107.1766000018}},{"attributes":{"OBJECTID":138,"GEO_ID":"002100002B0120102","BUILDING_ID":"002100002","FLOOR_ID":"002100002B01","POI_ID":"002100002B0120102","NAME":"助动车停放处","CATEGORY_ID":25027,"COLOR":null,"ROOMNUM":null,"ORIG_FID":137,"FLOOR_INDEX":-1,"FLOOR_NAME":"B1"},"geometry":{"x":13522997.375200003,"y":3662106.8564999998}},{"attributes":{"OBJECTID":140,"GEO_ID":"002100002B0120104","BUILDING_ID":"002100002","FLOOR_ID":"002100002B01","POI_ID":"002100002B0120104","NAME":"助动车停放处","CATEGORY_ID":25027,"COLOR":null,"ROOMNUM":null,"ORIG_FID":139,"FLOOR_INDEX":-1,"FLOOR_NAME":"B1"},"geometry":{"x":13522990.778499998,"y":3662102.2084999979}},{"attributes":{"OBJECTID":141,"GEO_ID":"002100002B0120105","BUILDING_ID":"002100002","FLOOR_ID":"002100002B01","POI_ID":"002100002B0120105","NAME":"自行车停放处","CATEGORY_ID":25027,"COLOR":null,"ROOMNUM":null,"ORIG_FID":140,"FLOOR_INDEX":-1,"FLOOR_NAME":"B1"},"geometry":{"x":13522997.0942,"y":3662111.1770000011}},{"attributes":{"OBJECTID":142,"GEO_ID":"002100002B0120106","BUILDING_ID":"002100002","FLOOR_ID":"002100002B01","POI_ID":"002100002B0120106","NAME":"速递易","CATEGORY_ID":25067,"COLOR":null,"ROOMNUM":null,"ORIG_FID":141,"FLOOR_INDEX":-1,"FLOOR_NAME":"B1"},"geometry":{"x":13523003.578599997,"y":3662116.2444000021}},{"attributes":{"OBJECTID":143,"GEO_ID":"002100002B0120107","BUILDING_ID":"002100002","FLOOR_ID":"002100002B01","POI_ID":"002100002B0120107","NAME":"助动车停放处","CATEGORY_ID":25027,"COLOR":null,"ROOMNUM":null,"ORIG_FID":142,"FLOOR_INDEX":-1,"FLOOR_NAME":"B1"},"geometry":{"x":13523008.6228,"y":3662100.1824999973}},{"attributes":{"OBJECTID":156,"GEO_ID":"002100002B0120120","BUILDING_ID":"002100002","FLOOR_ID":"002100002B01","POI_ID":"002100002B0120120","NAME":"133","CATEGORY_ID":20005,"COLOR":null,"ROOMNUM":null,"ORIG_FID":155,"FLOOR_INDEX":-1,"FLOOR_NAME":"B1"},"geometry":{"x":13523024.137199998,"y":3662105.3704999983}},{"attributes":{"OBJECTID":157,"GEO_ID":"002100002B0120121","BUILDING_ID":"002100002","FLOOR_ID":"002100002B01","POI_ID":"002100002B0120121","NAME":"131","CATEGORY_ID":20005,"COLOR":null,"ROOMNUM":null,"ORIG_FID":156,"FLOOR_INDEX":-1,"FLOOR_NAME":"B1"},"geometry":{"x":13523027.181199998,"y":3662096.8658000007}},{"attributes":{"OBJECTID":158,"GEO_ID":"002100002B0120122","BUILDING_ID":"002100002","FLOOR_ID":"002100002B01","POI_ID":"002100002B0120122","NAME":"129","CATEGORY_ID":20005,"COLOR":null,"ROOMNUM":null,"ORIG_FID":157,"FLOOR_INDEX":-1,"FLOOR_NAME":"B1"},"geometry":{"x":13523035.660999998,"y":3662100.7106000036}},{"attributes":{"OBJECTID":159,"GEO_ID":"002100002B0120123","BUILDING_ID":"002100002","FLOOR_ID":"002100002B01","POI_ID":"002100002B0120123","NAME":"128","CATEGORY_ID":20005,"COLOR":null,"ROOMNUM":null,"ORIG_FID":158,"FLOOR_INDEX":-1,"FLOOR_NAME":"B1"},"geometry":{"x":13523040.597400002,"y":3662103.7251999974}},{"attributes":{"OBJECTID":160,"GEO_ID":"002100002B0120124","BUILDING_ID":"002100002","FLOOR_ID":"002100002B01","POI_ID":"002100002B0120124","NAME":"132","CATEGORY_ID":20005,"COLOR":null,"ROOMNUM":null,"ORIG_FID":159,"FLOOR_INDEX":-1,"FLOOR_NAME":"B1"},"geometry":{"x":13523025.240099996,"y":3662097.3452999964}},{"attributes":{"OBJECTID":161,"GEO_ID":"002100002B0120125","BUILDING_ID":"002100002","FLOOR_ID":"002100002B01","POI_ID":"002100002B0120125","NAME":"130","CATEGORY_ID":20005,"COLOR":null,"ROOMNUM":null,"ORIG_FID":160,"FLOOR_INDEX":-1,"FLOOR_NAME":"B1"},"geometry":{"x":13523033.764799997,"y":3662100.0776000023}},{"attributes":{"OBJECTID":167,"GEO_ID":"002100002B0120131","BUILDING_ID":"002100002","FLOOR_ID":"002100002B01","POI_ID":"002100002B0120131","NAME":"助动车停放处","CATEGORY_ID":25027,"COLOR":null,"ROOMNUM":null,"ORIG_FID":166,"FLOOR_INDEX":-1,"FLOOR_NAME":"B1"},"geometry":{"x":13523013.454899997,"y":3662100.3729000017}},{"attributes":{"OBJECTID":170,"GEO_ID":"002100002B0120134","BUILDING_ID":"002100002","FLOOR_ID":"002100002B01","POI_ID":"002100002B0120134","NAME":"1","CATEGORY_ID":20005,"COLOR":null,"ROOMNUM":null,"ORIG_FID":177,"FLOOR_INDEX":-1,"FLOOR_NAME":"B1"},"geometry":{"x":13523009.184600003,"y":3662120.0393000022}}]}