{"displayFieldName":"","fieldAliases":{"OBJECTID":"OBJECTID","GEO_ID":"GEO_ID","BUILDING_ID":"BUILDING_ID","FLOOR_ID":"FLOOR_ID","POI_ID":"POI_ID","NAME":"NAME","CATEGORY_ID":"CATEGORY_ID","COLOR":"COLOR","FLOOR_INDEX":"FLOOR_INDEX","FLOOR_NAME":"FLOOR_NAME"},"geometryType":"esriGeometryPoint","spatialReference":{"wkid":3395,"latestWkid":3395},"fields":[{"name":"OBJECTID","type":"esriFieldTypeOID","alias":"OBJECTID"},{"name":"GEO_ID","type":"esriFieldTypeString","alias":"GEO_ID","length":50},{"name":"BUILDING_ID","type":"esriFieldTypeString","alias":"BUILDING_ID","length":50},{"name":"FLOOR_ID","type":"esriFieldTypeString","alias":"FLOOR_ID","length":50},{"name":"POI_ID","type":"esriFieldTypeString","alias":"POI_ID","length":50},{"name":"NAME","type":"esriFieldTypeString","alias":"NAME","length":50},{"name":"CATEGORY_ID","type":"esriFieldTypeSmallInteger","alias":"CATEGORY_ID"},{"name":"COLOR","type":"esriFieldTypeSmallInteger","alias":"COLOR"},{"name":"FLOOR_INDEX","type":"esriFieldTypeSmallInteger","alias":"FLOOR_INDEX"},{"name":"FLOOR_NAME","type":"esriFieldTypeString","alias":"FLOOR_NAME","length":50}],"features":[{"attributes":{"OBJECTID":116,"GEO_ID":"002100002F0130001","BUILDING_ID":"002100002","FLOOR_ID":"002100002F01","POI_ID":"002100002F0130001","NAME":null,"CATEGORY_ID":25146,"COLOR":25146,"FLOOR_INDEX":1,"FLOOR_NAME":"F1"},"geometry":{"x":13523020.254100002,"y":3662114.244599998}},{"attributes":{"OBJECTID":117,"GEO_ID":"002100002F0130002","BUILDING_ID":"002100002","FLOOR_ID":"002100002F01","POI_ID":"002100002F0130002","NAME":null,"CATEGORY_ID":25146,"COLOR":25146,"FLOOR_INDEX":1,"FLOOR_NAME":"F1"},"geometry":{"x":13523041.331699997,"y":3662109.9253999963}},{"attributes":{"OBJECTID":118,"GEO_ID":"002100002F0130003","BUILDING_ID":"002100002","FLOOR_ID":"002100002F01","POI_ID":"002100002F0130003","NAME":null,"CATEGORY_ID":25146,"COLOR":25146,"FLOOR_INDEX":1,"FLOOR_NAME":"F1"},"geometry":{"x":13523036.868100002,"y":3662113.8417000026}},{"attributes":{"OBJECTID":119,"GEO_ID":"002100002F0130004","BUILDING_ID":"002100002","FLOOR_ID":"002100002F01","POI_ID":"002100002F0130004","NAME":null,"CATEGORY_ID":25146,"COLOR":25146,"FLOOR_INDEX":1,"FLOOR_NAME":"F1"},"geometry":{"x":13523038.095200002,"y":3662112.3721000031}},{"attributes":{"OBJECTID":120,"GEO_ID":"002100002F0130005","BUILDING_ID":"002100002","FLOOR_ID":"002100002F01","POI_ID":"002100002F0130005","NAME":null,"CATEGORY_ID":25146,"COLOR":25146,"FLOOR_INDEX":1,"FLOOR_NAME":"F1"},"geometry":{"x":13523023.437200002,"y":3662115.2881999984}},{"attributes":{"OBJECTID":121,"GEO_ID":"002100002F0130006","BUILDING_ID":"002100002","FLOOR_ID":"002100002F01","POI_ID":"002100002F0130006","NAME":null,"CATEGORY_ID":25146,"COLOR":25146,"FLOOR_INDEX":1,"FLOOR_NAME":"F1"},"geometry":{"x":13523029.162699997,"y":3662115.2792999968}},{"attributes":{"OBJECTID":122,"GEO_ID":"002100002F0130007","BUILDING_ID":"002100002","FLOOR_ID":"002100002F01","POI_ID":"002100002F0130007","NAME":null,"CATEGORY_ID":25146,"COLOR":25146,"FLOOR_INDEX":1,"FLOOR_NAME":"F1"},"geometry":{"x":13523032.628700003,"y":3662115.2648999989}},{"attributes":{"OBJECTID":123,"GEO_ID":"002100002F0130008","BUILDING_ID":"002100002","FLOOR_ID":"002100002F01","POI_ID":"002100002F0130008","NAME":null,"CATEGORY_ID":25146,"COLOR":25146,"FLOOR_INDEX":1,"FLOOR_NAME":"F1"},"geometry":{"x":13523029.162699997,"y":3662112.4450000003}},{"attributes":{"OBJECTID":124,"GEO_ID":"002100002F0130009","BUILDING_ID":"002100002","FLOOR_ID":"002100002F01","POI_ID":"002100002F0130009","NAME":null,"CATEGORY_ID":25146,"COLOR":25146,"FLOOR_INDEX":1,"FLOOR_NAME":"F1"},"geometry":{"x":13523032.628700003,"y":3662112.4306000024}},{"attributes":{"OBJECTID":125,"GEO_ID":"002100002F0130010","BUILDING_ID":"002100002","FLOOR_ID":"002100002F01","POI_ID":"002100002F0130010","NAME":null,"CATEGORY_ID":25146,"COLOR":25146,"FLOOR_INDEX":1,"FLOOR_NAME":"F1"},"geometry":{"x":13523029.162699997,"y":3662109.8213}},{"attributes":{"OBJECTID":126,"GEO_ID":"002100002F0130011","BUILDING_ID":"002100002","FLOOR_ID":"002100002F01","POI_ID":"002100002F0130011","NAME":null,"CATEGORY_ID":25146,"COLOR":25146,"FLOOR_INDEX":1,"FLOOR_NAME":"F1"},"geometry":{"x":13523032.628700003,"y":3662109.8284000009}},{"attributes":{"OBJECTID":127,"GEO_ID":"002100002F0130012","BUILDING_ID":"002100002","FLOOR_ID":"002100002F01","POI_ID":"002100002F0130012","NAME":null,"CATEGORY_ID":25146,"COLOR":25146,"FLOOR_INDEX":1,"FLOOR_NAME":"F1"},"geometry":{"x":13523023.581900001,"y":3662112.4196000025}},{"attributes":{"OBJECTID":128,"GEO_ID":"002100002F0130013","BUILDING_ID":"002100002","FLOOR_ID":"002100002F01","POI_ID":"002100002F0130013","NAME":null,"CATEGORY_ID":25146,"COLOR":25146,"FLOOR_INDEX":1,"FLOOR_NAME":"F1"},"geometry":{"x":13523022.788699999,"y":3662114.0037999973}},{"attributes":{"OBJECTID":129,"GEO_ID":"002100002F0130014","BUILDING_ID":"002100002","FLOOR_ID":"002100002F01","POI_ID":"002100002F0130014","NAME":null,"CATEGORY_ID":25146,"COLOR":25146,"FLOOR_INDEX":1,"FLOOR_NAME":"F1"},"geometry":{"x":13523022.771399997,"y":3662114.244599998}},{"attributes":{"OBJECTID":130,"GEO_ID":"002100002F0130015","BUILDING_ID":"002100002","FLOOR_ID":"002100002F01","POI_ID":"002100002F0130015","NAME":"4号客梯","CATEGORY_ID":25136,"COLOR":25136,"FLOOR_INDEX":1,"FLOOR_NAME":"F1"},"geometry":{"x":13523027.720700003,"y":3662115.2853000015}},{"attributes":{"OBJECTID":131,"GEO_ID":"002100002F0130016","BUILDING_ID":"002100002","FLOOR_ID":"002100002F01","POI_ID":"002100002F0130016","NAME":"5号客梯","CATEGORY_ID":25136,"COLOR":25136,"FLOOR_INDEX":1,"FLOOR_NAME":"F1"},"geometry":{"x":13523027.720700003,"y":3662112.4509999976}},{"attributes":{"OBJECTID":132,"GEO_ID":"002100002F0130017","BUILDING_ID":"002100002","FLOOR_ID":"002100002F01","POI_ID":"002100002F0130017","NAME":"6号客梯","CATEGORY_ID":25136,"COLOR":25136,"FLOOR_INDEX":1,"FLOOR_NAME":"F1"},"geometry":{"x":13523027.720600002,"y":3662109.8183000013}},{"attributes":{"OBJECTID":133,"GEO_ID":"002100002F0130018","BUILDING_ID":"002100002","FLOOR_ID":"002100002F01","POI_ID":"002100002F0130018","NAME":"1号客梯","CATEGORY_ID":25136,"COLOR":25136,"FLOOR_INDEX":1,"FLOOR_NAME":"F1"},"geometry":{"x":13523034.057499997,"y":3662115.2590000033}},{"attributes":{"OBJECTID":134,"GEO_ID":"002100002F0130019","BUILDING_ID":"002100002","FLOOR_ID":"002100002F01","POI_ID":"002100002F0130019","NAME":"2号客梯","CATEGORY_ID":25136,"COLOR":25136,"FLOOR_INDEX":1,"FLOOR_NAME":"F1"},"geometry":{"x":13523034.057499997,"y":3662112.4246999994}},{"attributes":{"OBJECTID":135,"GEO_ID":"002100002F0130020","BUILDING_ID":"002100002","FLOOR_ID":"002100002F01","POI_ID":"002100002F0130020","NAME":"3号客梯","CATEGORY_ID":25136,"COLOR":25136,"FLOOR_INDEX":1,"FLOOR_NAME":"F1"},"geometry":{"x":13523034.057499997,"y":3662109.8312999979}},{"attributes":{"OBJECTID":136,"GEO_ID":"002100002F0130021","BUILDING_ID":"002100002","FLOOR_ID":"002100002F01","POI_ID":"002100002F0130021","NAME":"货梯","CATEGORY_ID":25136,"COLOR":25136,"FLOOR_INDEX":1,"FLOOR_NAME":"F1"},"geometry":{"x":13523024.857900001,"y":3662115.2853000015}},{"attributes":{"OBJECTID":137,"GEO_ID":"002100002F0130022","BUILDING_ID":"002100002","FLOOR_ID":"002100002F01","POI_ID":"002100002F0130022","NAME":"货梯","CATEGORY_ID":25136,"COLOR":25136,"FLOOR_INDEX":1,"FLOOR_NAME":"F1"},"geometry":{"x":13523036.868299998,"y":3662115.302699998}},{"attributes":{"OBJECTID":138,"GEO_ID":"002100002F0130023","BUILDING_ID":"002100002","FLOOR_ID":"002100002F01","POI_ID":"002100002F0130023","NAME":"楼梯","CATEGORY_ID":25134,"COLOR":25134,"FLOOR_INDEX":1,"FLOOR_NAME":"F1"},"geometry":{"x":13523020.203400001,"y":3662110.8193000033}},{"attributes":{"OBJECTID":147,"GEO_ID":"002100002F0130032","BUILDING_ID":"002100002","FLOOR_ID":"002100002F01","POI_ID":"002100002F0130032","NAME":null,"CATEGORY_ID":25140,"COLOR":25140,"FLOOR_INDEX":1,"FLOOR_NAME":"F1"},"geometry":{"x":13523038.856600001,"y":3662103.2309999987}},{"attributes":{"OBJECTID":148,"GEO_ID":"002100002F0130033","BUILDING_ID":"002100002","FLOOR_ID":"002100002F01","POI_ID":"002100002F0130033","NAME":"自动售货机","CATEGORY_ID":25124,"COLOR":25124,"FLOOR_INDEX":1,"FLOOR_NAME":"F1"},"geometry":{"x":13523021.447899997,"y":3662107.1158000007}}]}