{"displayFieldName":"","fieldAliases":{"OBJECTID":"OBJECTID","GEO_ID":"GEO_ID","BUILDING_ID":"BUILDING_ID","FLOOR_ID":"FLOOR_ID","POI_ID":"POI_ID","NAME":"NAME","CATEGORY_ID":"CATEGORY_ID","COLOR":"COLOR","ROOMNUM":"ROOMNUM","FLOOR_INDEX":"FLOOR_INDEX","FLOOR_NAME":"FLOOR_NAME","ORIG_FID":"ORIG_FID"},"geometryType":"esriGeometryPoint","spatialReference":{"wkid":3395,"latestWkid":3395},"fields":[{"name":"OBJECTID","type":"esriFieldTypeOID","alias":"OBJECTID"},{"name":"GEO_ID","type":"esriFieldTypeString","alias":"GEO_ID","length":50},{"name":"BUILDING_ID","type":"esriFieldTypeString","alias":"BUILDING_ID","length":50},{"name":"FLOOR_ID","type":"esriFieldTypeString","alias":"FLOOR_ID","length":50},{"name":"POI_ID","type":"esriFieldTypeString","alias":"POI_ID","length":50},{"name":"NAME","type":"esriFieldTypeString","alias":"NAME","length":50},{"name":"CATEGORY_ID","type":"esriFieldTypeSmallInteger","alias":"CATEGORY_ID"},{"name":"COLOR","type":"esriFieldTypeSmallInteger","alias":"COLOR"},{"name":"ROOMNUM","type":"esriFieldTypeString","alias":"ROOMNUM","length":50},{"name":"FLOOR_INDEX","type":"esriFieldTypeSmallInteger","alias":"FLOOR_INDEX"},{"name":"FLOOR_NAME","type":"esriFieldTypeString","alias":"FLOOR_NAME","length":50},{"name":"ORIG_FID","type":"esriFieldTypeInteger","alias":"ORIG_FID"}],"features":[{"attributes":{"OBJECTID":3,"GEO_ID":"002100002F1910106","BUILDING_ID":"002100002","FLOOR_ID":"002100002F19","POI_ID":"002100002F1910106","NAME":"资料室","CATEGORY_ID":25045,"COLOR":null,"ROOMNUM":null,"FLOOR_INDEX":19,"FLOOR_NAME":"F19","ORIG_FID":272},"geometry":{"x":13523062.9705,"y":3662134.9619999975}},{"attributes":{"OBJECTID":5,"GEO_ID":"002100002F1910098","BUILDING_ID":"002100002","FLOOR_ID":"002100002F19","POI_ID":"002100002F1910098","NAME":"女更衣室","CATEGORY_ID":25047,"COLOR":null,"ROOMNUM":null,"FLOOR_INDEX":19,"FLOOR_NAME":"F19","ORIG_FID":274},"geometry":{"x":13523057.959700003,"y":3662124.1642000005}},{"attributes":{"OBJECTID":6,"GEO_ID":"002100002F1910076","BUILDING_ID":"002100002","FLOOR_ID":"002100002F19","POI_ID":"002100002F1910076","NAME":"陈列区","CATEGORY_ID":25127,"COLOR":null,"ROOMNUM":null,"FLOOR_INDEX":19,"FLOOR_NAME":"F19","ORIG_FID":275},"geometry":{"x":13523030.392399997,"y":3662134.9536999986}},{"attributes":{"OBJECTID":7,"GEO_ID":"002100002F1910101","BUILDING_ID":"002100002","FLOOR_ID":"002100002F19","POI_ID":"002100002F1910101","NAME":"气体保护区","CATEGORY_ID":25056,"COLOR":null,"ROOMNUM":null,"FLOOR_INDEX":19,"FLOOR_NAME":"F19","ORIG_FID":276},"geometry":{"x":13523033.913199998,"y":3662124.3633999974}},{"attributes":{"OBJECTID":8,"GEO_ID":"002100002F1910081","BUILDING_ID":"002100002","FLOOR_ID":"002100002F19","POI_ID":"002100002F1910081","NAME":"会议室15","CATEGORY_ID":15035,"COLOR":null,"ROOMNUM":null,"FLOOR_INDEX":19,"FLOOR_NAME":"F19","ORIG_FID":277},"geometry":{"x":13523037.934900001,"y":3662123.1850999966}},{"attributes":{"OBJECTID":9,"GEO_ID":"002100002F1910103","BUILDING_ID":"002100002","FLOOR_ID":"002100002F19","POI_ID":"002100002F1910103","NAME":"文印室","CATEGORY_ID":15026,"COLOR":null,"ROOMNUM":null,"FLOOR_INDEX":19,"FLOOR_NAME":"F19","ORIG_FID":278},"geometry":{"x":13523043.145099998,"y":3662122.2386000007}},{"attributes":{"OBJECTID":10,"GEO_ID":"002100002F1910075","BUILDING_ID":"002100002","FLOOR_ID":"002100002F19","POI_ID":"002100002F1910075","NAME":"茶水间","CATEGORY_ID":25129,"COLOR":null,"ROOMNUM":null,"FLOOR_INDEX":19,"FLOOR_NAME":"F19","ORIG_FID":279},"geometry":{"x":13523043.1417,"y":3662118.6863999963}},{"attributes":{"OBJECTID":15,"GEO_ID":"002100002F1910102","BUILDING_ID":"002100002","FLOOR_ID":"002100002F19","POI_ID":"002100002F1910102","NAME":"强电间","CATEGORY_ID":25056,"COLOR":null,"ROOMNUM":null,"FLOOR_INDEX":19,"FLOOR_NAME":"F19","ORIG_FID":284},"geometry":{"x":13523025.125299998,"y":3662111.6713000014}},{"attributes":{"OBJECTID":21,"GEO_ID":"002100002F1910083","BUILDING_ID":"002100002","FLOOR_ID":"002100002F19","POI_ID":"002100002F1910083","NAME":"会议室7","CATEGORY_ID":15035,"COLOR":null,"ROOMNUM":null,"FLOOR_INDEX":19,"FLOOR_NAME":"F19","ORIG_FID":290},"geometry":{"x":13523023.512699999,"y":3662105.8567000031}},{"attributes":{"OBJECTID":22,"GEO_ID":"002100002F1910084","BUILDING_ID":"002100002","FLOOR_ID":"002100002F19","POI_ID":"002100002F1910084","NAME":"会议室9","CATEGORY_ID":15035,"COLOR":null,"ROOMNUM":null,"FLOOR_INDEX":19,"FLOOR_NAME":"F19","ORIG_FID":291},"geometry":{"x":13523027.662299998,"y":3662103.3197000027}},{"attributes":{"OBJECTID":23,"GEO_ID":"002100002F1910080","BUILDING_ID":"002100002","FLOOR_ID":"002100002F19","POI_ID":"002100002F1910080","NAME":"会议室11","CATEGORY_ID":15035,"COLOR":null,"ROOMNUM":null,"FLOOR_INDEX":19,"FLOOR_NAME":"F19","ORIG_FID":292},"geometry":{"x":13523034.026500002,"y":3662103.3528999984}},{"attributes":{"OBJECTID":25,"GEO_ID":"002100002F1910078","BUILDING_ID":"002100002","FLOOR_ID":"002100002F19","POI_ID":"002100002F1910078","NAME":"副总裁室","CATEGORY_ID":27001,"COLOR":null,"ROOMNUM":null,"FLOOR_INDEX":19,"FLOOR_NAME":"F19","ORIG_FID":294},"geometry":{"x":13523049.990800001,"y":3662116.5948000029}},{"attributes":{"OBJECTID":26,"GEO_ID":"002100002F1910077","BUILDING_ID":"002100002","FLOOR_ID":"002100002F19","POI_ID":"002100002F1910077","NAME":"董事会秘书","CATEGORY_ID":27001,"COLOR":null,"ROOMNUM":null,"FLOOR_INDEX":19,"FLOOR_NAME":"F19","ORIG_FID":295},"geometry":{"x":13523058.210699998,"y":3662116.5715000033}},{"attributes":{"OBJECTID":27,"GEO_ID":"002100002F1910079","BUILDING_ID":"002100002","FLOOR_ID":"002100002F19","POI_ID":"002100002F1910079","NAME":"副总裁室","CATEGORY_ID":27001,"COLOR":null,"ROOMNUM":null,"FLOOR_INDEX":19,"FLOOR_NAME":"F19","ORIG_FID":296},"geometry":{"x":13523054.146300003,"y":3662116.5945999995}},{"attributes":{"OBJECTID":29,"GEO_ID":"002100002F1910082","BUILDING_ID":"002100002","FLOOR_ID":"002100002F19","POI_ID":"002100002F1910082","NAME":"会议室17","CATEGORY_ID":15035,"COLOR":null,"ROOMNUM":null,"FLOOR_INDEX":19,"FLOOR_NAME":"F19","ORIG_FID":298},"geometry":{"x":13523051.786799997,"y":3662121.1319999993}},{"attributes":{"OBJECTID":30,"GEO_ID":"002100002F1910107","BUILDING_ID":"002100002","FLOOR_ID":"002100002F19","POI_ID":"002100002F1910107","NAME":"资料室","CATEGORY_ID":25045,"COLOR":null,"ROOMNUM":null,"FLOOR_INDEX":19,"FLOOR_NAME":"F19","ORIG_FID":299},"geometry":{"x":13523062.681900002,"y":3662127.9711999968}},{"attributes":{"OBJECTID":31,"GEO_ID":"002100002F1910104","BUILDING_ID":"002100002","FLOOR_ID":"002100002F19","POI_ID":"002100002F1910104","NAME":"吸烟处","CATEGORY_ID":25110,"COLOR":null,"ROOMNUM":null,"FLOOR_INDEX":19,"FLOOR_NAME":"F19","ORIG_FID":300},"geometry":{"x":13523065.6461,"y":3662128.4997000024}},{"attributes":{"OBJECTID":93,"GEO_ID":"002100002F1910105","BUILDING_ID":"002100002","FLOOR_ID":"002100002F19","POI_ID":"002100002F1910105","NAME":"展示区","CATEGORY_ID":15039,"COLOR":null,"ROOMNUM":null,"FLOOR_INDEX":19,"FLOOR_NAME":"F19","ORIG_FID":368},"geometry":{"x":13523051.947099999,"y":3662125.2529999986}},{"attributes":{"OBJECTID":108,"GEO_ID":"002100002F1920094","BUILDING_ID":"002100002","FLOOR_ID":"002100002F19","POI_ID":"002100002F1920094","NAME":"前台","CATEGORY_ID":25142,"COLOR":null,"ROOMNUM":null,"FLOOR_INDEX":19,"FLOOR_NAME":"F19","ORIG_FID":1093},"geometry":{"x":13523030.823799998,"y":3662120.4563999996}},{"attributes":{"OBJECTID":111,"GEO_ID":"002100002F1910002","BUILDING_ID":"002100002","FLOOR_ID":"002100002F19","POI_ID":"002100002F1910002","NAME":"会议室","CATEGORY_ID":15035,"COLOR":null,"ROOMNUM":null,"FLOOR_INDEX":19,"FLOOR_NAME":"F19","ORIG_FID":0},"geometry":{"x":13523046.245700002,"y":3662123.1890999973}}]}