{"displayFieldName":"","fieldAliases":{"OBJECTID":"OBJECTID","GEO_ID":"GEO_ID","BUILDING_ID":"BUILDING_ID","FLOOR_ID":"FLOOR_ID","POI_ID":"POI_ID","NAME":"NAME","CATEGORY_ID":"CATEGORY_ID","COLOR":"COLOR","FLOOR_INDEX":"FLOOR_INDEX","FLOOR_NAME":"FLOOR_NAME"},"geometryType":"esriGeometryPoint","spatialReference":{"wkid":3395,"latestWkid":3395},"fields":[{"name":"OBJECTID","type":"esriFieldTypeOID","alias":"OBJECTID"},{"name":"GEO_ID","type":"esriFieldTypeString","alias":"GEO_ID","length":50},{"name":"BUILDING_ID","type":"esriFieldTypeString","alias":"BUILDING_ID","length":50},{"name":"FLOOR_ID","type":"esriFieldTypeString","alias":"FLOOR_ID","length":50},{"name":"POI_ID","type":"esriFieldTypeString","alias":"POI_ID","length":50},{"name":"NAME","type":"esriFieldTypeString","alias":"NAME","length":50},{"name":"CATEGORY_ID","type":"esriFieldTypeSmallInteger","alias":"CATEGORY_ID"},{"name":"COLOR","type":"esriFieldTypeSmallInteger","alias":"COLOR"},{"name":"FLOOR_INDEX","type":"esriFieldTypeSmallInteger","alias":"FLOOR_INDEX"},{"name":"FLOOR_NAME","type":"esriFieldTypeString","alias":"FLOOR_NAME","length":50}],"features":[{"attributes":{"OBJECTID":296,"GEO_ID":"002100002F2030001","BUILDING_ID":"002100002","FLOOR_ID":"002100002F20","POI_ID":"002100002F2030001","NAME":null,"CATEGORY_ID":25146,"COLOR":25146,"FLOOR_INDEX":20,"FLOOR_NAME":"F20"},"geometry":{"x":13522987.917800002,"y":3662136.0326000005}},{"attributes":{"OBJECTID":297,"GEO_ID":"002100002F2030002","BUILDING_ID":"002100002","FLOOR_ID":"002100002F20","POI_ID":"002100002F2030002","NAME":null,"CATEGORY_ID":25146,"COLOR":25146,"FLOOR_INDEX":20,"FLOOR_NAME":"F20"},"geometry":{"x":13522988.438299999,"y":3662129.9111000001}},{"attributes":{"OBJECTID":298,"GEO_ID":"002100002F2030003","BUILDING_ID":"002100002","FLOOR_ID":"002100002F20","POI_ID":"002100002F2030003","NAME":null,"CATEGORY_ID":25146,"COLOR":25146,"FLOOR_INDEX":20,"FLOOR_NAME":"F20"},"geometry":{"x":13522988.438299999,"y":3662123.9214000031}},{"attributes":{"OBJECTID":299,"GEO_ID":"002100002F2030004","BUILDING_ID":"002100002","FLOOR_ID":"002100002F20","POI_ID":"002100002F2030004","NAME":null,"CATEGORY_ID":25146,"COLOR":25146,"FLOOR_INDEX":20,"FLOOR_NAME":"F20"},"geometry":{"x":13522984.279799998,"y":3662121.9466999993}},{"attributes":{"OBJECTID":300,"GEO_ID":"002100002F2030005","BUILDING_ID":"002100002","FLOOR_ID":"002100002F20","POI_ID":"002100002F2030005","NAME":null,"CATEGORY_ID":25146,"COLOR":25146,"FLOOR_INDEX":20,"FLOOR_NAME":"F20"},"geometry":{"x":13522986.2685,"y":3662121.1340999976}},{"attributes":{"OBJECTID":301,"GEO_ID":"002100002F2030006","BUILDING_ID":"002100002","FLOOR_ID":"002100002F20","POI_ID":"002100002F2030006","NAME":null,"CATEGORY_ID":25146,"COLOR":25146,"FLOOR_INDEX":20,"FLOOR_NAME":"F20"},"geometry":{"x":13522989.800999999,"y":3662121.1442999989}},{"attributes":{"OBJECTID":302,"GEO_ID":"002100002F2030007","BUILDING_ID":"002100002","FLOOR_ID":"002100002F20","POI_ID":"002100002F2030007","NAME":null,"CATEGORY_ID":25146,"COLOR":25146,"FLOOR_INDEX":20,"FLOOR_NAME":"F20"},"geometry":{"x":13522991.626400001,"y":3662125.9956}},{"attributes":{"OBJECTID":303,"GEO_ID":"002100002F2030008","BUILDING_ID":"002100002","FLOOR_ID":"002100002F20","POI_ID":"002100002F2030008","NAME":null,"CATEGORY_ID":25146,"COLOR":25146,"FLOOR_INDEX":20,"FLOOR_NAME":"F20"},"geometry":{"x":13522991.626400001,"y":3662127.9240999967}},{"attributes":{"OBJECTID":304,"GEO_ID":"002100002F2030009","BUILDING_ID":"002100002","FLOOR_ID":"002100002F20","POI_ID":"002100002F2030009","NAME":null,"CATEGORY_ID":25146,"COLOR":25146,"FLOOR_INDEX":20,"FLOOR_NAME":"F20"},"geometry":{"x":13522995.039499998,"y":3662129.8246999979}},{"attributes":{"OBJECTID":305,"GEO_ID":"002100002F2030010","BUILDING_ID":"002100002","FLOOR_ID":"002100002F20","POI_ID":"002100002F2030010","NAME":null,"CATEGORY_ID":25146,"COLOR":25146,"FLOOR_INDEX":20,"FLOOR_NAME":"F20"},"geometry":{"x":13522995.039499998,"y":3662124.1547000036}},{"attributes":{"OBJECTID":306,"GEO_ID":"002100002F2030011","BUILDING_ID":"002100002","FLOOR_ID":"002100002F20","POI_ID":"002100002F2030011","NAME":null,"CATEGORY_ID":25146,"COLOR":25146,"FLOOR_INDEX":20,"FLOOR_NAME":"F20"},"geometry":{"x":13522995.587300003,"y":3662129.2133999988}},{"attributes":{"OBJECTID":307,"GEO_ID":"002100002F2030012","BUILDING_ID":"002100002","FLOOR_ID":"002100002F20","POI_ID":"002100002F2030012","NAME":null,"CATEGORY_ID":25146,"COLOR":25146,"FLOOR_INDEX":20,"FLOOR_NAME":"F20"},"geometry":{"x":13522995.598999999,"y":3662124.7113000005}},{"attributes":{"OBJECTID":308,"GEO_ID":"002100002F2030013","BUILDING_ID":"002100002","FLOOR_ID":"002100002F20","POI_ID":"002100002F2030013","NAME":null,"CATEGORY_ID":25146,"COLOR":25146,"FLOOR_INDEX":20,"FLOOR_NAME":"F20"},"geometry":{"x":13522999.962300003,"y":3662125.4921000004}},{"attributes":{"OBJECTID":309,"GEO_ID":"002100002F2030014","BUILDING_ID":"002100002","FLOOR_ID":"002100002F20","POI_ID":"002100002F2030014","NAME":null,"CATEGORY_ID":25146,"COLOR":25146,"FLOOR_INDEX":20,"FLOOR_NAME":"F20"},"geometry":{"x":13522999.0876,"y":3662124.1547000036}},{"attributes":{"OBJECTID":310,"GEO_ID":"002100002F2030015","BUILDING_ID":"002100002","FLOOR_ID":"002100002F20","POI_ID":"002100002F2030015","NAME":null,"CATEGORY_ID":25146,"COLOR":25146,"FLOOR_INDEX":20,"FLOOR_NAME":"F20"},"geometry":{"x":13522999.0876,"y":3662129.8246999979}},{"attributes":{"OBJECTID":311,"GEO_ID":"002100002F2030016","BUILDING_ID":"002100002","FLOOR_ID":"002100002F20","POI_ID":"002100002F2030016","NAME":null,"CATEGORY_ID":25146,"COLOR":25146,"FLOOR_INDEX":20,"FLOOR_NAME":"F20"},"geometry":{"x":13523009.022,"y":3662125.4921000004}},{"attributes":{"OBJECTID":312,"GEO_ID":"002100002F2030017","BUILDING_ID":"002100002","FLOOR_ID":"002100002F20","POI_ID":"002100002F2030017","NAME":null,"CATEGORY_ID":25146,"COLOR":25146,"FLOOR_INDEX":20,"FLOOR_NAME":"F20"},"geometry":{"x":13523010.888099998,"y":3662124.552199997}},{"attributes":{"OBJECTID":313,"GEO_ID":"002100002F2030018","BUILDING_ID":"002100002","FLOOR_ID":"002100002F20","POI_ID":"002100002F2030018","NAME":null,"CATEGORY_ID":25146,"COLOR":25146,"FLOOR_INDEX":20,"FLOOR_NAME":"F20"},"geometry":{"x":13523017.227300003,"y":3662117.6683000028}},{"attributes":{"OBJECTID":314,"GEO_ID":"002100002F2030019","BUILDING_ID":"002100002","FLOOR_ID":"002100002F20","POI_ID":"002100002F2030019","NAME":null,"CATEGORY_ID":25146,"COLOR":25146,"FLOOR_INDEX":20,"FLOOR_NAME":"F20"},"geometry":{"x":13523018.412100002,"y":3662117.6683000028}},{"attributes":{"OBJECTID":315,"GEO_ID":"002100002F2030020","BUILDING_ID":"002100002","FLOOR_ID":"002100002F20","POI_ID":"002100002F2030020","NAME":null,"CATEGORY_ID":25146,"COLOR":25146,"FLOOR_INDEX":20,"FLOOR_NAME":"F20"},"geometry":{"x":13522999.962300003,"y":3662128.884300001}},{"attributes":{"OBJECTID":316,"GEO_ID":"002100002F2030021","BUILDING_ID":"002100002","FLOOR_ID":"002100002F20","POI_ID":"002100002F2030021","NAME":null,"CATEGORY_ID":25146,"COLOR":25146,"FLOOR_INDEX":20,"FLOOR_NAME":"F20"},"geometry":{"x":13523022.456100002,"y":3662127.0795999989}},{"attributes":{"OBJECTID":317,"GEO_ID":"002100002F2030022","BUILDING_ID":"002100002","FLOOR_ID":"002100002F20","POI_ID":"002100002F2030022","NAME":null,"CATEGORY_ID":25146,"COLOR":25146,"FLOOR_INDEX":20,"FLOOR_NAME":"F20"},"geometry":{"x":13523019.393399999,"y":3662124.5499000028}},{"attributes":{"OBJECTID":318,"GEO_ID":"002100002F2030023","BUILDING_ID":"002100002","FLOOR_ID":"002100002F20","POI_ID":"002100002F2030023","NAME":null,"CATEGORY_ID":25146,"COLOR":25146,"FLOOR_INDEX":20,"FLOOR_NAME":"F20"},"geometry":{"x":13523025.747299999,"y":3662121.8462999985}},{"attributes":{"OBJECTID":319,"GEO_ID":"002100002F2030024","BUILDING_ID":"002100002","FLOOR_ID":"002100002F20","POI_ID":"002100002F2030024","NAME":null,"CATEGORY_ID":25146,"COLOR":25146,"FLOOR_INDEX":20,"FLOOR_NAME":"F20"},"geometry":{"x":13523034.379199997,"y":3662122.5091999993}},{"attributes":{"OBJECTID":320,"GEO_ID":"002100002F2030025","BUILDING_ID":"002100002","FLOOR_ID":"002100002F20","POI_ID":"002100002F2030025","NAME":null,"CATEGORY_ID":25146,"COLOR":25146,"FLOOR_INDEX":20,"FLOOR_NAME":"F20"},"geometry":{"x":13523035.7491,"y":3662121.8369000033}},{"attributes":{"OBJECTID":321,"GEO_ID":"002100002F2030026","BUILDING_ID":"002100002","FLOOR_ID":"002100002F20","POI_ID":"002100002F2030026","NAME":null,"CATEGORY_ID":25146,"COLOR":25146,"FLOOR_INDEX":20,"FLOOR_NAME":"F20"},"geometry":{"x":13523025.825400002,"y":3662126.8020000011}},{"attributes":{"OBJECTID":322,"GEO_ID":"002100002F2030027","BUILDING_ID":"002100002","FLOOR_ID":"002100002F20","POI_ID":"002100002F2030027","NAME":null,"CATEGORY_ID":25146,"COLOR":25146,"FLOOR_INDEX":20,"FLOOR_NAME":"F20"},"geometry":{"x":13523035.558700003,"y":3662126.8625999987}},{"attributes":{"OBJECTID":323,"GEO_ID":"002100002F2030028","BUILDING_ID":"002100002","FLOOR_ID":"002100002F20","POI_ID":"002100002F2030028","NAME":null,"CATEGORY_ID":25146,"COLOR":25146,"FLOOR_INDEX":20,"FLOOR_NAME":"F20"},"geometry":{"x":13523026.916100003,"y":3662127.1696000025}},{"attributes":{"OBJECTID":324,"GEO_ID":"002100002F2030029","BUILDING_ID":"002100002","FLOOR_ID":"002100002F20","POI_ID":"002100002F2030029","NAME":null,"CATEGORY_ID":25146,"COLOR":25146,"FLOOR_INDEX":20,"FLOOR_NAME":"F20"},"geometry":{"x":13523042.842299998,"y":3662122.7941000015}},{"attributes":{"OBJECTID":325,"GEO_ID":"002100002F2030030","BUILDING_ID":"002100002","FLOOR_ID":"002100002F20","POI_ID":"002100002F2030030","NAME":null,"CATEGORY_ID":25146,"COLOR":25146,"FLOOR_INDEX":20,"FLOOR_NAME":"F20"},"geometry":{"x":13523042.310599998,"y":3662119.7899999991}},{"attributes":{"OBJECTID":326,"GEO_ID":"002100002F2030031","BUILDING_ID":"002100002","FLOOR_ID":"002100002F20","POI_ID":"002100002F2030031","NAME":null,"CATEGORY_ID":25146,"COLOR":25146,"FLOOR_INDEX":20,"FLOOR_NAME":"F20"},"geometry":{"x":13523037.859200001,"y":3662112.0253000036}},{"attributes":{"OBJECTID":327,"GEO_ID":"002100002F2030032","BUILDING_ID":"002100002","FLOOR_ID":"002100002F20","POI_ID":"002100002F2030032","NAME":null,"CATEGORY_ID":25146,"COLOR":25146,"FLOOR_INDEX":20,"FLOOR_NAME":"F20"},"geometry":{"x":13523036.832000002,"y":3662113.8606000021}},{"attributes":{"OBJECTID":328,"GEO_ID":"002100002F2030033","BUILDING_ID":"002100002","FLOOR_ID":"002100002F20","POI_ID":"002100002F2030033","NAME":null,"CATEGORY_ID":25146,"COLOR":25146,"FLOOR_INDEX":20,"FLOOR_NAME":"F20"},"geometry":{"x":13523032.512999997,"y":3662115.3537999988}},{"attributes":{"OBJECTID":329,"GEO_ID":"002100002F2030034","BUILDING_ID":"002100002","FLOOR_ID":"002100002F20","POI_ID":"002100002F2030034","NAME":null,"CATEGORY_ID":25146,"COLOR":25146,"FLOOR_INDEX":20,"FLOOR_NAME":"F20"},"geometry":{"x":13523029.046899997,"y":3662115.3691999987}},{"attributes":{"OBJECTID":330,"GEO_ID":"002100002F2030035","BUILDING_ID":"002100002","FLOOR_ID":"002100002F20","POI_ID":"002100002F2030035","NAME":null,"CATEGORY_ID":25146,"COLOR":25146,"FLOOR_INDEX":20,"FLOOR_NAME":"F20"},"geometry":{"x":13523023.384800002,"y":3662115.3694999963}},{"attributes":{"OBJECTID":331,"GEO_ID":"002100002F2030036","BUILDING_ID":"002100002","FLOOR_ID":"002100002F20","POI_ID":"002100002F2030036","NAME":null,"CATEGORY_ID":25146,"COLOR":25146,"FLOOR_INDEX":20,"FLOOR_NAME":"F20"},"geometry":{"x":13523020.040100001,"y":3662114.1739000008}},{"attributes":{"OBJECTID":332,"GEO_ID":"002100002F2030037","BUILDING_ID":"002100002","FLOOR_ID":"002100002F20","POI_ID":"002100002F2030037","NAME":null,"CATEGORY_ID":25146,"COLOR":25146,"FLOOR_INDEX":20,"FLOOR_NAME":"F20"},"geometry":{"x":13523029.046899997,"y":3662112.5513999984}},{"attributes":{"OBJECTID":333,"GEO_ID":"002100002F2030038","BUILDING_ID":"002100002","FLOOR_ID":"002100002F20","POI_ID":"002100002F2030038","NAME":null,"CATEGORY_ID":25146,"COLOR":25146,"FLOOR_INDEX":20,"FLOOR_NAME":"F20"},"geometry":{"x":13523029.046899997,"y":3662109.8981999978}},{"attributes":{"OBJECTID":334,"GEO_ID":"002100002F2030039","BUILDING_ID":"002100002","FLOOR_ID":"002100002F20","POI_ID":"002100002F2030039","NAME":null,"CATEGORY_ID":25146,"COLOR":25146,"FLOOR_INDEX":20,"FLOOR_NAME":"F20"},"geometry":{"x":13523032.512999997,"y":3662109.8981999978}},{"attributes":{"OBJECTID":335,"GEO_ID":"002100002F2030040","BUILDING_ID":"002100002","FLOOR_ID":"002100002F20","POI_ID":"002100002F2030040","NAME":null,"CATEGORY_ID":25146,"COLOR":25146,"FLOOR_INDEX":20,"FLOOR_NAME":"F20"},"geometry":{"x":13523032.512999997,"y":3662112.5368999988}},{"attributes":{"OBJECTID":336,"GEO_ID":"002100002F2030041","BUILDING_ID":"002100002","FLOOR_ID":"002100002F20","POI_ID":"002100002F2030041","NAME":null,"CATEGORY_ID":25146,"COLOR":25146,"FLOOR_INDEX":20,"FLOOR_NAME":"F20"},"geometry":{"x":13523023.487599999,"y":3662112.8330999985}},{"attributes":{"OBJECTID":337,"GEO_ID":"002100002F2030042","BUILDING_ID":"002100002","FLOOR_ID":"002100002F20","POI_ID":"002100002F2030042","NAME":null,"CATEGORY_ID":25146,"COLOR":25146,"FLOOR_INDEX":20,"FLOOR_NAME":"F20"},"geometry":{"x":13523025.514700003,"y":3662106.9205000028}},{"attributes":{"OBJECTID":338,"GEO_ID":"002100002F2030043","BUILDING_ID":"002100002","FLOOR_ID":"002100002F20","POI_ID":"002100002F2030043","NAME":null,"CATEGORY_ID":25146,"COLOR":25146,"FLOOR_INDEX":20,"FLOOR_NAME":"F20"},"geometry":{"x":13523026.287699997,"y":3662106.4143999964}},{"attributes":{"OBJECTID":339,"GEO_ID":"002100002F2030044","BUILDING_ID":"002100002","FLOOR_ID":"002100002F20","POI_ID":"002100002F2030044","NAME":null,"CATEGORY_ID":25146,"COLOR":25146,"FLOOR_INDEX":20,"FLOOR_NAME":"F20"},"geometry":{"x":13523035.205700003,"y":3662106.3822000027}},{"attributes":{"OBJECTID":340,"GEO_ID":"002100002F2030045","BUILDING_ID":"002100002","FLOOR_ID":"002100002F20","POI_ID":"002100002F2030045","NAME":null,"CATEGORY_ID":25146,"COLOR":25146,"FLOOR_INDEX":20,"FLOOR_NAME":"F20"},"geometry":{"x":13523039.891500004,"y":3662109.8593999967}},{"attributes":{"OBJECTID":341,"GEO_ID":"002100002F2030046","BUILDING_ID":"002100002","FLOOR_ID":"002100002F20","POI_ID":"002100002F2030046","NAME":null,"CATEGORY_ID":25146,"COLOR":25146,"FLOOR_INDEX":20,"FLOOR_NAME":"F20"},"geometry":{"x":13523039.301399998,"y":3662108.7774000019}},{"attributes":{"OBJECTID":342,"GEO_ID":"002100002F2030047","BUILDING_ID":"002100002","FLOOR_ID":"002100002F20","POI_ID":"002100002F2030047","NAME":null,"CATEGORY_ID":25146,"COLOR":25146,"FLOOR_INDEX":20,"FLOOR_NAME":"F20"},"geometry":{"x":13523050.616800003,"y":3662127.6432000026}},{"attributes":{"OBJECTID":343,"GEO_ID":"002100002F2030048","BUILDING_ID":"002100002","FLOOR_ID":"002100002F20","POI_ID":"002100002F2030048","NAME":null,"CATEGORY_ID":25146,"COLOR":25146,"FLOOR_INDEX":20,"FLOOR_NAME":"F20"},"geometry":{"x":13523052.1514,"y":3662127.6432000026}},{"attributes":{"OBJECTID":344,"GEO_ID":"002100002F2030049","BUILDING_ID":"002100002","FLOOR_ID":"002100002F20","POI_ID":"002100002F2030049","NAME":null,"CATEGORY_ID":25146,"COLOR":25146,"FLOOR_INDEX":20,"FLOOR_NAME":"F20"},"geometry":{"x":13523059.323299997,"y":3662127.6432000026}},{"attributes":{"OBJECTID":345,"GEO_ID":"002100002F2030050","BUILDING_ID":"002100002","FLOOR_ID":"002100002F20","POI_ID":"002100002F2030050","NAME":null,"CATEGORY_ID":25146,"COLOR":25146,"FLOOR_INDEX":20,"FLOOR_NAME":"F20"},"geometry":{"x":13523060.194499999,"y":3662139.2889999971}},{"attributes":{"OBJECTID":346,"GEO_ID":"002100002F2030051","BUILDING_ID":"002100002","FLOOR_ID":"002100002F20","POI_ID":"002100002F2030051","NAME":null,"CATEGORY_ID":25146,"COLOR":25146,"FLOOR_INDEX":20,"FLOOR_NAME":"F20"},"geometry":{"x":13523056.331799999,"y":3662124.1542000026}},{"attributes":{"OBJECTID":347,"GEO_ID":"002100002F2030052","BUILDING_ID":"002100002","FLOOR_ID":"002100002F20","POI_ID":"002100002F2030052","NAME":null,"CATEGORY_ID":25146,"COLOR":25146,"FLOOR_INDEX":20,"FLOOR_NAME":"F20"},"geometry":{"x":13523064.957599998,"y":3662125.0715999976}},{"attributes":{"OBJECTID":348,"GEO_ID":"002100002F2030053","BUILDING_ID":"002100002","FLOOR_ID":"002100002F20","POI_ID":"002100002F2030053","NAME":null,"CATEGORY_ID":25146,"COLOR":25146,"FLOOR_INDEX":20,"FLOOR_NAME":"F20"},"geometry":{"x":13523056.323899999,"y":3662118.0966999978}},{"attributes":{"OBJECTID":349,"GEO_ID":"002100002F2030054","BUILDING_ID":"002100002","FLOOR_ID":"002100002F20","POI_ID":"002100002F2030054","NAME":null,"CATEGORY_ID":25146,"COLOR":25146,"FLOOR_INDEX":20,"FLOOR_NAME":"F20"},"geometry":{"x":13523020.667400002,"y":3662119.7602000013}},{"attributes":{"OBJECTID":350,"GEO_ID":"002100002F2030055","BUILDING_ID":"002100002","FLOOR_ID":"002100002F20","POI_ID":"002100002F2030055","NAME":null,"CATEGORY_ID":25146,"COLOR":25146,"FLOOR_INDEX":20,"FLOOR_NAME":"F20"},"geometry":{"x":13523020.909000002,"y":3662119.5998999998}},{"attributes":{"OBJECTID":351,"GEO_ID":"002100002F2030056","BUILDING_ID":"002100002","FLOOR_ID":"002100002F20","POI_ID":"002100002F2030056","NAME":null,"CATEGORY_ID":25146,"COLOR":25146,"FLOOR_INDEX":20,"FLOOR_NAME":"F20"},"geometry":{"x":13523022.637100004,"y":3662114.1739000008}},{"attributes":{"OBJECTID":352,"GEO_ID":"002100002F2030057","BUILDING_ID":"002100002","FLOOR_ID":"002100002F20","POI_ID":"002100002F2030057","NAME":null,"CATEGORY_ID":25146,"COLOR":25146,"FLOOR_INDEX":20,"FLOOR_NAME":"F20"},"geometry":{"x":13523022.637100004,"y":3662113.9133000001}},{"attributes":{"OBJECTID":353,"GEO_ID":"002100002F2030058","BUILDING_ID":"002100002","FLOOR_ID":"002100002F20","POI_ID":"002100002F2030058","NAME":null,"CATEGORY_ID":25146,"COLOR":25146,"FLOOR_INDEX":20,"FLOOR_NAME":"F20"},"geometry":{"x":13523040.878300004,"y":3662119.8209000006}},{"attributes":{"OBJECTID":354,"GEO_ID":"002100002F2030059","BUILDING_ID":"002100002","FLOOR_ID":"002100002F20","POI_ID":"002100002F2030059","NAME":null,"CATEGORY_ID":25146,"COLOR":25146,"FLOOR_INDEX":20,"FLOOR_NAME":"F20"},"geometry":{"x":13523041.096900001,"y":3662119.9721999988}},{"attributes":{"OBJECTID":355,"GEO_ID":"002100002F2030060","BUILDING_ID":"002100002","FLOOR_ID":"002100002F20","POI_ID":"002100002F2030060","NAME":null,"CATEGORY_ID":25146,"COLOR":25146,"FLOOR_INDEX":20,"FLOOR_NAME":"F20"},"geometry":{"x":13523004.602200001,"y":3662133.7305999994}},{"attributes":{"OBJECTID":356,"GEO_ID":"002100002F2030061","BUILDING_ID":"002100002","FLOOR_ID":"002100002F20","POI_ID":"002100002F2030061","NAME":null,"CATEGORY_ID":25146,"COLOR":25146,"FLOOR_INDEX":20,"FLOOR_NAME":"F20"},"geometry":{"x":13523005.706799999,"y":3662133.7305999994}},{"attributes":{"OBJECTID":357,"GEO_ID":"002100002F2030062","BUILDING_ID":"002100002","FLOOR_ID":"002100002F20","POI_ID":"002100002F2030062","NAME":null,"CATEGORY_ID":25146,"COLOR":25146,"FLOOR_INDEX":20,"FLOOR_NAME":"F20"},"geometry":{"x":13523009.840999998,"y":3662133.7305999994}},{"attributes":{"OBJECTID":358,"GEO_ID":"002100002F2030063","BUILDING_ID":"002100002","FLOOR_ID":"002100002F20","POI_ID":"002100002F2030063","NAME":null,"CATEGORY_ID":25146,"COLOR":25146,"FLOOR_INDEX":20,"FLOOR_NAME":"F20"},"geometry":{"x":13523014.613799997,"y":3662126.2867999971}},{"attributes":{"OBJECTID":359,"GEO_ID":"002100002F2030064","BUILDING_ID":"002100002","FLOOR_ID":"002100002F20","POI_ID":"002100002F2030064","NAME":null,"CATEGORY_ID":25146,"COLOR":25146,"FLOOR_INDEX":20,"FLOOR_NAME":"F20"},"geometry":{"x":13523063.438600004,"y":3662124.1617999971}},{"attributes":{"OBJECTID":360,"GEO_ID":"002100002F2030065","BUILDING_ID":"002100002","FLOOR_ID":"002100002F20","POI_ID":"002100002F2030065","NAME":null,"CATEGORY_ID":25146,"COLOR":25146,"FLOOR_INDEX":20,"FLOOR_NAME":"F20"},"geometry":{"x":13523063.438600004,"y":3662126.4025999978}},{"attributes":{"OBJECTID":361,"GEO_ID":"002100002F2030066","BUILDING_ID":"002100002","FLOOR_ID":"002100002F20","POI_ID":"002100002F2030066","NAME":null,"CATEGORY_ID":25146,"COLOR":25146,"FLOOR_INDEX":20,"FLOOR_NAME":"F20"},"geometry":{"x":13523031.861699998,"y":3662129.4783999994}},{"attributes":{"OBJECTID":362,"GEO_ID":"002100002F2030067","BUILDING_ID":"002100002","FLOOR_ID":"002100002F20","POI_ID":"002100002F2030067","NAME":null,"CATEGORY_ID":25146,"COLOR":25146,"FLOOR_INDEX":20,"FLOOR_NAME":"F20"},"geometry":{"x":13523024.8279,"y":3662128.3579000011}},{"attributes":{"OBJECTID":363,"GEO_ID":"002100002F2030068","BUILDING_ID":"002100002","FLOOR_ID":"002100002F20","POI_ID":"002100002F2030068","NAME":null,"CATEGORY_ID":25146,"COLOR":25146,"FLOOR_INDEX":20,"FLOOR_NAME":"F20"},"geometry":{"x":13523036.734399997,"y":3662128.3536999971}},{"attributes":{"OBJECTID":364,"GEO_ID":"002100002F2030069","BUILDING_ID":"002100002","FLOOR_ID":"002100002F20","POI_ID":"002100002F2030069","NAME":null,"CATEGORY_ID":25146,"COLOR":25146,"FLOOR_INDEX":20,"FLOOR_NAME":"F20"},"geometry":{"x":13523035.812399998,"y":3662107.7018000036}},{"attributes":{"OBJECTID":365,"GEO_ID":"002100002F2030070","BUILDING_ID":"002100002","FLOOR_ID":"002100002F20","POI_ID":"002100002F2030070","NAME":null,"CATEGORY_ID":25146,"COLOR":25146,"FLOOR_INDEX":20,"FLOOR_NAME":"F20"},"geometry":{"x":13523035.957199998,"y":3662107.8184999973}},{"attributes":{"OBJECTID":366,"GEO_ID":"002100002F2030071","BUILDING_ID":"002100002","FLOOR_ID":"002100002F20","POI_ID":"002100002F2030071","NAME":null,"CATEGORY_ID":25146,"COLOR":25146,"FLOOR_INDEX":20,"FLOOR_NAME":"F20"},"geometry":{"x":13522994.369000003,"y":3662126.9598999992}},{"attributes":{"OBJECTID":367,"GEO_ID":"002100002F2030072","BUILDING_ID":"002100002","FLOOR_ID":"002100002F20","POI_ID":"002100002F2030072","NAME":null,"CATEGORY_ID":25146,"COLOR":25146,"FLOOR_INDEX":20,"FLOOR_NAME":"F20"},"geometry":{"x":13522994.532499999,"y":3662126.9598999992}},{"attributes":{"OBJECTID":368,"GEO_ID":"002100002F2030073","BUILDING_ID":"002100002","FLOOR_ID":"002100002F20","POI_ID":"002100002F2030073","NAME":"4号客梯","CATEGORY_ID":25136,"COLOR":25136,"FLOOR_INDEX":20,"FLOOR_NAME":"F20"},"geometry":{"x":13523027.618000001,"y":3662115.375500001}},{"attributes":{"OBJECTID":369,"GEO_ID":"002100002F2030074","BUILDING_ID":"002100002","FLOOR_ID":"002100002F20","POI_ID":"002100002F2030074","NAME":"5号客梯","CATEGORY_ID":25136,"COLOR":25136,"FLOOR_INDEX":20,"FLOOR_NAME":"F20"},"geometry":{"x":13523027.618100002,"y":3662112.5574000031}},{"attributes":{"OBJECTID":370,"GEO_ID":"002100002F2030075","BUILDING_ID":"002100002","FLOOR_ID":"002100002F20","POI_ID":"002100002F2030075","NAME":"6号客梯","CATEGORY_ID":25136,"COLOR":25136,"FLOOR_INDEX":20,"FLOOR_NAME":"F20"},"geometry":{"x":13523027.618100002,"y":3662109.8981999978}},{"attributes":{"OBJECTID":371,"GEO_ID":"002100002F2030076","BUILDING_ID":"002100002","FLOOR_ID":"002100002F20","POI_ID":"002100002F2030076","NAME":"1号客梯","CATEGORY_ID":25136,"COLOR":25136,"FLOOR_INDEX":20,"FLOOR_NAME":"F20"},"geometry":{"x":13523033.928400002,"y":3662115.3474999964}},{"attributes":{"OBJECTID":372,"GEO_ID":"002100002F2030077","BUILDING_ID":"002100002","FLOOR_ID":"002100002F20","POI_ID":"002100002F2030077","NAME":"2号客梯","CATEGORY_ID":25136,"COLOR":25136,"FLOOR_INDEX":20,"FLOOR_NAME":"F20"},"geometry":{"x":13523033.928499997,"y":3662112.5310000032}},{"attributes":{"OBJECTID":373,"GEO_ID":"002100002F2030078","BUILDING_ID":"002100002","FLOOR_ID":"002100002F20","POI_ID":"002100002F2030078","NAME":"3号客梯","CATEGORY_ID":25136,"COLOR":25136,"FLOOR_INDEX":20,"FLOOR_NAME":"F20"},"geometry":{"x":13523033.928499997,"y":3662109.8981999978}},{"attributes":{"OBJECTID":374,"GEO_ID":"002100002F2030079","BUILDING_ID":"002100002","FLOOR_ID":"002100002F20","POI_ID":"002100002F2030079","NAME":"货梯","CATEGORY_ID":25136,"COLOR":25136,"FLOOR_INDEX":20,"FLOOR_NAME":"F20"},"geometry":{"x":13523024.787,"y":3662115.3762999997}},{"attributes":{"OBJECTID":376,"GEO_ID":"002100002F2030081","BUILDING_ID":"002100002","FLOOR_ID":"002100002F20","POI_ID":"002100002F2030081","NAME":"楼梯","CATEGORY_ID":25134,"COLOR":25134,"FLOOR_INDEX":20,"FLOOR_NAME":"F20"},"geometry":{"x":13523032.815099999,"y":3662131.0349999964}},{"attributes":{"OBJECTID":377,"GEO_ID":"002100002F2030082","BUILDING_ID":"002100002","FLOOR_ID":"002100002F20","POI_ID":"002100002F2030082","NAME":"楼梯","CATEGORY_ID":25134,"COLOR":25134,"FLOOR_INDEX":20,"FLOOR_NAME":"F20"},"geometry":{"x":13523020.040100001,"y":3662110.8693000004}},{"attributes":{"OBJECTID":378,"GEO_ID":"002100002F2030083","BUILDING_ID":"002100002","FLOOR_ID":"002100002F20","POI_ID":"002100002F2030083","NAME":"楼梯","CATEGORY_ID":25134,"COLOR":25134,"FLOOR_INDEX":20,"FLOOR_NAME":"F20"},"geometry":{"x":13522998.921499997,"y":3662134.1755999997}},{"attributes":{"OBJECTID":379,"GEO_ID":"002100002F2030084","BUILDING_ID":"002100002","FLOOR_ID":"002100002F20","POI_ID":"002100002F2030084","NAME":"楼梯","CATEGORY_ID":25134,"COLOR":25134,"FLOOR_INDEX":20,"FLOOR_NAME":"F20"},"geometry":{"x":13522999.269000001,"y":3662119.1184}},{"attributes":{"OBJECTID":380,"GEO_ID":"002100002F2030085","BUILDING_ID":"002100002","FLOOR_ID":"002100002F20","POI_ID":"002100002F2030085","NAME":"楼梯","CATEGORY_ID":25134,"COLOR":25134,"FLOOR_INDEX":20,"FLOOR_NAME":"F20"},"geometry":{"x":13523062.435099997,"y":3662119.1295000017}},{"attributes":{"OBJECTID":381,"GEO_ID":"002100002F2030086","BUILDING_ID":"002100002","FLOOR_ID":"002100002F20","POI_ID":"002100002F2030086","NAME":"男卫生间","CATEGORY_ID":25075,"COLOR":25075,"FLOOR_INDEX":20,"FLOOR_NAME":"F20"},"geometry":{"x":13523041.836000003,"y":3662113.0460999981}},{"attributes":{"OBJECTID":382,"GEO_ID":"002100002F2030087","BUILDING_ID":"002100002","FLOOR_ID":"002100002F20","POI_ID":"002100002F2030087","NAME":"女卫生间","CATEGORY_ID":25133,"COLOR":25133,"FLOOR_INDEX":20,"FLOOR_NAME":"F20"},"geometry":{"x":13523038.864799999,"y":3662106.253200002}},{"attributes":{"OBJECTID":383,"GEO_ID":"002100002F2030088","BUILDING_ID":"002100002","FLOOR_ID":"002100002F20","POI_ID":"002100002F2030088","NAME":"男卫生间","CATEGORY_ID":25075,"COLOR":25075,"FLOOR_INDEX":20,"FLOOR_NAME":"F20"},"geometry":{"x":13522996.825900003,"y":3662125.0751999989}},{"attributes":{"OBJECTID":384,"GEO_ID":"002100002F2030089","BUILDING_ID":"002100002","FLOOR_ID":"002100002F20","POI_ID":"002100002F2030089","NAME":"女卫生间","CATEGORY_ID":25133,"COLOR":25133,"FLOOR_INDEX":20,"FLOOR_NAME":"F20"},"geometry":{"x":13522996.857299998,"y":3662128.8743999973}}]}