{
    "MapInfo": [


               {
                "cityID":"0021",
                "buildingID":"002100002",
                "mapID":"002100002B01",
                "floorName":"B1",
                "floorIndex":"-1",
                "size_x":"109.22",
                "size_y":"79.375",
                "initAngle":"70.0",
                "xmax":"13523079.638",
                "xmin":"13522970.418",
                "ymax":"3662155.458",
                "ymin":"3662076.083"
                },
                {
                "cityID":"0021",
                "buildingID":"002100002",
                "mapID":"002100002F01",
                "floorName":"F1",
                "floorIndex":"1",
                "size_x":"109.22",
                "size_y":"74.507",
                "initAngle":"70.0",
                "xmax":"13523079.638",
                "xmin":"13522970.418",
                "ymax":"3662155.458",
                "ymin":"3662080.951"

                },
                {
                "cityID":"0021",
                "buildingID":"002100002",
                "mapID":"002100002F13",
                "floorName":"F13",
                "floorIndex":"13",
                "size_x":"50.8",
                "size_y":"44.661",
                "initAngle":"70.0",
                "xmax":"13523050.428",
                "xmin":"13522999.628",
                "ymax":"3662142.969",
                "ymin":"3662098.308"
                },
                {
                "cityID":"0021",
                "buildingID":"002100002",
                "mapID":"002100002F19",
                "floorName":"F19",
                "floorIndex":"19",
                "size_x":"98.637",
                "size_y":"44.661",
                "initAngle":"70.0",
                "xmax":"13523069.901",
                "xmin":"13522971.264",
                "ymax":"3662142.969",
                "ymin":"3662098.308"
                },              
                {
                "cityID":"0021",
                "buildingID":"002100002",
                "mapID":"002100002F20",
                "floorName":"F20",
                "floorIndex":"20",
                "size_x":"98.637",
                "size_y":"44.661",
                "initAngle":"70.0",
                "xmax":"13523069.901",
                "xmin":"13522971.264",
                "ymax":"3662142.969",
                "ymin":"3662098.308"
                }


                
                ]

}