{"displayFieldName":"","fieldAliases":{"OBJECTID":"OBJECTID","SHAPE_Length":"SHAPE_Length","SHAPE_Area":"SHAPE_Area","GEO_ID":"GEO_ID","BUILDING_ID":"BUILDING_ID","FLOOR_ID":"FLOOR_ID","POI_ID":"POI_ID","NAME":"NAME","CATEGORY_ID":"CATEGORY_ID","COLOR":"COLOR","ADDRESS":"ADDRESS","FLOOR_INDEX":"FLOOR_INDEX","FLOOR_NAME":"FLOOR_NAME"},"geometryType":"esriGeometryPolygon","spatialReference":{"wkid":3395,"latestWkid":3395},"fields":[{"name":"OBJECTID","type":"esriFieldTypeOID","alias":"OBJECTID"},{"name":"SHAPE_Length","type":"esriFieldTypeDouble","alias":"SHAPE_Length"},{"name":"SHAPE_Area","type":"esriFieldTypeDouble","alias":"SHAPE_Area"},{"name":"GEO_ID","type":"esriFieldTypeString","alias":"GEO_ID","length":50},{"name":"BUILDING_ID","type":"esriFieldTypeString","alias":"BUILDING_ID","length":50},{"name":"FLOOR_ID","type":"esriFieldTypeString","alias":"FLOOR_ID","length":50},{"name":"POI_ID","type":"esriFieldTypeString","alias":"POI_ID","length":50},{"name":"NAME","type":"esriFieldTypeString","alias":"NAME","length":50},{"name":"CATEGORY_ID","type":"esriFieldTypeSmallInteger","alias":"CATEGORY_ID"},{"name":"COLOR","type":"esriFieldTypeSmallInteger","alias":"COLOR"},{"name":"ADDRESS","type":"esriFieldTypeString","alias":"ADDRESS","length":50},{"name":"FLOOR_INDEX","type":"esriFieldTypeSmallInteger","alias":"FLOOR_INDEX"},{"name":"FLOOR_NAME","type":"esriFieldTypeString","alias":"FLOOR_NAME","length":50}],"features":[{"attributes":{"OBJECTID":10,"SHAPE_Length":52.800000000745058,"SHAPE_Area":159.80000000633299,"GEO_ID":"002100001F0400001","BUILDING_ID":"002100001","FLOOR_ID":"002100001F04","POI_ID":"002100001F0400001","NAME":"上海云图实践能源科技有限公司","CATEGORY_ID":2100,"COLOR":0,"ADDRESS":"上海市黄浦区蒙自路169号智造局一期1号楼401室","FLOOR_INDEX":4,"FLOOR_NAME":"F4"},"geometry":{"rings":[[[-16368302.604800001,420.93169999867678],[-16368293.2048,420.93169999867678],[-16368293.2048,403.93169999867678],[-16368302.604800001,403.93169999867678],[-16368302.604800001,420.93169999867678]]]}}]}