{"displayFieldName":"","fieldAliases":{"OBJECTID":"OBJECTID","GEO_ID":"GEO_ID","BUILDING_ID":"BUILDING_ID","FLOOR_ID":"FLOOR_ID","POI_ID":"POI_ID","NAME":"NAME","CATEGORY_ID":"CATEGORY_ID","COLOR":"COLOR","FLOOR_INDEX":"FLOOR_INDEX","FLOOR_NAME":"FLOOR_NAME"},"geometryType":"esriGeometryPoint","spatialReference":{"wkid":3395,"latestWkid":3395},"fields":[{"name":"OBJECTID","type":"esriFieldTypeOID","alias":"OBJECTID"},{"name":"GEO_ID","type":"esriFieldTypeString","alias":"GEO_ID","length":50},{"name":"BUILDING_ID","type":"esriFieldTypeString","alias":"BUILDING_ID","length":50},{"name":"FLOOR_ID","type":"esriFieldTypeString","alias":"FLOOR_ID","length":50},{"name":"POI_ID","type":"esriFieldTypeString","alias":"POI_ID","length":50},{"name":"NAME","type":"esriFieldTypeString","alias":"NAME","length":50},{"name":"CATEGORY_ID","type":"esriFieldTypeSmallInteger","alias":"CATEGORY_ID"},{"name":"COLOR","type":"esriFieldTypeSmallInteger","alias":"COLOR"},{"name":"FLOOR_INDEX","type":"esriFieldTypeSmallInteger","alias":"FLOOR_INDEX"},{"name":"FLOOR_NAME","type":"esriFieldTypeString","alias":"FLOOR_NAME","length":50}],"features":[{"attributes":{"OBJECTID":1,"GEO_ID":"002100001F0420001","BUILDING_ID":"002100001","FLOOR_ID":"002100001F04","POI_ID":"002100001F0420001","NAME":null,"CATEGORY_ID":25146,"COLOR":2,"FLOOR_INDEX":4,"FLOOR_NAME":"F4"},"geometry":{"x":-16368297.9342,"y":406.93169999867678}},{"attributes":{"OBJECTID":2,"GEO_ID":"002100001F0420002","BUILDING_ID":"002100001","FLOOR_ID":"002100001F04","POI_ID":"002100001F0420002","NAME":null,"CATEGORY_ID":25146,"COLOR":2,"FLOOR_INDEX":4,"FLOOR_NAME":"F4"},"geometry":{"x":-16368295.4366,"y":406.93169999867678}},{"attributes":{"OBJECTID":3,"GEO_ID":"002100001F0420003","BUILDING_ID":"002100001","FLOOR_ID":"002100001F04","POI_ID":"002100001F0420003","NAME":null,"CATEGORY_ID":25140,"COLOR":1,"FLOOR_INDEX":4,"FLOOR_NAME":"F4"},"geometry":{"x":-16368293.2048,"y":416.88549999892712}},{"attributes":{"OBJECTID":4,"GEO_ID":"002100001F0420004","BUILDING_ID":"002100001","FLOOR_ID":"002100001F04","POI_ID":"002100001F0420004","NAME":null,"CATEGORY_ID":25146,"COLOR":2,"FLOOR_INDEX":4,"FLOOR_NAME":"F4"},"geometry":{"x":-16368297.733200001,"y":418.23169999942183}},{"attributes":{"OBJECTID":5,"GEO_ID":"002100001F0420005","BUILDING_ID":"002100001","FLOOR_ID":"002100001F04","POI_ID":"002100001F0420005","NAME":null,"CATEGORY_ID":25146,"COLOR":2,"FLOOR_INDEX":4,"FLOOR_NAME":"F4"},"geometry":{"x":-16368298.2048,"y":415.77419999986887}},{"attributes":{"OBJECTID":6,"GEO_ID":"002100001F0420006","BUILDING_ID":"002100001","FLOOR_ID":"002100001F04","POI_ID":"002100001F0420006","NAME":null,"CATEGORY_ID":25146,"COLOR":2,"FLOOR_INDEX":4,"FLOOR_NAME":"F4"},"geometry":{"x":-16368295.034399999,"y":418.23169999942183}}]}