{"displayFieldName":"","fieldAliases":{"OBJECTID":"OBJECTID","GEO_ID":"GEO_ID","BUILDING_ID":"BUILDING_ID","FLOOR_ID":"FLOOR_ID","POI_ID":"POI_ID","NAME":"NAME","CATEGORY_ID":"CATEGORY_ID","COLOR":"COLOR","ROOMNUM":"ROOMNUM","SHAPE_Length":"SHAPE_Length","SHAPE_Area":"SHAPE_Area","FLOOR_INDEX":"FLOOR_INDEX","FLOOR_NAME":"FLOOR_NAME"},"geometryType":"esriGeometryPolygon","spatialReference":{"wkid":3395,"latestWkid":3395},"fields":[{"name":"OBJECTID","type":"esriFieldTypeOID","alias":"OBJECTID"},{"name":"GEO_ID","type":"esriFieldTypeString","alias":"GEO_ID","length":50},{"name":"BUILDING_ID","type":"esriFieldTypeString","alias":"BUILDING_ID","length":50},{"name":"FLOOR_ID","type":"esriFieldTypeString","alias":"FLOOR_ID","length":50},{"name":"POI_ID","type":"esriFieldTypeString","alias":"POI_ID","length":50},{"name":"NAME","type":"esriFieldTypeString","alias":"NAME","length":50},{"name":"CATEGORY_ID","type":"esriFieldTypeSmallInteger","alias":"CATEGORY_ID"},{"name":"COLOR","type":"esriFieldTypeSmallInteger","alias":"COLOR"},{"name":"ROOMNUM","type":"esriFieldTypeString","alias":"ROOMNUM","length":50},{"name":"SHAPE_Length","type":"esriFieldTypeDouble","alias":"SHAPE_Length"},{"name":"SHAPE_Area","type":"esriFieldTypeDouble","alias":"SHAPE_Area"},{"name":"FLOOR_INDEX","type":"esriFieldTypeSmallInteger","alias":"FLOOR_INDEX"},{"name":"FLOOR_NAME","type":"esriFieldTypeString","alias":"FLOOR_NAME","length":50}],"features":[{"attributes":{"OBJECTID":212,"GEO_ID":"002100001F0440001","BUILDING_ID":"002100001","FLOOR_ID":"002100001F04","POI_ID":"002100001F0400001","NAME":"办公区域","CATEGORY_ID":2100,"COLOR":0,"ROOMNUM":"401","SHAPE_Length":41.400000002235174,"SHAPE_Area":93.460000016689307,"FLOOR_INDEX":4,"FLOOR_NAME":"F4"},"geometry":{"rings":[[[-16368302.604800001,415.33170000091195],[-16368298.2048,415.33170000091195],[-16368298.2048,418.23169999942183],[-16368293.2048,418.23169999942183],[-16368293.2048,406.93169999867678],[-16368302.604800001,406.93169999867678],[-16368302.604800001,415.33170000091195]]]}},{"attributes":{"OBJECTID":218,"GEO_ID":"002100001F0410001","BUILDING_ID":"002100001","FLOOR_ID":"002100001F04","POI_ID":"002100001F0410001","NAME":"人力资源办公室","CATEGORY_ID":27001,"COLOR":1,"ROOMNUM":null,"SHAPE_Length":16.400000002235174,"SHAPE_Area":15.600000003352761,"FLOOR_INDEX":4,"FLOOR_NAME":"F4"},"geometry":{"rings":[[[-16368297.4048,403.93169999867678],[-16368302.604800001,403.93169999867678],[-16368302.604800001,406.93169999867678],[-16368297.4048,406.93169999867678],[-16368297.4048,403.93169999867678]]]}},{"attributes":{"OBJECTID":219,"GEO_ID":"002100001F0410002","BUILDING_ID":"002100001","FLOOR_ID":"002100001F04","POI_ID":"002100001F0410002","NAME":"孙总办公室","CATEGORY_ID":27001,"COLOR":1,"ROOMNUM":null,"SHAPE_Length":14.399999998509884,"SHAPE_Area":12.599999997764826,"FLOOR_INDEX":4,"FLOOR_NAME":"F4"},"geometry":{"rings":[[[-16368297.2048,403.93169999867678],[-16368297.4048,403.93169999867678],[-16368297.4048,406.93169999867678],[-16368293.2048,406.93169999867678],[-16368293.2048,403.93169999867678],[-16368297.2048,403.93169999867678]]]}},{"attributes":{"OBJECTID":220,"GEO_ID":"002100001F0410016","BUILDING_ID":"002100001","FLOOR_ID":"002100001F04","POI_ID":"002100001F0410016","NAME":"会议室","CATEGORY_ID":15035,"COLOR":1,"ROOMNUM":null,"SHAPE_Length":19.99999999627471,"SHAPE_Area":24.639999992251397,"FLOOR_INDEX":4,"FLOOR_NAME":"F4"},"geometry":{"rings":[[[-16368298.2048,415.33170000091195],[-16368302.604800001,415.33170000091195],[-16368302.604800001,420.93169999867678],[-16368298.2048,420.93169999867678],[-16368298.2048,415.33170000091195]]]}},{"attributes":{"OBJECTID":221,"GEO_ID":"002100001F0410017","BUILDING_ID":"002100001","FLOOR_ID":"002100001F04","POI_ID":"002100001F0410017","NAME":"财务室","CATEGORY_ID":27001,"COLOR":1,"ROOMNUM":null,"SHAPE_Length":10.599999997764826,"SHAPE_Area":7.0199999970570204,"FLOOR_INDEX":4,"FLOOR_NAME":"F4"},"geometry":{"rings":[[[-16368295.604800001,418.23169999942183],[-16368298.2048,418.23169999942183],[-16368298.2048,420.93169999867678],[-16368295.604800001,420.93169999867678],[-16368295.604800001,418.23169999942183]]]}},{"attributes":{"OBJECTID":222,"GEO_ID":"002100001F0410018","BUILDING_ID":"002100001","FLOOR_ID":"002100001F04","POI_ID":"002100001F0410018","NAME":"机房","CATEGORY_ID":27001,"COLOR":1,"ROOMNUM":null,"SHAPE_Length":10.199999999254942,"SHAPE_Area":6.4799999992176893,"FLOOR_INDEX":4,"FLOOR_NAME":"F4"},"geometry":{"rings":[[[-16368295.604800001,418.23169999942183],[-16368295.604800001,420.93169999867678],[-16368293.2048,420.93169999867678],[-16368293.2048,418.23169999942183],[-16368295.604800001,418.23169999942183]]]}}]}