{"displayFieldName":"","fieldAliases":{"OBJECTID":"OBJECTID","GEO_ID":"GEO_ID","BUILDING_ID":"BUILDING_ID","FLOOR_ID":"FLOOR_ID","POI_ID":"POI_ID","NAME":"NAME","CATEGORY_ID":"CATEGORY_ID","COLOR":"COLOR","ROOMNUM":"ROOMNUM","ORIG_FID":"ORIG_FID","FLOOR_INDEX":"FLOOR_INDEX","FLOOR_NAME":"FLOOR_NAME"},"geometryType":"esriGeometryPoint","spatialReference":{"wkid":3395,"latestWkid":3395},"fields":[{"name":"OBJECTID","type":"esriFieldTypeOID","alias":"OBJECTID"},{"name":"GEO_ID","type":"esriFieldTypeString","alias":"GEO_ID","length":50},{"name":"BUILDING_ID","type":"esriFieldTypeString","alias":"BUILDING_ID","length":50},{"name":"FLOOR_ID","type":"esriFieldTypeString","alias":"FLOOR_ID","length":50},{"name":"POI_ID","type":"esriFieldTypeString","alias":"POI_ID","length":50},{"name":"NAME","type":"esriFieldTypeString","alias":"NAME","length":50},{"name":"CATEGORY_ID","type":"esriFieldTypeSmallInteger","alias":"CATEGORY_ID"},{"name":"COLOR","type":"esriFieldTypeSmallInteger","alias":"COLOR"},{"name":"ROOMNUM","type":"esriFieldTypeString","alias":"ROOMNUM","length":50},{"name":"ORIG_FID","type":"esriFieldTypeInteger","alias":"ORIG_FID"},{"name":"FLOOR_INDEX","type":"esriFieldTypeSmallInteger","alias":"FLOOR_INDEX"},{"name":"FLOOR_NAME","type":"esriFieldTypeString","alias":"FLOOR_NAME","length":50}],"features":[{"attributes":{"OBJECTID":1,"GEO_ID":"002100001F0410001","BUILDING_ID":"002100001","FLOOR_ID":"002100001F04","POI_ID":"002100001F0410001","NAME":"人力资源办公室","CATEGORY_ID":27001,"COLOR":1,"ROOMNUM":null,"ORIG_FID":100,"FLOOR_INDEX":4,"FLOOR_NAME":"F4"},"geometry":{"x":-16368300.004799999,"y":405.43169999867678}},{"attributes":{"OBJECTID":2,"GEO_ID":"002100001F0410002","BUILDING_ID":"002100001","FLOOR_ID":"002100001F04","POI_ID":"002100001F0410002","NAME":"孙总办公室","CATEGORY_ID":27001,"COLOR":1,"ROOMNUM":null,"ORIG_FID":101,"FLOOR_INDEX":4,"FLOOR_NAME":"F4"},"geometry":{"x":-16368295.3048,"y":405.43169999867678}},{"attributes":{"OBJECTID":3,"GEO_ID":"002100001F0410003","BUILDING_ID":"002100001","FLOOR_ID":"002100001F04","POI_ID":"002100001F0410003","NAME":"初洪涛","CATEGORY_ID":27002,"COLOR":2,"ROOMNUM":null,"ORIG_FID":103,"FLOOR_INDEX":4,"FLOOR_NAME":"F4"},"geometry":{"x":-16368300.3048,"y":409.33170000091195}},{"attributes":{"OBJECTID":6,"GEO_ID":"002100001F0410006","BUILDING_ID":"002100001","FLOOR_ID":"002100001F04","POI_ID":"002100001F0410006","NAME":"王冬雪","CATEGORY_ID":27002,"COLOR":2,"ROOMNUM":null,"ORIG_FID":114,"FLOOR_INDEX":4,"FLOOR_NAME":"F4"},"geometry":{"x":-16368301.504799999,"y":409.33170000091195}},{"attributes":{"OBJECTID":7,"GEO_ID":"002100001F0410007","BUILDING_ID":"002100001","FLOOR_ID":"002100001F04","POI_ID":"002100001F0410007","NAME":"于小敏","CATEGORY_ID":27002,"COLOR":2,"ROOMNUM":null,"ORIG_FID":115,"FLOOR_INDEX":4,"FLOOR_NAME":"F4"},"geometry":{"x":-16368299.104800001,"y":409.33170000091195}},{"attributes":{"OBJECTID":11,"GEO_ID":"002100001F0410011","BUILDING_ID":"002100001","FLOOR_ID":"002100001F04","POI_ID":"002100001F0410011","NAME":"吴恩扬","CATEGORY_ID":27002,"COLOR":2,"ROOMNUM":null,"ORIG_FID":124,"FLOOR_INDEX":4,"FLOOR_NAME":"F4"},"geometry":{"x":-16368300.3048,"y":412.23169999942183}},{"attributes":{"OBJECTID":12,"GEO_ID":"002100001F0410012","BUILDING_ID":"002100001","FLOOR_ID":"002100001F04","POI_ID":"002100001F0410012","NAME":"卢毅","CATEGORY_ID":27002,"COLOR":2,"ROOMNUM":null,"ORIG_FID":125,"FLOOR_INDEX":4,"FLOOR_NAME":"F4"},"geometry":{"x":-16368301.504799999,"y":412.23169999942183}},{"attributes":{"OBJECTID":13,"GEO_ID":"002100001F0410013","BUILDING_ID":"002100001","FLOOR_ID":"002100001F04","POI_ID":"002100001F0410013","NAME":"姚剑锋","CATEGORY_ID":27002,"COLOR":2,"ROOMNUM":null,"ORIG_FID":126,"FLOOR_INDEX":4,"FLOOR_NAME":"F4"},"geometry":{"x":-16368299.104800001,"y":412.23169999942183}},{"attributes":{"OBJECTID":16,"GEO_ID":"002100001F0410016","BUILDING_ID":"002100001","FLOOR_ID":"002100001F04","POI_ID":"002100001F0410016","NAME":"会议室","CATEGORY_ID":15035,"COLOR":1,"ROOMNUM":null,"ORIG_FID":129,"FLOOR_INDEX":4,"FLOOR_NAME":"F4"},"geometry":{"x":-16368300.4048,"y":418.13170000165701}},{"attributes":{"OBJECTID":17,"GEO_ID":"002100001F0410017","BUILDING_ID":"002100001","FLOOR_ID":"002100001F04","POI_ID":"002100001F0410017","NAME":"财务室","CATEGORY_ID":27001,"COLOR":1,"ROOMNUM":null,"ORIG_FID":130,"FLOOR_INDEX":4,"FLOOR_NAME":"F4"},"geometry":{"x":-16368296.9048,"y":419.58170000091195}},{"attributes":{"OBJECTID":18,"GEO_ID":"002100001F0410018","BUILDING_ID":"002100001","FLOOR_ID":"002100001F04","POI_ID":"002100001F0410018","NAME":"机房","CATEGORY_ID":27001,"COLOR":1,"ROOMNUM":null,"ORIG_FID":131,"FLOOR_INDEX":4,"FLOOR_NAME":"F4"},"geometry":{"x":-16368294.4048,"y":419.58170000091195}},{"attributes":{"OBJECTID":50,"GEO_ID":"002100001F0410050","BUILDING_ID":"002100001","FLOOR_ID":"002100001F04","POI_ID":"002100001F0410050","NAME":"孙勇","CATEGORY_ID":27002,"COLOR":2,"ROOMNUM":null,"ORIG_FID":165,"FLOOR_INDEX":4,"FLOOR_NAME":"F4"},"geometry":{"x":-16368294.929400001,"y":404.83170000091195}},{"attributes":{"OBJECTID":51,"GEO_ID":"002100001F0410051","BUILDING_ID":"002100001","FLOOR_ID":"002100001F04","POI_ID":"002100001F0410051","NAME":"吴蔚琴","CATEGORY_ID":27002,"COLOR":2,"ROOMNUM":null,"ORIG_FID":166,"FLOOR_INDEX":4,"FLOOR_NAME":"F4"},"geometry":{"x":-16368299.167300001,"y":405.05710000172257}},{"attributes":{"OBJECTID":52,"GEO_ID":"002100001F0410052","BUILDING_ID":"002100001","FLOOR_ID":"002100001F04","POI_ID":"002100001F0410052","NAME":"孙雯瑾","CATEGORY_ID":27002,"COLOR":2,"ROOMNUM":null,"ORIG_FID":167,"FLOOR_INDEX":4,"FLOOR_NAME":"F4"},"geometry":{"x":-16368300.3673,"y":405.05710000172257}},{"attributes":{"OBJECTID":53,"GEO_ID":"002100001F0410053","BUILDING_ID":"002100001","FLOOR_ID":"002100001F04","POI_ID":"002100001F0410053","NAME":"孙超","CATEGORY_ID":27002,"COLOR":2,"ROOMNUM":null,"ORIG_FID":170,"FLOOR_INDEX":4,"FLOOR_NAME":"F4"},"geometry":{"x":-16368301.2673,"y":405.33210000023246}},{"attributes":{"OBJECTID":58,"GEO_ID":"002100001F0410058","BUILDING_ID":"002100001","FLOOR_ID":"002100001F04","POI_ID":"002100001F0410058","NAME":"任凤羽","CATEGORY_ID":27002,"COLOR":2,"ROOMNUM":null,"ORIG_FID":176,"FLOOR_INDEX":4,"FLOOR_NAME":"F4"},"geometry":{"x":-16368296.2048,"y":419.42159999907017}},{"attributes":{"OBJECTID":72,"GEO_ID":"002100001F0410072","BUILDING_ID":"002100001","FLOOR_ID":"002100001F04","POI_ID":"002100001F0410072","NAME":"文件柜","CATEGORY_ID":23000,"COLOR":5,"ROOMNUM":null,"ORIG_FID":190,"FLOOR_INDEX":4,"FLOOR_NAME":"F4"},"geometry":{"x":-16368297.604800001,"y":404.35669999942183}},{"attributes":{"OBJECTID":74,"GEO_ID":"002100001F0410074","BUILDING_ID":"002100001","FLOOR_ID":"002100001F04","POI_ID":"002100001F0410074","NAME":"沃亚男","CATEGORY_ID":27002,"COLOR":2,"ROOMNUM":null,"ORIG_FID":192,"FLOOR_INDEX":4,"FLOOR_NAME":"F4"},"geometry":{"x":-16368300.3048,"y":412.83170000091195}},{"attributes":{"OBJECTID":75,"GEO_ID":"002100001F0410075","BUILDING_ID":"002100001","FLOOR_ID":"002100001F04","POI_ID":"002100001F0410075","NAME":"韩月季","CATEGORY_ID":27002,"COLOR":2,"ROOMNUM":null,"ORIG_FID":193,"FLOOR_INDEX":4,"FLOOR_NAME":"F4"},"geometry":{"x":-16368301.504799999,"y":412.83170000091195}},{"attributes":{"OBJECTID":76,"GEO_ID":"002100001F0410076","BUILDING_ID":"002100001","FLOOR_ID":"002100001F04","POI_ID":"002100001F0410076","NAME":"温昌烜","CATEGORY_ID":27002,"COLOR":2,"ROOMNUM":null,"ORIG_FID":194,"FLOOR_INDEX":4,"FLOOR_NAME":"F4"},"geometry":{"x":-16368299.104800001,"y":412.83170000091195}},{"attributes":{"OBJECTID":79,"GEO_ID":"002100001F0410079","BUILDING_ID":"002100001","FLOOR_ID":"002100001F04","POI_ID":"002100001F0410079","NAME":"陈波","CATEGORY_ID":27002,"COLOR":2,"ROOMNUM":null,"ORIG_FID":197,"FLOOR_INDEX":4,"FLOOR_NAME":"F4"},"geometry":{"x":-16368300.3048,"y":409.93169999867678}},{"attributes":{"OBJECTID":81,"GEO_ID":"002100001F0410081","BUILDING_ID":"002100001","FLOOR_ID":"002100001F04","POI_ID":"002100001F0410081","NAME":"吴鹏","CATEGORY_ID":27002,"COLOR":2,"ROOMNUM":null,"ORIG_FID":199,"FLOOR_INDEX":4,"FLOOR_NAME":"F4"},"geometry":{"x":-16368301.504799999,"y":409.93169999867678}},{"attributes":{"OBJECTID":82,"GEO_ID":"002100001F0410082","BUILDING_ID":"002100001","FLOOR_ID":"002100001F04","POI_ID":"002100001F0410082","NAME":"胡斌","CATEGORY_ID":27002,"COLOR":2,"ROOMNUM":null,"ORIG_FID":200,"FLOOR_INDEX":4,"FLOOR_NAME":"F4"},"geometry":{"x":-16368299.104800001,"y":409.93169999867678}},{"attributes":{"OBJECTID":86,"GEO_ID":"002100001F0410086","BUILDING_ID":"002100001","FLOOR_ID":"002100001F04","POI_ID":"002100001F0410086","NAME":"李艳娜","CATEGORY_ID":27002,"COLOR":2,"ROOMNUM":null,"ORIG_FID":204,"FLOOR_INDEX":4,"FLOOR_NAME":"F4"},"geometry":{"x":-16368300.3673,"y":405.60709999874234}},{"attributes":{"OBJECTID":87,"GEO_ID":"002100001F0410087","BUILDING_ID":"002100001","FLOOR_ID":"002100001F04","POI_ID":"002100001F0410087","NAME":"文件柜","CATEGORY_ID":23000,"COLOR":5,"ROOMNUM":null,"ORIG_FID":205,"FLOOR_INDEX":4,"FLOOR_NAME":"F4"},"geometry":{"x":-16368297.2048,"y":405.21799999848008}},{"attributes":{"OBJECTID":88,"GEO_ID":"002100001F0410088","BUILDING_ID":"002100001","FLOOR_ID":"002100001F04","POI_ID":"002100001F0410088","NAME":"文件柜","CATEGORY_ID":23000,"COLOR":5,"ROOMNUM":null,"ORIG_FID":206,"FLOOR_INDEX":4,"FLOOR_NAME":"F4"},"geometry":{"x":-16368298.004799999,"y":420.50670000165701}},{"attributes":{"OBJECTID":89,"GEO_ID":"002100001F0410089","BUILDING_ID":"002100001","FLOOR_ID":"002100001F04","POI_ID":"002100001F0410089","NAME":"冰箱","CATEGORY_ID":23000,"COLOR":6,"ROOMNUM":null,"ORIG_FID":207,"FLOOR_INDEX":4,"FLOOR_NAME":"F4"},"geometry":{"x":-16368295.989800001,"y":417.8429000005126}},{"attributes":{"OBJECTID":91,"GEO_ID":"002100001F0410091","BUILDING_ID":"002100001","FLOOR_ID":"002100001F04","POI_ID":"002100001F0410091","NAME":"饮水机","CATEGORY_ID":23000,"COLOR":9,"ROOMNUM":null,"ORIG_FID":209,"FLOOR_INDEX":4,"FLOOR_NAME":"F4"},"geometry":{"x":-16368295.865,"y":416.03860000148416}},{"attributes":{"OBJECTID":92,"GEO_ID":"002100001F0410092","BUILDING_ID":"002100001","FLOOR_ID":"002100001F04","POI_ID":"002100001F0410092","NAME":"微波炉","CATEGORY_ID":23000,"COLOR":7,"ROOMNUM":null,"ORIG_FID":210,"FLOOR_INDEX":4,"FLOOR_NAME":"F4"},"geometry":{"x":-16368295.9047,"y":417.2292999997735}},{"attributes":{"OBJECTID":93,"GEO_ID":"002100001F0410093","BUILDING_ID":"002100001","FLOOR_ID":"002100001F04","POI_ID":"002100001F0410093","NAME":"打印机","CATEGORY_ID":23000,"COLOR":8,"ROOMNUM":null,"ORIG_FID":211,"FLOOR_INDEX":4,"FLOOR_NAME":"F4"},"geometry":{"x":-16368295.9047,"y":416.76889999955893}},{"attributes":{"OBJECTID":94,"GEO_ID":"002100001F0440001","BUILDING_ID":"002100001","FLOOR_ID":"002100001F04","POI_ID":"002100001F0440001","NAME":"办公区域","CATEGORY_ID":2100,"COLOR":0,"ROOMNUM":null,"ORIG_FID":null,"FLOOR_INDEX":4,"FLOOR_NAME":"F4"},"geometry":{"x":-16368297.8588,"y":412.55840000137687}}]}