{
    "MapInfo": [
                {
                "cityID":"0021",
                "buildingID":"002100001",
                "mapID":"002100001F04",
                "floorName":"F4",
                "floorIndex":"4",
                "size_x":"10.753",
                "size_y":"18.344",
                "initAngle":"-70.0",
                "xmax":"-16368292.627",
                "xmin":"-16368303.380",
                "ymax":"421.663",
                "ymin":"403.319"
                }                
                ]

}