{"displayFieldName":"","fieldAliases":{"OBJECTID":"OBJECTID","GEO_ID":"GEO_ID","BUILDING_ID":"BUILDING_ID","FLOOR_ID":"FLOOR_ID","POI_ID":"POI_ID","NAME":"NAME","CATEGORY_ID":"CATEGORY_ID","COLOR":"COLOR","FLOOR_INDEX":"FLOOR_INDEX","FLOOR_NAME":"FLOOR_NAME"},"geometryType":"esriGeometryPoint","spatialReference":{"wkid":3395,"latestWkid":3395},"fields":[{"name":"OBJECTID","type":"esriFieldTypeOID","alias":"OBJECTID"},{"name":"GEO_ID","type":"esriFieldTypeString","alias":"GEO_ID","length":50},{"name":"BUILDING_ID","type":"esriFieldTypeString","alias":"BUILDING_ID","length":50},{"name":"FLOOR_ID","type":"esriFieldTypeString","alias":"FLOOR_ID","length":50},{"name":"POI_ID","type":"esriFieldTypeString","alias":"POI_ID","length":50},{"name":"NAME","type":"esriFieldTypeString","alias":"NAME","length":50},{"name":"CATEGORY_ID","type":"esriFieldTypeSmallInteger","alias":"CATEGORY_ID"},{"name":"COLOR","type":"esriFieldTypeSmallInteger","alias":"COLOR"},{"name":"FLOOR_INDEX","type":"esriFieldTypeSmallInteger","alias":"FLOOR_INDEX"},{"name":"FLOOR_NAME","type":"esriFieldTypeString","alias":"FLOOR_NAME","length":50}],"features":[]}